ddq_id,source,source_no,domain,category,question,question_type,priority,applicability,investigation_objective,required_ontology_ids,required_entities,evidence_requirement,task_template_ids,risk_rule_ids,verification_policy,answer_schema,mapping_status,mapping_confidence
DDQ.001,LEGAL_template,1,LEGAL,一、股权结构与实际控制人认定,公司实际控制人是如何认定的（单一控制人还是共同控制人）？如为共同控制，是否签有一致行动协议？该协议是否明确了意见分歧时的解决机制？,factual+analytical,P0,conditional,形成该领域可验证的投资判断,CORP.021;CORP.022;CORP.023;CORP.024;CORP.025;CORP.026;CORP.027;CORP.028;CORP.029;CORP.030,Company;Person;Shareholder;Customer;Supplier;Contract;FinancialMetric;Risk,工商登记/股权结构表；章程；股东协议/一致行动协议；历次融资协议；银行/付款凭证,T_CROSS_CHECK,,evidence_bound + source_check + cross_check_if_applicable,conclusion;key_facts;evidence_refs;confidence;unresolved_items;risks;recommended_action,seed_review,0.70
DDQ.002,LEGAL_template,2,LEGAL,一、股权结构与实际控制人认定,报告期内实际控制人是否发生过变更？是否存在因此导致报告期需要重新起算的风险？,verification,P0,always,形成该领域可验证的投资判断,CORP.021;CORP.022;CORP.023;CORP.024;CORP.025;CORP.026;CORP.027;CORP.028;CORP.029;CORP.030,Company;Person;Shareholder;Customer;Supplier;Contract;FinancialMetric;Risk,工商登记/股权结构表；章程；股东协议/一致行动协议；历次融资协议；银行/付款凭证,"T_VERIFY_DOCUMENT,T_ANALYZE",,evidence_bound + source_check + cross_check_if_applicable,conclusion;key_facts;evidence_refs;confidence;unresolved_items;risks;recommended_action,seed_review,0.70
DDQ.003,LEGAL_template,3,LEGAL,一、股权结构与实际控制人认定,公司股东中是否存在合伙企业/资管产品性质的持股平台？其是否需要办理私募基金备案？是否已完成备案或已就无需备案取得合理依据？,verification,P2,always,形成该领域可验证的投资判断,PROD.001;PROD.005;PROD.006;PROD.010;PROD.011;PROD.015;PROD.020,Company;Person;Shareholder;Customer;Supplier;Contract;FinancialMetric;Risk,工商登记/股权结构表；章程；股东协议/一致行动协议；历次融资协议；银行/付款凭证,T_VERIFY_DOCUMENT,RR.COMP.PROD.005;RR.PROD.050.001;RR.PROD.051.001,evidence_bound + source_check + cross_check_if_applicable,conclusion;key_facts;evidence_refs;confidence;unresolved_items;risks;recommended_action,seed_review,0.70
DDQ.004,LEGAL_template,4,LEGAL,一、股权结构与实际控制人认定,"是否存在临近申报期新增的股东（可能被认定为""突击入股""）？相关股东是否已就锁定期作出书面承诺？",verification,P0,always,形成该领域可验证的投资判断,CORP.012;TXN.006,Company;Person;Shareholder;Customer;Supplier;Contract;FinancialMetric;Risk,工商登记/股权结构表；章程；股东协议/一致行动协议；历次融资协议；银行/付款凭证,"T_VERIFY_DOCUMENT,T_ANALYZE",,evidence_bound + source_check + cross_check_if_applicable,conclusion;key_facts;evidence_refs;confidence;unresolved_items;risks;recommended_action,expert_reviewed,0.85
DDQ.005,LEGAL_template,5,LEGAL,一、股权结构与实际控制人认定,公司历史上的历次股权变动/融资是否存在估值明显波动或倒挂的情形？公司是否已就每次波动的合理性提供解释及支撑依据？,verification,P1,always,形成该领域可验证的投资判断,FIN.065;FIN.066;FIN.067;FIN.082;FIN.083;FIN.084;TXN.002;TXN.003;TXN.004;TXN.005;TXN.008;TXN.009;TXN.010;TXN.017;TXN.018;TXN.019;TXN.024;TXN.025;TXN.027,Company;Person;Shareholder;Customer;Supplier;Contract;FinancialMetric;Risk,工商登记/股权结构表；章程；股东协议/一致行动协议；历次融资协议；银行/付款凭证,"T_VERIFY_DOCUMENT,T_ANALYZE",RR.COMP.FIN.003;RR.COMP.TXN.006;RR.CROSS.007;RR.FIN.055.001;RR.FIN.060.001;RR.FIN.060.002;RR.TREND.001;RR.TREND.002;RR.TREND.004,evidence_bound + source_check + cross_check_if_applicable,conclusion;key_facts;evidence_refs;confidence;unresolved_items;risks;recommended_action,seed_review,0.70
DDQ.006,LEGAL_template,6,LEGAL,一、股权结构与实际控制人认定,是否存在客户、供应商或其他业务伙伴通过增资/受让股权成为股东的情形？该等入股是否涉及股份支付的会计处理？,verification,P1,always,形成该领域可验证的投资判断,CUST.001;CUST.009;CUST.011;CUST.012;CUST.013;CUST.014;CUST.015;CUST.029;CUST.030;CUST.034;SUPP.001;SUPP.003;SUPP.004;SUPP.006;SUPP.008;SUPP.010;SUPP.027;SUPP.028;SUPP.029;SUPP.030,Company;Person;Shareholder;Customer;Supplier;Contract;FinancialMetric;Risk,工商登记/股权结构表；章程；股东协议/一致行动协议；历次融资协议；银行/付款凭证,T_VERIFY_DOCUMENT,RR.COMP.CUST.001;RR.COMP.SUPP.002;RR.CROSS.003;RR.CROSS.008;RR.CUST.016.001;RR.CUST.018.001;RR.TREND.003,evidence_bound + source_check + cross_check_if_applicable,conclusion;key_facts;evidence_refs;confidence;unresolved_items;risks;recommended_action,seed_review,0.70
DDQ.007,LEGAL_template,7,LEGAL,一、股权结构与实际控制人认定,公司是否已完整提供历史股权转让的价款支付凭证及完税凭证？是否存在纳税义务未履行、需要补缴税款或面临处罚的风险？,verification,P0,always,形成该领域可验证的投资判断,LEGAL.009;LEGAL.010;LEGAL.011;LEGAL.012;LEGAL.013,Company;Person;Shareholder;Customer;Supplier;Contract;FinancialMetric;Risk,工商登记/股权结构表；章程；股东协议/一致行动协议；历次融资协议；银行/付款凭证,"T_VERIFY_DOCUMENT,T_EXTERNAL_VERIFY,T_ANALYZE",RR.CROSS.010;RR.LEGAL.039.001,evidence_bound + source_check + cross_check_if_applicable,conclusion;key_facts;evidence_refs;confidence;unresolved_items;risks;recommended_action,seed_review,0.70
DDQ.008,LEGAL_template,8,LEGAL,一、股权结构与实际控制人认定,公司注册资本是否已全部实缴？未实缴部分涉及哪些股东、金额及预计实缴时间？是否存在实缴期限超出公司章程约定的情形？,verification,P2,always,形成该领域可验证的投资判断,CORP.005;CORP.006,Company;Person;Shareholder;Customer;Supplier;Contract;FinancialMetric;Risk,工商登记/股权结构表；章程；股东协议/一致行动协议；历次融资协议；银行/付款凭证,"T_VERIFY_DOCUMENT,T_CALCULATE_METRIC",,evidence_bound + source_check + cross_check_if_applicable,conclusion;key_facts;evidence_refs;confidence;unresolved_items;risks;recommended_action,expert_reviewed,0.85
DDQ.009,LEGAL_template,9,LEGAL,二、前轮融资交割义务与代持还原,前一轮/历次融资协议中约定的交割后义务（如资产收购、制度建立、代持还原等）是否已全部完成？未完成事项的具体原因及最新进展是什么？,verification,P0,always,形成该领域可验证的投资判断,CORP.021;CORP.027;CORP.029;CORP.030;FIN.065;FIN.066;FIN.067;FIN.082;FIN.083;FIN.084;TXN.004;TXN.005;TXN.027,Company;Person;Shareholder;Customer;Supplier;Contract;FinancialMetric;Risk,工商登记/股权结构表；章程；股东协议/一致行动协议；历次融资协议；银行/付款凭证,"T_VERIFY_DOCUMENT,T_ANALYZE",RR.COMP.FIN.003;RR.COMP.TXN.006;RR.CROSS.007;RR.FIN.055.001;RR.FIN.060.001;RR.FIN.060.002;RR.TREND.001;RR.TREND.002;RR.TREND.004,evidence_bound + source_check + cross_check_if_applicable,conclusion;key_facts;evidence_refs;confidence;unresolved_items;risks;recommended_action,seed_review,0.70
DDQ.010,LEGAL_template,10,LEGAL,二、前轮融资交割义务与代持还原,若前轮交割义务未完成构成违约，相关投资人是否已书面豁免违约责任？豁免范围是否覆盖全部相关义务类型？,verification,P2,always,形成该领域可验证的投资判断,LEGAL.011;LEGAL.013,Company;Person;Shareholder;Customer;Supplier;Contract;FinancialMetric;Risk,工商登记/股权结构表；章程；股东协议/一致行动协议；历次融资协议；银行/付款凭证,T_VERIFY_DOCUMENT,,evidence_bound + source_check + cross_check_if_applicable,conclusion;key_facts;evidence_refs;confidence;unresolved_items;risks;recommended_action,expert_reviewed,0.85
DDQ.011,LEGAL_template,11,LEGAL,二、前轮融资交割义务与代持还原,公司是否存在因历史原因由他人代持的体外公司或代持股权？代持设立的商业原因是什么？目前代持还原的进展及时间表如何？,verification,P0,always,形成该领域可验证的投资判断,CORP.021;CORP.027;CORP.029;CORP.030,Company;Person;Shareholder;Customer;Supplier;Contract;FinancialMetric;Risk,工商登记/股权结构表；章程；股东协议/一致行动协议；历次融资协议；银行/付款凭证,"T_VERIFY_DOCUMENT,T_ANALYZE",,evidence_bound + source_check + cross_check_if_applicable,conclusion;key_facts;evidence_refs;confidence;unresolved_items;risks;recommended_action,seed_review,0.70
DDQ.012,LEGAL_template,12,LEGAL,二、前轮融资交割义务与代持还原,若代持还原涉及的主体同时是公司的重要客户或供应商，代持还原是否可能影响该等业务合作的持续性？公司是否已就此进行评估？,verification,P0,always,形成该领域可验证的投资判断,CORP.021;CORP.027;CORP.029;CORP.030;CUST.001;CUST.009;CUST.011;CUST.012;CUST.013;CUST.014;CUST.015;CUST.029;CUST.030;CUST.034;SUPP.001;SUPP.003;SUPP.004;SUPP.006;SUPP.008;SUPP.010;SUPP.027;SUPP.028;SUPP.029;SUPP.030,Company;Person;Shareholder;Customer;Supplier;Contract;FinancialMetric;Risk,工商登记/股权结构表；章程；股东协议/一致行动协议；历次融资协议；银行/付款凭证,"T_VERIFY_DOCUMENT,T_ANALYZE",RR.COMP.CUST.001;RR.COMP.SUPP.002;RR.CROSS.003;RR.CROSS.008;RR.CUST.016.001;RR.CUST.018.001;RR.TREND.003,evidence_bound + source_check + cross_check_if_applicable,conclusion;key_facts;evidence_refs;confidence;unresolved_items;risks;recommended_action,seed_review,0.70
DDQ.013,LEGAL_template,13,LEGAL,二、前轮融资交割义务与代持还原,代持关系是否有书面代持协议予以确认？如无书面协议，公司如何证明该代持关系及股权归属的真实性？,factual+analytical,P0,always,形成该领域可验证的投资判断,CORP.021;CORP.027;CORP.029;CORP.030,Company;Person;Shareholder;Customer;Supplier;Contract;FinancialMetric;Risk,工商登记/股权结构表；章程；股东协议/一致行动协议；历次融资协议；银行/付款凭证,T_EXTRACT_FACT,,evidence_bound + source_check + cross_check_if_applicable,conclusion;key_facts;evidence_refs;confidence;unresolved_items;risks;recommended_action,seed_review,0.70
DDQ.014,LEGAL_template,14,LEGAL,二、前轮融资交割义务与代持还原,代持还原过程中涉及的资金往来（如归还借款、支付对价）是否已实际完成？相关凭证是否齐备？,verification,P0,always,形成该领域可验证的投资判断,CORP.021;CORP.027;CORP.029;CORP.030;FIN.065;FIN.066;FIN.067;FIN.072;FIN.073;FIN.074;FIN.082;FIN.083;FIN.084,Company;Person;Shareholder;Customer;Supplier;Contract;FinancialMetric;Risk,工商登记/股权结构表；章程；股东协议/一致行动协议；历次融资协议；银行/付款凭证,T_VERIFY_DOCUMENT,RR.COMP.FIN.003;RR.CROSS.007;RR.FIN.055.001;RR.FIN.060.001;RR.FIN.060.002;RR.TREND.001;RR.TREND.002;RR.TREND.004,evidence_bound + source_check + cross_check_if_applicable,conclusion;key_facts;evidence_refs;confidence;unresolved_items;risks;recommended_action,seed_review,0.70
DDQ.015,LEGAL_template,15,LEGAL,二、前轮融资交割义务与代持还原,除已披露的代持/体外公司安排外，实际控制人是否已书面确认不存在其他未披露的关联主体或代持安排？,verification,P0,always,形成该领域可验证的投资判断,CORP.021;CORP.022;CORP.023;CORP.024;CORP.025;CORP.026;CORP.027;CORP.028;CORP.029;CORP.030;CORP.036;CORP.037;CORP.038;CORP.039;CORP.040,Company;Person;Shareholder;Customer;Supplier;Contract;FinancialMetric;Risk,工商登记/股权结构表；章程；股东协议/一致行动协议；历次融资协议；银行/付款凭证,T_VERIFY_DOCUMENT,RR.CROSS.010,evidence_bound + source_check + cross_check_if_applicable,conclusion;key_facts;evidence_refs;confidence;unresolved_items;risks;recommended_action,seed_review,0.70
DDQ.016,LEGAL_template,16,LEGAL,三、员工股权激励与股份支付,公司已实施的员工激励方案是否已经股东会、董事会审议通过？未经审议的，是否已有补充决议的计划？,verification,P2,always,形成该领域可验证的投资判断,CORP.018;MGMT.021,Company;Person;Shareholder;Customer;Supplier;Contract;FinancialMetric;Risk,工商登记/股权结构表；章程；股东协议/一致行动协议；历次融资协议；银行/付款凭证,T_VERIFY_DOCUMENT,,evidence_bound + source_check + cross_check_if_applicable,conclusion;key_facts;evidence_refs;confidence;unresolved_items;risks;recommended_action,expert_reviewed,0.85
DDQ.017,LEGAL_template,17,LEGAL,三、员工股权激励与股份支付,是否存在激励份额由他人代持的情形？代持还原的方案（新设持股平台、涉及人数及份额）及时间表是什么？,verification,P0,always,形成该领域可验证的投资判断,CORP.021;CORP.027;CORP.029;CORP.030,Company;Person;Shareholder;Customer;Supplier;Contract;FinancialMetric;Risk,工商登记/股权结构表；章程；股东协议/一致行动协议；历次融资协议；银行/付款凭证,T_VERIFY_DOCUMENT,,evidence_bound + source_check + cross_check_if_applicable,conclusion;key_facts;evidence_refs;confidence;unresolved_items;risks;recommended_action,seed_review,0.70
DDQ.018,LEGAL_template,18,LEGAL,三、员工股权激励与股份支付,"激励对象名单中是否存在无法在公司员工花名册中找到对应记录的""外部人士""？公司能否说明其身份及入股的商业合理性？",verification,P2,always,形成该领域可验证的投资判断,CORP.018;MGMT.021,Company;Person;Shareholder;Customer;Supplier;Contract;FinancialMetric;Risk,工商登记/股权结构表；章程；股东协议/一致行动协议；历次融资协议；银行/付款凭证,"T_VERIFY_DOCUMENT,T_ANALYZE",,evidence_bound + source_check + cross_check_if_applicable,conclusion;key_facts;evidence_refs;confidence;unresolved_items;risks;recommended_action,expert_reviewed,0.85
DDQ.019,LEGAL_template,19,LEGAL,三、员工股权激励与股份支付,员工取得激励股权/期权是否已按规定完成个人所得税的申报及代扣代缴？是否存在递延纳税备案不成功、需要补税的风险？,verification,P2,always,形成该领域可验证的投资判断,ESG.018;LEGAL.027,Company;Person;Shareholder;Customer;Supplier;Contract;FinancialMetric;Risk,工商登记/股权结构表；章程；股东协议/一致行动协议；历次融资协议；银行/付款凭证,"T_VERIFY_DOCUMENT,T_ANALYZE",,evidence_bound + source_check + cross_check_if_applicable,conclusion;key_facts;evidence_refs;confidence;unresolved_items;risks;recommended_action,expert_reviewed,0.85
DDQ.020,LEGAL_template,20,LEGAL,三、员工股权激励与股份支付,股份支付相关的会计处理是否已按会计准则要求确认？是否存在因历史未及时确认股份支付费用而导致报告期利润被高估的情形？,verification,P1,always,形成该领域可验证的投资判断,FIN.021;FIN.023;FIN.030;FIN.033;FIN.034,Company;Person;Shareholder;Customer;Supplier;Contract;FinancialMetric;Risk,工商登记/股权结构表；章程；股东协议/一致行动协议；历次融资协议；银行/付款凭证,T_VERIFY_DOCUMENT,RR.COMP.FIN.003;RR.CROSS.007;RR.FIN.055.001;RR.FIN.060.001;RR.FIN.060.002;RR.TREND.001;RR.TREND.002;RR.TREND.004,evidence_bound + source_check + cross_check_if_applicable,conclusion;key_facts;evidence_refs;confidence;unresolved_items;risks;recommended_action,seed_review,0.70
DDQ.021,LEGAL_template,21,LEGAL,三、员工股权激励与股份支付,未来是否存在新增或扩大员工激励规模的计划？该等计划是否会摊薄现有股东（含本轮投资人）的持股比例？是否已设置反稀释保护？,verification,P2,always,形成该领域可验证的投资判断,CORP.018;TXN.007,Company;Person;Shareholder;Customer;Supplier;Contract;FinancialMetric;Risk,工商登记/股权结构表；章程；股东协议/一致行动协议；历次融资协议；银行/付款凭证,"T_VERIFY_DOCUMENT,T_CALCULATE_METRIC",,evidence_bound + source_check + cross_check_if_applicable,conclusion;key_facts;evidence_refs;confidence;unresolved_items;risks;recommended_action,expert_reviewed,0.85
DDQ.022,LEGAL_template,22,LEGAL,三、员工股权激励与股份支付,是否存在核心创始人/高管享有特殊行权安排（如低价行权、分期行权）？其行权价格与同期市场化融资估值是否存在显著差异？,verification,P1,always,形成该领域可验证的投资判断,FIN.065;FIN.066;FIN.067;FIN.082;FIN.083;FIN.084;MKT.004;MKT.005;MKT.011;MKT.017;MKT.018;MKT.028;MKT.042;TXN.002;TXN.003;TXN.004;TXN.005;TXN.008;TXN.009;TXN.010;TXN.017;TXN.018;TXN.019;TXN.024;TXN.025;TXN.027,Company;Person;Shareholder;Customer;Supplier;Contract;FinancialMetric;Risk,工商登记/股权结构表；章程；股东协议/一致行动协议；历次融资协议；银行/付款凭证,T_VERIFY_DOCUMENT,RR.COMP.FIN.003;RR.COMP.TXN.006;RR.CROSS.007;RR.FIN.055.001;RR.FIN.060.001;RR.FIN.060.002;RR.MKT.042.001;RR.TREND.001;RR.TREND.002;RR.TREND.004,evidence_bound + source_check + cross_check_if_applicable,conclusion;key_facts;evidence_refs;confidence;unresolved_items;risks;recommended_action,seed_review,0.70
DDQ.023,LEGAL_template,23,LEGAL,四、关联交易,公司前十大客户/供应商中是否存在与公司股东、实际控制人或其亲属存在关联关系的主体？关联关系的具体认定依据是什么？,verification,P0,always,形成该领域可验证的投资判断,CORP.021;CORP.022;CORP.023;CORP.024;CORP.025;CORP.026;CORP.027;CORP.028;CORP.029;CORP.030;CORP.036;CORP.037;CORP.038;CORP.039;CORP.040;CUST.001;CUST.009;CUST.011;CUST.012;CUST.013;CUST.014;CUST.015;CUST.029;CUST.030;CUST.034;SUPP.001;SUPP.003;SUPP.004;SUPP.006;SUPP.008;SUPP.010;SUPP.027;SUPP.028;SUPP.029;SUPP.030,Company;Person;Shareholder;Customer;Supplier;Contract;FinancialMetric;Risk,关联方清单；交易合同；销售/采购明细；定价依据；董事会/股东会决议；审计报告附注,T_VERIFY_DOCUMENT,RR.COMP.CUST.001;RR.COMP.SUPP.002;RR.CROSS.003;RR.CROSS.008;RR.CROSS.010;RR.CUST.016.001;RR.CUST.018.001;RR.TREND.003,evidence_bound + source_check + cross_check_if_applicable,conclusion;key_facts;evidence_refs;confidence;unresolved_items;risks;recommended_action,seed_review,0.70
DDQ.024,LEGAL_template,24,LEGAL,四、关联交易,该等关联交易的销售/采购占比趋势如何（逐年上升还是下降）？公司是否有明确的关联交易压降计划及具体指标？,factual+analytical,P1,always,形成该领域可验证的投资判断,CORP.036;CORP.037;CORP.038;CORP.039;CORP.040,Company;Person;Shareholder;Customer;Supplier;Contract;FinancialMetric;Risk,关联方清单；交易合同；销售/采购明细；定价依据；董事会/股东会决议；审计报告附注,T_CALCULATE_METRIC,RR.CROSS.010,evidence_bound + source_check + cross_check_if_applicable,conclusion;key_facts;evidence_refs;confidence;unresolved_items;risks;recommended_action,seed_review,0.70
DDQ.025,LEGAL_template,25,LEGAL,四、关联交易,关联交易是否已履行必要的内部审批程序（董事会/股东会审议、关联方回避表决）？历史关联交易是否存在未经审批的情形？,verification,P1,always,形成该领域可验证的投资判断,CORP.036;CORP.037;CORP.038;CORP.039;CORP.040,Company;Person;Shareholder;Customer;Supplier;Contract;FinancialMetric;Risk,关联方清单；交易合同；销售/采购明细；定价依据；董事会/股东会决议；审计报告附注,T_VERIFY_DOCUMENT,RR.CROSS.010,evidence_bound + source_check + cross_check_if_applicable,conclusion;key_facts;evidence_refs;confidence;unresolved_items;risks;recommended_action,seed_review,0.70
DDQ.026,LEGAL_template,26,LEGAL,四、关联交易,公司是否已就关联交易的定价公允性进行比价分析（与非关联方交易价格对比）？该分析是否经独立第三方或审计师复核？,verification,P1,always,形成该领域可验证的投资判断,CORP.036;CORP.037;CORP.038;CORP.039;CORP.040,Company;Person;Shareholder;Customer;Supplier;Contract;FinancialMetric;Risk,关联方清单；交易合同；销售/采购明细；定价依据；董事会/股东会决议；审计报告附注,"T_VERIFY_DOCUMENT,T_CROSS_CHECK",RR.CROSS.010,evidence_bound + source_check + cross_check_if_applicable,conclusion;key_facts;evidence_refs;confidence;unresolved_items;risks;recommended_action,seed_review,0.70
DDQ.027,LEGAL_template,27,LEGAL,四、关联交易,关联交易对手方是否存在异常高的退换货率或其他与正常商业逻辑不符的交易特征？,verification,P1,always,形成该领域可验证的投资判断,CORP.036;CORP.037;CORP.038;CORP.039;CORP.040,Company;Person;Shareholder;Customer;Supplier;Contract;FinancialMetric;Risk,关联方清单；交易合同；销售/采购明细；定价依据；董事会/股东会决议；审计报告附注,T_VERIFY_DOCUMENT,RR.CROSS.010,evidence_bound + source_check + cross_check_if_applicable,conclusion;key_facts;evidence_refs;confidence;unresolved_items;risks;recommended_action,seed_review,0.70
DDQ.028,LEGAL_template,28,LEGAL,四、关联交易,公司是否有降低关联交易依赖度的具体措施（如引入外部投资人稀释关联方持股、拓展其他客户/供应商）？,factual+analytical,P1,always,形成该领域可验证的投资判断,CORP.036;CORP.037;CORP.038;CORP.039;CORP.040;CUST.001;CUST.009;CUST.011;CUST.012;CUST.013;CUST.014;CUST.015;CUST.029;CUST.030;CUST.034;SUPP.001;SUPP.003;SUPP.004;SUPP.006;SUPP.008;SUPP.010;SUPP.027;SUPP.028;SUPP.029;SUPP.030,Company;Person;Shareholder;Customer;Supplier;Contract;FinancialMetric;Risk,关联方清单；交易合同；销售/采购明细；定价依据；董事会/股东会决议；审计报告附注,T_EXTRACT_FACT,RR.COMP.CUST.001;RR.COMP.SUPP.002;RR.CROSS.003;RR.CROSS.008;RR.CROSS.010;RR.CUST.016.001;RR.CUST.018.001;RR.TREND.003,evidence_bound + source_check + cross_check_if_applicable,conclusion;key_facts;evidence_refs;confidence;unresolved_items;risks;recommended_action,seed_review,0.70
DDQ.029,LEGAL_template,29,LEGAL,四、关联交易,审计报告及财务报表附注是否已完整披露全部已识别的关联方及关联交易金额？,verification,P1,always,形成该领域可验证的投资判断,CORP.036;CORP.037;CORP.038;CORP.039;CORP.040,Company;Person;Shareholder;Customer;Supplier;Contract;FinancialMetric;Risk,关联方清单；交易合同；销售/采购明细；定价依据；董事会/股东会决议；审计报告附注,"T_VERIFY_DOCUMENT,T_CALCULATE_METRIC",RR.CROSS.010,evidence_bound + source_check + cross_check_if_applicable,conclusion;key_facts;evidence_refs;confidence;unresolved_items;risks;recommended_action,seed_review,0.70
DDQ.030,LEGAL_template,30,LEGAL,四、关联交易,控股股东、实际控制人及董监高是否已出具规范和减少关联交易的书面承诺？,verification,P0,always,形成该领域可验证的投资判断,CORP.021;CORP.022;CORP.023;CORP.024;CORP.025;CORP.026;CORP.027;CORP.028;CORP.029;CORP.030;CORP.036;CORP.037;CORP.038;CORP.039;CORP.040,Company;Person;Shareholder;Customer;Supplier;Contract;FinancialMetric;Risk,关联方清单；交易合同；销售/采购明细；定价依据；董事会/股东会决议；审计报告附注,T_VERIFY_DOCUMENT,RR.CROSS.010,evidence_bound + source_check + cross_check_if_applicable,conclusion;key_facts;evidence_refs;confidence;unresolved_items;risks;recommended_action,seed_review,0.70
DDQ.031,LEGAL_template,31,LEGAL,四、关联交易,除已识别的关联方外，是否存在实际控制人亲属、离职高管等实际控制或参股的客户/供应商尚未纳入关联方清单？,verification,P0,always,形成该领域可验证的投资判断,CORP.021;CORP.022;CORP.023;CORP.024;CORP.025;CORP.026;CORP.027;CORP.028;CORP.029;CORP.030;CORP.036;CORP.037;CORP.038;CORP.039;CORP.040;CUST.001;CUST.009;CUST.011;CUST.012;CUST.013;CUST.014;CUST.015;CUST.029;CUST.030;CUST.034;SUPP.001;SUPP.003;SUPP.004;SUPP.006;SUPP.008;SUPP.010;SUPP.027;SUPP.028;SUPP.029;SUPP.030,Company;Person;Shareholder;Customer;Supplier;Contract;FinancialMetric;Risk,关联方清单；交易合同；销售/采购明细；定价依据；董事会/股东会决议；审计报告附注,T_VERIFY_DOCUMENT,RR.COMP.CUST.001;RR.COMP.SUPP.002;RR.CROSS.003;RR.CROSS.008;RR.CROSS.010;RR.CUST.016.001;RR.CUST.018.001;RR.TREND.003,evidence_bound + source_check + cross_check_if_applicable,conclusion;key_facts;evidence_refs;confidence;unresolved_items;risks;recommended_action,seed_review,0.70
DDQ.032,LEGAL_template,32,LEGAL,五、与重要客户/供应商的特殊风险敞口,前十大客户/供应商中是否存在正处于破产重整、清算或其他重大经营困难状态的主体？该等状态对公司业务的具体影响是什么？,verification,P0,always,形成该领域可验证的投资判断,CUST.001;CUST.009;CUST.011;CUST.012;CUST.013;CUST.014;CUST.015;CUST.029;CUST.030;CUST.034;SUPP.001;SUPP.003;SUPP.004;SUPP.006;SUPP.008;SUPP.010;SUPP.027;SUPP.028;SUPP.029;SUPP.030,Company;Person;Shareholder;Customer;Supplier;Contract;FinancialMetric;Risk,客户明细；销售合同；订单；出货/验收单；发票；回款流水；应收账龄,"T_VERIFY_DOCUMENT,T_EXTERNAL_VERIFY,T_ANALYZE",RR.COMP.CUST.001;RR.COMP.SUPP.002;RR.CROSS.003;RR.CROSS.008;RR.CUST.016.001;RR.CUST.018.001;RR.TREND.003,evidence_bound + source_check + cross_check_if_applicable,conclusion;key_facts;evidence_refs;confidence;unresolved_items;risks;recommended_action,seed_review,0.70
DDQ.033,LEGAL_template,33,LEGAL,五、与重要客户/供应商的特殊风险敞口,公司与该等主体之间是否存在应收应付款项抵销安排？该抵销安排是否已依照相关法律程序（如向管理人申报债权）取得确认？,verification,P2,always,形成该领域可验证的投资判断,FIN.048;FIN.051;FIN.056;MGMT.011;MGMT.012;MGMT.013;MGMT.019;MGMT.020;MGMT.033;MGMT.035;MGMT.037,Company;Person;Shareholder;Customer;Supplier;Contract;FinancialMetric;Risk,客户明细；销售合同；订单；出货/验收单；发票；回款流水；应收账龄,T_VERIFY_DOCUMENT,RR.COMP.FIN.003;RR.COMP.MGMT.004;RR.CROSS.006;RR.CROSS.007;RR.CROSS.009;RR.FIN.055.001;RR.FIN.060.001;RR.FIN.060.002;RR.MGMT.011.001;RR.MGMT.041.001;RR.TREND.001;RR.TREND.002;RR.TREND.004;RR.TREND.005,evidence_bound + source_check + cross_check_if_applicable,conclusion;key_facts;evidence_refs;confidence;unresolved_items;risks;recommended_action,seed_review,0.70
DDQ.034,LEGAL_template,34,LEGAL,五、与重要客户/供应商的特殊风险敞口,若抵销安排存在程序瑕疵，是否存在被认定无效、需要返还已抵销金额的风险？该风险敞口是否已在财务报表中适当反映？,verification,P2,always,形成该领域可验证的投资判断,FIN.038;LEGAL.030,Company;Person;Shareholder;Customer;Supplier;Contract;FinancialMetric;Risk,客户明细；销售合同；订单；出货/验收单；发票；回款流水；应收账龄,"T_VERIFY_DOCUMENT,T_CALCULATE_METRIC,T_ANALYZE",,evidence_bound + source_check + cross_check_if_applicable,conclusion;key_facts;evidence_refs;confidence;unresolved_items;risks;recommended_action,expert_reviewed,0.85
DDQ.035,LEGAL_template,35,LEGAL,五、与重要客户/供应商的特殊风险敞口,公司对该等高风险客户/供应商的应收账款、预付账款是否已按坏账/减值政策进行充分评估？,verification,P1,always,形成该领域可验证的投资判断,CUST.001;CUST.009;CUST.011;CUST.012;CUST.013;CUST.014;CUST.015;CUST.029;CUST.030;CUST.034;FIN.048;FIN.051;FIN.056;SUPP.001;SUPP.003;SUPP.004;SUPP.006;SUPP.008;SUPP.010;SUPP.027;SUPP.028;SUPP.029;SUPP.030,Company;Person;Shareholder;Customer;Supplier;Contract;FinancialMetric;Risk,客户明细；销售合同；订单；出货/验收单；发票；回款流水；应收账龄,"T_VERIFY_DOCUMENT,T_ANALYZE",RR.COMP.CUST.001;RR.COMP.FIN.003;RR.COMP.SUPP.002;RR.CROSS.003;RR.CROSS.007;RR.CROSS.008;RR.CUST.016.001;RR.CUST.018.001;RR.FIN.055.001;RR.FIN.060.001;RR.FIN.060.002;RR.TREND.001;RR.TREND.002;RR.TREND.003;RR.TREND.004,evidence_bound + source_check + cross_check_if_applicable,conclusion;key_facts;evidence_refs;confidence;unresolved_items;risks;recommended_action,seed_review,0.70
DDQ.036,LEGAL_template,36,LEGAL,六、建设项目合规,公司在建或已建成的生产基地/厂房是否已取得固定资产投资项目备案？未办理备案的项目清单及原因是什么？,verification,P2,always,形成该领域可验证的投资判断,PROD.021;PROD.023;PROD.024;PROD.025;PROD.026;PROD.030;PROD.031;PROD.042;PROD.043,Company;Person;Shareholder;Customer;Supplier;Contract;FinancialMetric;Risk,备案/环评/能评/消防/安评/排污许可；验收文件；处罚记录；第三方合规报告,"T_VERIFY_DOCUMENT,T_ANALYZE",RR.COMP.PROD.005;RR.PROD.050.001;RR.PROD.051.001,evidence_bound + source_check + cross_check_if_applicable,conclusion;key_facts;evidence_refs;confidence;unresolved_items;risks;recommended_action,seed_review,0.70
DDQ.037,LEGAL_template,37,LEGAL,六、建设项目合规,"是否存在建设项目""未批先建""（即未取得环评批复即开工建设）的情形？涉及哪些项目？是否已受到环保主管部门的行政处罚？",verification,P0,always,形成该领域可验证的投资判断,ESG.011;ESG.012;ESG.013;ESG.025;LEGAL.009;LEGAL.010;LEGAL.011;LEGAL.012;LEGAL.013;LEGAL.039,Company;Person;Shareholder;Customer;Supplier;Contract;FinancialMetric;Risk,备案/环评/能评/消防/安评/排污许可；验收文件；处罚记录；第三方合规报告,"T_VERIFY_DOCUMENT,T_EXTERNAL_VERIFY",RR.CROSS.010;RR.LEGAL.039.001,evidence_bound + source_check + cross_check_if_applicable,conclusion;key_facts;evidence_refs;confidence;unresolved_items;risks;recommended_action,seed_review,0.70
DDQ.038,LEGAL_template,38,LEGAL,六、建设项目合规,各建设项目是否已取得节能审查意见及节能验收报告？未取得的项目是否存在无法开工/投产的合规障碍？,verification,P2,always,形成该领域可验证的投资判断,LEGAL.014;LEGAL.015,Company;Person;Shareholder;Customer;Supplier;Contract;FinancialMetric;Risk,备案/环评/能评/消防/安评/排污许可；验收文件；处罚记录；第三方合规报告,T_VERIFY_DOCUMENT,,evidence_bound + source_check + cross_check_if_applicable,conclusion;key_facts;evidence_refs;confidence;unresolved_items;risks;recommended_action,expert_reviewed,0.85
DDQ.039,LEGAL_template,39,LEGAL,六、建设项目合规,各建设项目是否已完成消防设施竣工验收及备案？,verification,P2,always,形成该领域可验证的投资判断,LEGAL.011;LEGAL.013,Company;Person;Shareholder;Customer;Supplier;Contract;FinancialMetric;Risk,备案/环评/能评/消防/安评/排污许可；验收文件；处罚记录；第三方合规报告,T_VERIFY_DOCUMENT,,evidence_bound + source_check + cross_check_if_applicable,conclusion;key_facts;evidence_refs;confidence;unresolved_items;risks;recommended_action,expert_reviewed,0.85
DDQ.040,LEGAL_template,40,LEGAL,六、建设项目合规,各建设项目是否已完成安全设施设计审查及竣工验收？,verification,P2,always,形成该领域可验证的投资判断,ESG.014;ESG.015;ESG.018,Company;Person;Shareholder;Customer;Supplier;Contract;FinancialMetric;Risk,备案/环评/能评/消防/安评/排污许可；验收文件；处罚记录；第三方合规报告,T_VERIFY_DOCUMENT,,evidence_bound + source_check + cross_check_if_applicable,conclusion;key_facts;evidence_refs;confidence;unresolved_items;risks;recommended_action,seed_review,0.70
DDQ.041,LEGAL_template,41,LEGAL,六、建设项目合规,各建设项目是否已完成职业病防护设施设计及验收（如生产过程涉及职业病危害因素）？,verification,P2,conditional,形成该领域可验证的投资判断,PROD.021;PROD.023;PROD.024;PROD.025;PROD.026;PROD.030;PROD.031;PROD.042;PROD.043,Company;Person;Shareholder;Customer;Supplier;Contract;FinancialMetric;Risk,备案/环评/能评/消防/安评/排污许可；验收文件；处罚记录；第三方合规报告,T_VERIFY_DOCUMENT,RR.COMP.PROD.005;RR.PROD.050.001;RR.PROD.051.001,evidence_bound + source_check + cross_check_if_applicable,conclusion;key_facts;evidence_refs;confidence;unresolved_items;risks;recommended_action,seed_review,0.70
DDQ.042,LEGAL_template,42,LEGAL,六、建设项目合规,各生产基地是否已取得排污许可证或排污登记？未取得的具体原因及补办进度如何？,verification,P2,always,形成该领域可验证的投资判断,PROD.021;PROD.023;PROD.024;PROD.025;PROD.026;PROD.030;PROD.031;PROD.042;PROD.043,Company;Person;Shareholder;Customer;Supplier;Contract;FinancialMetric;Risk,备案/环评/能评/消防/安评/排污许可；验收文件；处罚记录；第三方合规报告,"T_VERIFY_DOCUMENT,T_ANALYZE",RR.COMP.PROD.005;RR.PROD.050.001;RR.PROD.051.001,evidence_bound + source_check + cross_check_if_applicable,conclusion;key_facts;evidence_refs;confidence;unresolved_items;risks;recommended_action,seed_review,0.70
DDQ.043,LEGAL_template,43,LEGAL,六、建设项目合规,公司是否已聘请第三方合规顾问对全部生产基地进行环保、安全生产专项合规体检？体检报告能否提供给投资人审阅？,verification,P0,always,形成该领域可验证的投资判断,ESG.011;ESG.012;ESG.013;ESG.014;ESG.015;ESG.018;ESG.025;LEGAL.039;PROD.021;PROD.023;PROD.024;PROD.025;PROD.026;PROD.030;PROD.031;PROD.042;PROD.043,Company;Person;Shareholder;Customer;Supplier;Contract;FinancialMetric;Risk,备案/环评/能评/消防/安评/排污许可；验收文件；处罚记录；第三方合规报告,T_VERIFY_DOCUMENT,RR.COMP.PROD.005;RR.CROSS.010;RR.LEGAL.039.001;RR.PROD.050.001;RR.PROD.051.001,evidence_bound + source_check + cross_check_if_applicable,conclusion;key_facts;evidence_refs;confidence;unresolved_items;risks;recommended_action,seed_review,0.70
DDQ.044,LEGAL_template,44,LEGAL,六、建设项目合规,针对建设项目合规瑕疵，实际控制人/公司是否同意在交易文件中提供无限连带赔偿责任承诺？,analytical,P0,always,形成该领域可验证的投资判断,CORP.021;CORP.022;CORP.023;CORP.024;CORP.025;CORP.026;CORP.027;CORP.028;CORP.029;CORP.030,Company;Person;Shareholder;Customer;Supplier;Contract;FinancialMetric;Risk,备案/环评/能评/消防/安评/排污许可；验收文件；处罚记录；第三方合规报告,T_EXTRACT_FACT,,evidence_bound + source_check + cross_check_if_applicable,conclusion;key_facts;evidence_refs;confidence;unresolved_items;risks;recommended_action,seed_review,0.70
DDQ.045,LEGAL_template,45,LEGAL,七、安全生产：危化品、危废、特种设备,公司生产经营中是否使用危险化学品或易制毒化学品？是否已取得相应的购买许可证或备案凭证？,verification,P2,always,形成该领域可验证的投资判断,PROD.021;PROD.023;PROD.024;PROD.025;PROD.026;PROD.030;PROD.031;PROD.042;PROD.043,Company;Person;Shareholder;Customer;Supplier;Contract;FinancialMetric;Risk,备案/环评/能评/消防/安评/排污许可；验收文件；处罚记录；第三方合规报告,T_VERIFY_DOCUMENT,RR.COMP.PROD.005;RR.PROD.050.001;RR.PROD.051.001,evidence_bound + source_check + cross_check_if_applicable,conclusion;key_facts;evidence_refs;confidence;unresolved_items;risks;recommended_action,seed_review,0.70
DDQ.046,LEGAL_template,46,LEGAL,七、安全生产：危化品、危废、特种设备,使用危险化学品是否已取得《危险化学品安全使用许可证》（如使用量达到规定标准）？,verification,P2,conditional,形成该领域可验证的投资判断,ESG.014;ESG.015;ESG.018,Company;Person;Shareholder;Customer;Supplier;Contract;FinancialMetric;Risk,备案/环评/能评/消防/安评/排污许可；验收文件；处罚记录；第三方合规报告,T_VERIFY_DOCUMENT,,evidence_bound + source_check + cross_check_if_applicable,conclusion;key_facts;evidence_refs;confidence;unresolved_items;risks;recommended_action,seed_review,0.70
DDQ.047,LEGAL_template,47,LEGAL,七、安全生产：危化品、危废、特种设备,公司产生的危险废物是否已委托具备资质的第三方进行处置？处置协议是否齐备？各生产基地是否均已签署此类协议？,verification,P2,always,形成该领域可验证的投资判断,PROD.021;PROD.023;PROD.024;PROD.025;PROD.026;PROD.030;PROD.031;PROD.042;PROD.043,Company;Person;Shareholder;Customer;Supplier;Contract;FinancialMetric;Risk,备案/环评/能评/消防/安评/排污许可；验收文件；处罚记录；第三方合规报告,T_VERIFY_DOCUMENT,RR.COMP.PROD.005;RR.PROD.050.001;RR.PROD.051.001,evidence_bound + source_check + cross_check_if_applicable,conclusion;key_facts;evidence_refs;confidence;unresolved_items;risks;recommended_action,seed_review,0.70
DDQ.048,LEGAL_template,48,LEGAL,七、安全生产：危化品、危废、特种设备,公司是否已核实历年危废产生量与处置量的匹配性，排除超量产生未处置的情形？,verification,P2,always,形成该领域可验证的投资判断,ESG.010;ESG.013,Company;Person;Shareholder;Customer;Supplier;Contract;FinancialMetric;Risk,备案/环评/能评/消防/安评/排污许可；验收文件；处罚记录；第三方合规报告,T_VERIFY_DOCUMENT,,evidence_bound + source_check + cross_check_if_applicable,conclusion;key_facts;evidence_refs;confidence;unresolved_items;risks;recommended_action,expert_reviewed,0.85
DDQ.049,LEGAL_template,49,LEGAL,七、安全生产：危化品、危废、特种设备,公司是否存在使用特种设备的情形？相关设备是否已办理使用登记？操作人员及安全管理人员是否已取得相应资格证书？,verification,P2,always,形成该领域可验证的投资判断,ESG.014;ESG.015;ESG.018;MGMT.011;MGMT.012;MGMT.013;MGMT.019;MGMT.020;MGMT.033;MGMT.035;MGMT.037,Company;Person;Shareholder;Customer;Supplier;Contract;FinancialMetric;Risk,备案/环评/能评/消防/安评/排污许可；验收文件；处罚记录；第三方合规报告,T_VERIFY_DOCUMENT,RR.COMP.MGMT.004;RR.CROSS.006;RR.CROSS.009;RR.MGMT.011.001;RR.MGMT.041.001;RR.TREND.005,evidence_bound + source_check + cross_check_if_applicable,conclusion;key_facts;evidence_refs;confidence;unresolved_items;risks;recommended_action,seed_review,0.70
DDQ.050,LEGAL_template,50,LEGAL,七、安全生产：危化品、危废、特种设备,公司是否有内部安全生产管理制度、定期培训及应急演练机制？近三年是否发生过安全生产事故？,analytical,P0,always,形成该领域可验证的投资判断,ESG.014;ESG.015;ESG.018;MGMT.011;MGMT.012;MGMT.013;MGMT.019;MGMT.020;MGMT.033;MGMT.035;MGMT.037;PROD.021;PROD.023;PROD.024;PROD.025;PROD.026;PROD.030;PROD.031;PROD.042;PROD.043,Company;Person;Shareholder;Customer;Supplier;Contract;FinancialMetric;Risk,备案/环评/能评/消防/安评/排污许可；验收文件；处罚记录；第三方合规报告,T_EXTRACT_FACT,RR.COMP.MGMT.004;RR.COMP.PROD.005;RR.CROSS.006;RR.CROSS.009;RR.MGMT.011.001;RR.MGMT.041.001;RR.PROD.050.001;RR.PROD.051.001;RR.TREND.005,evidence_bound + source_check + cross_check_if_applicable,conclusion;key_facts;evidence_refs;confidence;unresolved_items;risks;recommended_action,seed_review,0.70
DDQ.051,LEGAL_template,51,LEGAL,八、知识产权,公司核心专利/知识产权是否存在质押、抵押或其他权利限制？涉及的具体权利及对应债务金额、解除时间表是什么？,verification,P0,always,形成该领域可验证的投资判断,IP.001;IP.002;IP.003;IP.004;TECH.011;TECH.014;TECH.018;TECH.023;TECH.024;TECH.025;TECH.026;TECH.027,Company;Person;Shareholder;Customer;Supplier;Contract;FinancialMetric;Risk;Patent;Trademark;Copyright;IPPledge,专利/商标/软件著作权清单；权属证明；许可协议；研发协议；FTO/争议材料,"T_VERIFY_DOCUMENT,T_CALCULATE_METRIC",RR.IP.001.001,evidence_bound + source_check + cross_check_if_applicable,conclusion;key_facts;evidence_refs;confidence;unresolved_items;risks;recommended_action,seed_review,0.70
DDQ.052,LEGAL_template,52,LEGAL,八、知识产权,公司是否与高校、科研院所或其他第三方存在合作研发关系？合作产生的知识产权归属及商业化收益分成条款是如何约定的？,factual+analytical,P2,always,形成该领域可验证的投资判断,IP.005;IP.006;IP.007;IP.009,Company;Person;Shareholder;Customer;Supplier;Contract;FinancialMetric;Risk;IPCoOwnership;IPRevenueShare;CoreTechnology,专利/商标/软件著作权清单；权属证明；许可协议；研发协议；FTO/争议材料,T_EXTRACT_FACT,RR.IP.002.001,evidence_bound + source_check + cross_check_if_applicable,conclusion;key_facts;evidence_refs;confidence;unresolved_items;risks;recommended_action,seed_review,0.40
DDQ.053,LEGAL_template,53,LEGAL,八、知识产权,"若核心技术相关知识产权与第三方共有，是否会影响公司在IPO审核中""核心技术自主可控/独立性""的认定？",analytical,P2,always,形成该领域可验证的投资判断,IP.005;IP.007;IP.009;TECH.001;TECH.002;TECH.003;TECH.006;TECH.007;TECH.018;TECH.021;TECH.023;TECH.027;TECH.031;TECH.032,Company;Person;Shareholder;Customer;Supplier;Contract;FinancialMetric;Risk;IPCoOwnership;CoreTechnology,专利/商标/软件著作权清单；权属证明；许可协议；研发协议；FTO/争议材料,T_ANALYZE,RR.IP.002.001,evidence_bound + source_check + cross_check_if_applicable,conclusion;key_facts;evidence_refs;confidence;unresolved_items;risks;recommended_action,seed_review,0.70
DDQ.054,LEGAL_template,54,LEGAL,八、知识产权,核心研发/技术岗位员工是否均已签署保密协议、竞业限制协议及知识产权归属协议？是否存在未签署的核心员工？,verification,P2,always,形成该领域可验证的投资判断,IP.007;IP.008;TECH.001;TECH.002;TECH.003;TECH.006;TECH.007;TECH.018;TECH.021;TECH.023;TECH.027;TECH.031;TECH.032,Company;Person;Shareholder;Customer;Supplier;Contract;FinancialMetric;Risk;IPAgreement;CoreTechnology,专利/商标/软件著作权清单；权属证明；许可协议；研发协议；FTO/争议材料,T_VERIFY_DOCUMENT,RR.IP.003.001,evidence_bound + source_check + cross_check_if_applicable,conclusion;key_facts;evidence_refs;confidence;unresolved_items;risks;recommended_action,seed_review,0.70
DDQ.055,LEGAL_template,55,LEGAL,八、知识产权,公司知识产权是否存在与前员工、外部合作方之间的权属争议或潜在纠纷？,verification,P2,always,形成该领域可验证的投资判断,IP.001;IP.002;IP.003,Company;Person;Shareholder;Customer;Supplier;Contract;FinancialMetric;Risk;Patent;Trademark;Copyright,专利/商标/软件著作权清单；权属证明；许可协议；研发协议；FTO/争议材料,T_VERIFY_DOCUMENT,,evidence_bound + source_check + cross_check_if_applicable,conclusion;key_facts;evidence_refs;confidence;unresolved_items;risks;recommended_action,seed_review,0.40
DDQ.056,LEGAL_template,56,LEGAL,八、知识产权,公司核心工艺/配方是否以商业秘密形式保护？相关保密措施（访问权限管理、保密协议、竞业限制）是否健全？,analytical,P2,always,形成该领域可验证的投资判断,IP.007;MGMT.011;MGMT.012;MGMT.013;MGMT.019;MGMT.020;MGMT.033;MGMT.035;MGMT.037,Company;Person;Shareholder;Customer;Supplier;Contract;FinancialMetric;Risk;CoreTechnology,专利/商标/软件著作权清单；权属证明；许可协议；研发协议；FTO/争议材料,T_EXTRACT_FACT,RR.COMP.MGMT.004;RR.CROSS.006;RR.CROSS.009;RR.MGMT.011.001;RR.MGMT.041.001;RR.TREND.005,evidence_bound + source_check + cross_check_if_applicable,conclusion;key_facts;evidence_refs;confidence;unresolved_items;risks;recommended_action,seed_review,0.70
DDQ.057,LEGAL_template,57,LEGAL,九、重大合同与业务依赖,公司是否存在对单一或少数供应商的重大依赖（独家采购、最低采购量条款）？该等合同的到期时间及续签进展如何？,verification,P1,always,形成该领域可验证的投资判断,LEGAL.016;LEGAL.017;LEGAL.018;LEGAL.019;LEGAL.020;LEGAL.021;LEGAL.022;LEGAL.023;SUPP.001;SUPP.003;SUPP.004;SUPP.006;SUPP.008;SUPP.010;SUPP.027;SUPP.028;SUPP.029;SUPP.030,Company;Person;Shareholder;Customer;Supplier;Contract;FinancialMetric;Risk,重大合同台账；合同原件；变更控制条款；担保/抵押文件；贷款协议,T_VERIFY_DOCUMENT,RR.COMP.SUPP.002;RR.CROSS.008;RR.CROSS.010;RR.LEGAL.039.001,evidence_bound + source_check + cross_check_if_applicable,conclusion;key_facts;evidence_refs;confidence;unresolved_items;risks;recommended_action,seed_review,0.70
DDQ.058,LEGAL_template,58,LEGAL,九、重大合同与业务依赖,上述重要供应商合同是否包含独家销售、排他性采购、最低采购量等可能对公司业务连续性产生重大影响的条款？,analytical,P1,always,形成该领域可验证的投资判断,LEGAL.016;LEGAL.017;LEGAL.018;LEGAL.019;LEGAL.020;LEGAL.021;LEGAL.022;LEGAL.023;SUPP.001;SUPP.003;SUPP.004;SUPP.006;SUPP.008;SUPP.010;SUPP.027;SUPP.028;SUPP.029;SUPP.030,Company;Person;Shareholder;Customer;Supplier;Contract;FinancialMetric;Risk,重大合同台账；合同原件；变更控制条款；担保/抵押文件；贷款协议,T_ANALYZE,RR.COMP.SUPP.002;RR.CROSS.008;RR.CROSS.010;RR.LEGAL.039.001,evidence_bound + source_check + cross_check_if_applicable,conclusion;key_facts;evidence_refs;confidence;unresolved_items;risks;recommended_action,seed_review,0.70
DDQ.059,LEGAL_template,59,LEGAL,九、重大合同与业务依赖,若重要供应商合作终止，公司是否已有可替代的供应商及相应的产能/资质切换时间？,verification,P1,always,形成该领域可验证的投资判断,SUPP.001;SUPP.003;SUPP.004;SUPP.006;SUPP.008;SUPP.010;SUPP.027;SUPP.028;SUPP.029;SUPP.030,Company;Person;Shareholder;Customer;Supplier;Contract;FinancialMetric;Risk,重大合同台账；合同原件；变更控制条款；担保/抵押文件；贷款协议,T_VERIFY_DOCUMENT,RR.COMP.SUPP.002;RR.CROSS.008,evidence_bound + source_check + cross_check_if_applicable,conclusion;key_facts;evidence_refs;confidence;unresolved_items;risks;recommended_action,seed_review,0.70
DDQ.060,LEGAL_template,60,LEGAL,九、重大合同与业务依赖,公司是否已就全部重大合同（销售、采购、租赁、融资）进行完整台账梳理？是否存在因本次投资交割（控制权变更条款）而可能被终止或调整的合同？,verification,P1,always,形成该领域可验证的投资判断,FIN.065;FIN.066;FIN.067;FIN.082;FIN.083;FIN.084;LEGAL.016;LEGAL.017;LEGAL.018;LEGAL.019;LEGAL.020;LEGAL.021;LEGAL.022;LEGAL.023;TXN.004;TXN.005;TXN.027,Company;Person;Shareholder;Customer;Supplier;Contract;FinancialMetric;Risk,重大合同台账；合同原件；变更控制条款；担保/抵押文件；贷款协议,"T_VERIFY_DOCUMENT,T_ANALYZE",RR.COMP.FIN.003;RR.COMP.TXN.006;RR.CROSS.007;RR.CROSS.010;RR.FIN.055.001;RR.FIN.060.001;RR.FIN.060.002;RR.LEGAL.039.001;RR.TREND.001;RR.TREND.002;RR.TREND.004,evidence_bound + source_check + cross_check_if_applicable,conclusion;key_facts;evidence_refs;confidence;unresolved_items;risks;recommended_action,seed_review,0.70
DDQ.061,LEGAL_template,61,LEGAL,九、重大合同与业务依赖,公司与银行的贷款合同中是否存在股权变动需通知/取得同意的条款？本次投资是否已完成相应的通知或取得同意？,verification,P2,always,形成该领域可验证的投资判断,LEGAL.016;LEGAL.017;LEGAL.018;LEGAL.019;LEGAL.020;LEGAL.021;LEGAL.022;LEGAL.023,Company;Person;Shareholder;Customer;Supplier;Contract;FinancialMetric;Risk,重大合同台账；合同原件；变更控制条款；担保/抵押文件；贷款协议,T_VERIFY_DOCUMENT,RR.CROSS.010;RR.LEGAL.039.001,evidence_bound + source_check + cross_check_if_applicable,conclusion;key_facts;evidence_refs;confidence;unresolved_items;risks;recommended_action,seed_review,0.70
DDQ.062,LEGAL_template,62,LEGAL,十、公司治理及历史合规瑕疵,报告期内公司高级管理人员、董事、监事是否发生重大变动？该等变动的原因及是否构成对持续经营的重大不利影响？,factual+analytical,P2,always,形成该领域可验证的投资判断,MGMT.011;MGMT.012;MGMT.013;MGMT.019;MGMT.020;MGMT.033;MGMT.035;MGMT.037,Company;Person;Shareholder;Customer;Supplier;Contract;FinancialMetric;Risk,原始材料；专业尽调报告；合同/台账；公开信息；管理层书面确认,T_ANALYZE,RR.COMP.MGMT.004;RR.CROSS.006;RR.CROSS.009;RR.MGMT.011.001;RR.MGMT.041.001;RR.TREND.005,evidence_bound + source_check + cross_check_if_applicable,conclusion;key_facts;evidence_refs;confidence;unresolved_items;risks;recommended_action,seed_review,0.70
DDQ.063,LEGAL_template,63,LEGAL,十、公司治理及历史合规瑕疵,公司报告期内是否存在注销境内子公司的情形？注销原因是否合理？是否已取得工商、税务主管部门的合规证明？,verification,P2,always,形成该领域可验证的投资判断,CORP.031;CORP.032,Company;Person;Shareholder;Customer;Supplier;Contract;FinancialMetric;Risk,原始材料；专业尽调报告；合同/台账；公开信息；管理层书面确认,"T_VERIFY_DOCUMENT,T_EXTERNAL_VERIFY,T_ANALYZE",,evidence_bound + source_check + cross_check_if_applicable,conclusion;key_facts;evidence_refs;confidence;unresolved_items;risks;recommended_action,expert_reviewed,0.85
DDQ.064,LEGAL_template,64,LEGAL,十、公司治理及历史合规瑕疵,公司是否已完成对全部注册资本实缴义务的核查？未实缴部分是否存在超出公司章程约定实缴期限的情形？,verification,P2,always,形成该领域可验证的投资判断,CORP.005;CORP.006,Company;Person;Shareholder;Customer;Supplier;Contract;FinancialMetric;Risk,原始材料；专业尽调报告；合同/台账；公开信息；管理层书面确认,T_VERIFY_DOCUMENT,,evidence_bound + source_check + cross_check_if_applicable,conclusion;key_facts;evidence_refs;confidence;unresolved_items;risks;recommended_action,expert_reviewed,0.85
DDQ.065,LEGAL_template,65,LEGAL,十、公司治理及历史合规瑕疵,公司租赁的经营场所是否均已提供完整的租赁协议及出租方产权证明？是否存在无证建筑或权属瑕疵的租赁物业？,verification,P2,always,形成该领域可验证的投资判断,CORP.007;CORP.008,Company;Person;Shareholder;Customer;Supplier;Contract;FinancialMetric;Risk,原始材料；专业尽调报告；合同/台账；公开信息；管理层书面确认,T_VERIFY_DOCUMENT,,evidence_bound + source_check + cross_check_if_applicable,conclusion;key_facts;evidence_refs;confidence;unresolved_items;risks;recommended_action,expert_reviewed,0.85
DDQ.066,LEGAL_template,66,LEGAL,十、公司治理及历史合规瑕疵,公司租赁合同是否已办理房屋租赁登记备案？未办理的具体涉及物业及潜在处罚风险是什么？,verification,P0,always,形成该领域可验证的投资判断,LEGAL.009;LEGAL.010;LEGAL.011;LEGAL.012;LEGAL.013;LEGAL.016;LEGAL.017;LEGAL.018;LEGAL.019;LEGAL.020;LEGAL.021;LEGAL.022;LEGAL.023,Company;Person;Shareholder;Customer;Supplier;Contract;FinancialMetric;Risk,原始材料；专业尽调报告；合同/台账；公开信息；管理层书面确认,"T_VERIFY_DOCUMENT,T_EXTERNAL_VERIFY,T_ANALYZE",RR.CROSS.010;RR.LEGAL.039.001,evidence_bound + source_check + cross_check_if_applicable,conclusion;key_facts;evidence_refs;confidence;unresolved_items;risks;recommended_action,seed_review,0.70
DDQ.067,LEGAL_template,67,LEGAL,十、公司治理及历史合规瑕疵,公司工商注册地址与实际经营地址是否一致？如存在异地经营情形，是否已启动整改（如迁移注册地）？,verification,P2,conditional,形成该领域可验证的投资判断,CORP.007;CORP.008,Company;Person;Shareholder;Customer;Supplier;Contract;FinancialMetric;Risk,原始材料；专业尽调报告；合同/台账；公开信息；管理层书面确认,"T_VERIFY_DOCUMENT,T_EXTERNAL_VERIFY,T_CROSS_CHECK",,evidence_bound + source_check + cross_check_if_applicable,conclusion;key_facts;evidence_refs;confidence;unresolved_items;risks;recommended_action,expert_reviewed,0.85
DDQ.068,LEGAL_template,68,LEGAL,十、公司治理及历史合规瑕疵,公司历史上签署的业绩补偿/对赌协议是否已实际履行？相关支付凭证是否齐备？,verification,P2,always,形成该领域可验证的投资判断,LEGAL.011;TXN.004,Company;Person;Shareholder;Customer;Supplier;Contract;FinancialMetric;Risk,原始材料；专业尽调报告；合同/台账；公开信息；管理层书面确认,T_VERIFY_DOCUMENT,,evidence_bound + source_check + cross_check_if_applicable,conclusion;key_facts;evidence_refs;confidence;unresolved_items;risks;recommended_action,expert_reviewed,0.85
DDQ.069,LEGAL_template,69,LEGAL,十、公司治理及历史合规瑕疵,公司是否存在其他尚未披露的诉讼、仲裁或行政处罚记录（含子公司及实际控制人个人层面）？是否已提供最新的企业信用信息公示系统及裁判文书网核查报告？,verification,P0,always,形成该领域可验证的投资判断,CORP.021;CORP.022;CORP.023;CORP.024;CORP.025;CORP.026;CORP.027;CORP.028;CORP.029;CORP.030;LEGAL.001;LEGAL.002;LEGAL.003;LEGAL.004;LEGAL.005;LEGAL.006;LEGAL.007;LEGAL.008;LEGAL.009;LEGAL.010;LEGAL.011;LEGAL.012;LEGAL.013,Company;Person;Shareholder;Customer;Supplier;Contract;FinancialMetric;Risk,原始材料；专业尽调报告；合同/台账；公开信息；管理层书面确认,"T_VERIFY_DOCUMENT,T_EXTERNAL_VERIFY",RR.CROSS.010;RR.LEGAL.039.001,evidence_bound + source_check + cross_check_if_applicable,conclusion;key_facts;evidence_refs;confidence;unresolved_items;risks;recommended_action,seed_review,0.70
DDQ.070,LEGAL_template,70,LEGAL,十一、劳动人事,公司是否对部分员工实行不定时工作制或综合计算工时工作制？相关行政审批文件是否在有效期内？,analytical,P2,always,形成该领域可验证的投资判断,ESG.018;MGMT.021,Company;Person;Shareholder;Customer;Supplier;Contract;FinancialMetric;Risk,员工花名册；劳动合同；社保/公积金记录；核心人员协议；劳动争议记录,T_EXTERNAL_VERIFY,,evidence_bound + source_check + cross_check_if_applicable,conclusion;key_facts;evidence_refs;confidence;unresolved_items;risks;recommended_action,expert_reviewed,0.85
DDQ.071,LEGAL_template,71,LEGAL,十一、劳动人事,公司是否聘用外籍员工？相关外国人就业许可证及工作类居留证件是否齐备？,analytical,P2,always,形成该领域可验证的投资判断,LEGAL.014;MGMT.021,Company;Person;Shareholder;Customer;Supplier;Contract;FinancialMetric;Risk,员工花名册；劳动合同；社保/公积金记录；核心人员协议；劳动争议记录,T_EXTRACT_FACT,,evidence_bound + source_check + cross_check_if_applicable,conclusion;key_facts;evidence_refs;confidence;unresolved_items;risks;recommended_action,expert_reviewed,0.85
DDQ.072,LEGAL_template,72,LEGAL,十一、劳动人事,核心员工的劳动合同是否即将到期？公司是否已启动续签安排，是否存在核心人员流失风险？,verification,P2,always,形成该领域可验证的投资判断,LEGAL.016;LEGAL.017;LEGAL.018;LEGAL.019;LEGAL.020;LEGAL.021;LEGAL.022;LEGAL.023;LEGAL.028;MGMT.021;MGMT.023;MGMT.024,Company;Person;Shareholder;Customer;Supplier;Contract;FinancialMetric;Risk,员工花名册；劳动合同；社保/公积金记录；核心人员协议；劳动争议记录,"T_VERIFY_DOCUMENT,T_ANALYZE",RR.COMP.MGMT.004;RR.CROSS.006;RR.CROSS.009;RR.CROSS.010;RR.LEGAL.039.001;RR.MGMT.011.001;RR.MGMT.041.001;RR.TREND.005,evidence_bound + source_check + cross_check_if_applicable,conclusion;key_facts;evidence_refs;confidence;unresolved_items;risks;recommended_action,seed_review,0.70
DDQ.073,LEGAL_template,73,LEGAL,十一、劳动人事,公司的用工模式（劳务派遣、外包等）是否符合相关劳动法律法规的比例限制？,factual+analytical,P2,always,形成该领域可验证的投资判断,LEGAL.028;MGMT.021;MGMT.023;MGMT.024,Company;Person;Shareholder;Customer;Supplier;Contract;FinancialMetric;Risk,员工花名册；劳动合同；社保/公积金记录；核心人员协议；劳动争议记录,T_CALCULATE_METRIC,RR.COMP.MGMT.004;RR.CROSS.006;RR.CROSS.009;RR.CROSS.010;RR.LEGAL.039.001;RR.MGMT.011.001;RR.MGMT.041.001;RR.TREND.005,evidence_bound + source_check + cross_check_if_applicable,conclusion;key_facts;evidence_refs;confidence;unresolved_items;risks;recommended_action,seed_review,0.70
DDQ.074,LEGAL_template,74,LEGAL,十二、交易安排与投资人保护,"本次投资的交割时间安排是否可能被认定为""突击入股""（临近申报期新增股东）？相关锁定期安排是否已与投资人协商一致？",verification,P0,always,形成该领域可验证的投资判断,TXN.004;TXN.006,Company;Person;Shareholder;Customer;Supplier;Contract;FinancialMetric;Risk,原始材料；专业尽调报告；合同/台账；公开信息；管理层书面确认,"T_VERIFY_DOCUMENT,T_CROSS_CHECK,T_ANALYZE",,evidence_bound + source_check + cross_check_if_applicable,conclusion;key_facts;evidence_refs;confidence;unresolved_items;risks;recommended_action,expert_reviewed,0.85
DDQ.075,LEGAL_template,75,LEGAL,十二、交易安排与投资人保护,本次交易文件中，是否已针对本报告识别的高风险事项（如代持还原、破产客户债权确认、关联交易整改）设置了明确的交割先决条件？,verification,P0,always,形成该领域可验证的投资判断,CORP.021;CORP.027;CORP.029;CORP.030;CORP.036;CORP.037;CORP.038;CORP.039;CORP.040;CUST.001;CUST.009;CUST.011;CUST.012;CUST.013;CUST.014;CUST.015;CUST.029;CUST.030;CUST.034,Company;Person;Shareholder;Customer;Supplier;Contract;FinancialMetric;Risk,原始材料；专业尽调报告；合同/台账；公开信息；管理层书面确认,"T_VERIFY_DOCUMENT,T_EXTERNAL_VERIFY,T_ANALYZE",RR.COMP.CUST.001;RR.CROSS.003;RR.CROSS.010;RR.CUST.016.001;RR.CUST.018.001;RR.TREND.003,evidence_bound + source_check + cross_check_if_applicable,conclusion;key_facts;evidence_refs;confidence;unresolved_items;risks;recommended_action,seed_review,0.70
DDQ.076,LEGAL_template,76,LEGAL,十二、交易安排与投资人保护,交易文件中的陈述与保证条款是否覆盖了本报告中识别的全部主要法律风险？,analytical,P2,always,形成该领域可验证的投资判断,LEGAL.011;LEGAL.030,Company;Person;Shareholder;Customer;Supplier;Contract;FinancialMetric;Risk,原始材料；专业尽调报告；合同/台账；公开信息；管理层书面确认,T_ANALYZE,,evidence_bound + source_check + cross_check_if_applicable,conclusion;key_facts;evidence_refs;confidence;unresolved_items;risks;recommended_action,expert_reviewed,0.85
DDQ.077,LEGAL_template,77,LEGAL,十二、交易安排与投资人保护,交易文件中是否设置了特殊损害赔偿条款，明确因本报告所列风险事项导致投资人或公司损失时的赔偿主体及范围？,analytical,P0,always,形成该领域可验证的投资判断,LEGAL.011;LEGAL.030,Company;Person;Shareholder;Customer;Supplier;Contract;FinancialMetric;Risk,原始材料；专业尽调报告；合同/台账；公开信息；管理层书面确认,T_ANALYZE,,evidence_bound + source_check + cross_check_if_applicable,conclusion;key_facts;evidence_refs;confidence;unresolved_items;risks;recommended_action,expert_reviewed,0.85
DDQ.078,LEGAL_template,78,LEGAL,十二、交易安排与投资人保护,交易文件中是否设置了回购权条款，明确在何种触发情形下（如实际控制人认定发生重大变化、IPO进程实质性受阻）投资人有权要求回购？,analytical,P0,always,形成该领域可验证的投资判断,CORP.021;CORP.022;CORP.023;CORP.024;CORP.025;CORP.026;CORP.027;CORP.028;CORP.029;CORP.030,Company;Person;Shareholder;Customer;Supplier;Contract;FinancialMetric;Risk,原始材料；专业尽调报告；合同/台账；公开信息；管理层书面确认,T_EXTRACT_FACT,,evidence_bound + source_check + cross_check_if_applicable,conclusion;key_facts;evidence_refs;confidence;unresolved_items;risks;recommended_action,seed_review,0.70
DDQ.079,LEGAL_template,79,LEGAL,十二、交易安排与投资人保护,投资人在本轮投资完成后，是否已就上述风险事项建立投后持续监控机制及跟踪节点？,verification,P2,always,形成该领域可验证的投资判断,ESG.026;LEGAL.013,Company;Person;Shareholder;Customer;Supplier;Contract;FinancialMetric;Risk,原始材料；专业尽调报告；合同/台账；公开信息；管理层书面确认,"T_VERIFY_DOCUMENT,T_ANALYZE",,evidence_bound + source_check + cross_check_if_applicable,conclusion;key_facts;evidence_refs;confidence;unresolved_items;risks;recommended_action,expert_reviewed,0.85
DDQ.080,LEGAL_template,80,LEGAL,十三、综合性核查建议,本次法律尽调的信息来源及审阅范围是否存在明确的局限性（如未能取得某些文件、依赖管理层口头说明）？该等局限对结论可靠性的影响如何评估？,verification,P2,always,形成该领域可验证的投资判断,MGMT.011;MGMT.012;MGMT.013;MGMT.019;MGMT.020;MGMT.033;MGMT.035;MGMT.037,Company;Person;Shareholder;Customer;Supplier;Contract;FinancialMetric;Risk,原始材料；专业尽调报告；合同/台账；公开信息；管理层书面确认,"T_VERIFY_DOCUMENT,T_EXTERNAL_VERIFY,T_ANALYZE",RR.COMP.MGMT.004;RR.CROSS.006;RR.CROSS.009;RR.MGMT.011.001;RR.MGMT.041.001;RR.TREND.005,evidence_bound + source_check + cross_check_if_applicable,conclusion;key_facts;evidence_refs;confidence;unresolved_items;risks;recommended_action,seed_review,0.70
DDQ.081,LEGAL_template,81,LEGAL,十三、综合性核查建议,"报告中标记为""高风险""的事项是否均已有明确的整改时间表和责任主体？",analytical,P2,always,形成该领域可验证的投资判断,LEGAL.011;LEGAL.013,Company;Person;Shareholder;Customer;Supplier;Contract;FinancialMetric;Risk,原始材料；专业尽调报告；合同/台账；公开信息；管理层书面确认,T_ANALYZE,,evidence_bound + source_check + cross_check_if_applicable,conclusion;key_facts;evidence_refs;confidence;unresolved_items;risks;recommended_action,expert_reviewed,0.85
DDQ.082,LEGAL_template,82,LEGAL,十三、综合性核查建议,"报告中标记为""中风险""""低风险""的事项是否会随时间推移演变为高风险（如审批文件到期未续、代持还原迟迟未完成）？",analytical,P0,always,形成该领域可验证的投资判断,CORP.021;CORP.027;CORP.029;CORP.030,Company;Person;Shareholder;Customer;Supplier;Contract;FinancialMetric;Risk,原始材料；专业尽调报告；合同/台账；公开信息；管理层书面确认,T_ANALYZE,,evidence_bound + source_check + cross_check_if_applicable,conclusion;key_facts;evidence_refs;confidence;unresolved_items;risks;recommended_action,seed_review,0.70
DDQ.083,LEGAL_template,83,LEGAL,十三、综合性核查建议,是否需要在交割前安排独立的第三方专项核查（如产权尽调、环保合规体检）以补充本次法律尽调未覆盖的领域？,verification,P0,always,形成该领域可验证的投资判断,ESG.011;ESG.012;ESG.013;ESG.025;LEGAL.039,Company;Person;Shareholder;Customer;Supplier;Contract;FinancialMetric;Risk,原始材料；专业尽调报告；合同/台账；公开信息；管理层书面确认,T_VERIFY_DOCUMENT,RR.CROSS.010;RR.LEGAL.039.001,evidence_bound + source_check + cross_check_if_applicable,conclusion;key_facts;evidence_refs;confidence;unresolved_items;risks;recommended_action,seed_review,0.70
DDQ.084,LEGAL_template,84,LEGAL,十三、综合性核查建议,公司及实际控制人是否已就本报告全部风险事项提供书面回应及后续整改计划？,verification,P0,always,形成该领域可验证的投资判断,CORP.021;CORP.022;CORP.023;CORP.024;CORP.025;CORP.026;CORP.027;CORP.028;CORP.029;CORP.030,Company;Person;Shareholder;Customer;Supplier;Contract;FinancialMetric;Risk,原始材料；专业尽调报告；合同/台账；公开信息；管理层书面确认,"T_VERIFY_DOCUMENT,T_ANALYZE",,evidence_bound + source_check + cross_check_if_applicable,conclusion;key_facts;evidence_refs;confidence;unresolved_items;risks;recommended_action,seed_review,0.70
DDQ.085,FIN_template,1,FIN,一、收入真实性与增长质量,报告期内各年度/期间的收入增速是否合理？近期是否出现增速大幅跳升的情形？其驱动因素是什么（新产能投产、新客户开拓、账期政策变化）？,analytical,P2,always,形成该领域可验证的投资判断,CUST.001;CUST.009;CUST.011;CUST.012;CUST.013;CUST.014;CUST.015;CUST.029;CUST.030;CUST.034;FIN.001;FIN.002;FIN.006;FIN.007;FIN.008;FIN.009;FIN.010,Company;Person;Shareholder;Customer;Supplier;Contract;FinancialMetric;Risk,客户明细；销售合同；订单；出货/验收单；发票；回款流水；应收账龄,T_CALCULATE_METRIC,RR.COMP.CUST.001;RR.COMP.FIN.003;RR.CROSS.003;RR.CROSS.007;RR.CUST.016.001;RR.CUST.018.001;RR.FIN.055.001;RR.FIN.060.001;RR.FIN.060.002;RR.TREND.001;RR.TREND.002;RR.TREND.003;RR.TREND.004,evidence_bound + source_check + cross_check_if_applicable,conclusion;key_facts;evidence_refs;confidence;unresolved_items;risks;recommended_action,seed_review,0.70
DDQ.086,FIN_template,2,FIN,一、收入真实性与增长质量,公司主要产品的收入结构（分产品/分业务）是否发生明显变化？该变化对整体毛利率、客户集中度的影响是什么？,analytical,P1,always,形成该领域可验证的投资判断,CUST.001;CUST.009;CUST.011;CUST.012;CUST.013;CUST.014;CUST.015;CUST.029;CUST.030;CUST.034;FIN.001;FIN.002;FIN.006;FIN.007;FIN.008;FIN.009;FIN.010;FIN.011;FIN.012;FIN.018;FIN.019;FIN.020;PROD.001;PROD.005;PROD.006;PROD.010;PROD.011;PROD.015;PROD.020,Company;Person;Shareholder;Customer;Supplier;Contract;FinancialMetric;Risk,客户明细；销售合同；订单；出货/验收单；发票；回款流水；应收账龄,T_ANALYZE,RR.COMP.CUST.001;RR.COMP.FIN.003;RR.COMP.PROD.005;RR.CROSS.003;RR.CROSS.007;RR.CUST.016.001;RR.CUST.018.001;RR.FIN.055.001;RR.FIN.060.001;RR.FIN.060.002;RR.PROD.050.001;RR.PROD.051.001;RR.TREND.001;RR.TREND.002;RR.TREND.003;RR.TREND.004,evidence_bound + source_check + cross_check_if_applicable,conclusion;key_facts;evidence_refs;confidence;unresolved_items;risks;recommended_action,seed_review,0.70
DDQ.087,FIN_template,3,FIN,一、收入真实性与增长质量,公司的收款模式（款到发货、账期信用）是否发生变化？是否存在放宽信用政策以刺激收入的迹象？,verification,P2,always,形成该领域可验证的投资判断,FIN.001;FIN.002;FIN.006;FIN.007;FIN.008;FIN.009;FIN.010,Company;Person;Shareholder;Customer;Supplier;Contract;FinancialMetric;Risk,客户明细；销售合同；订单；出货/验收单；发票；回款流水；应收账龄,T_VERIFY_DOCUMENT,RR.COMP.FIN.003;RR.CROSS.007;RR.FIN.055.001;RR.FIN.060.001;RR.FIN.060.002;RR.TREND.001;RR.TREND.002;RR.TREND.004,evidence_bound + source_check + cross_check_if_applicable,conclusion;key_facts;evidence_refs;confidence;unresolved_items;risks;recommended_action,seed_review,0.70
DDQ.088,FIN_template,4,FIN,一、收入真实性与增长质量,前十大客户中是否存在与公司股东、实际控制人有关联关系的客户？其收入占比及增长趋势如何？,verification,P0,always,形成该领域可验证的投资判断,CORP.021;CORP.022;CORP.023;CORP.024;CORP.025;CORP.026;CORP.027;CORP.028;CORP.029;CORP.030;CORP.036;CORP.037;CORP.038;CORP.039;CORP.040;CUST.001;CUST.009;CUST.011;CUST.012;CUST.013;CUST.014;CUST.015;CUST.029;CUST.030;CUST.034;FIN.001;FIN.002;FIN.006;FIN.007;FIN.008;FIN.009;FIN.010,Company;Person;Shareholder;Customer;Supplier;Contract;FinancialMetric;Risk,客户明细；销售合同；订单；出货/验收单；发票；回款流水；应收账龄,"T_VERIFY_DOCUMENT,T_CALCULATE_METRIC",RR.COMP.CUST.001;RR.COMP.FIN.003;RR.CROSS.003;RR.CROSS.007;RR.CROSS.010;RR.CUST.016.001;RR.CUST.018.001;RR.FIN.055.001;RR.FIN.060.001;RR.FIN.060.002;RR.TREND.001;RR.TREND.002;RR.TREND.003;RR.TREND.004,evidence_bound + source_check + cross_check_if_applicable,conclusion;key_facts;evidence_refs;confidence;unresolved_items;risks;recommended_action,seed_review,0.70
DDQ.089,FIN_template,5,FIN,一、收入真实性与增长质量,前十大客户中是否存在收入贡献异常高、且缺乏合理商业解释的客户？,verification,P2,always,形成该领域可验证的投资判断,CUST.001;CUST.009;CUST.011;CUST.012;CUST.013;CUST.014;CUST.015;CUST.029;CUST.030;CUST.034;FIN.001;FIN.002;FIN.006;FIN.007;FIN.008;FIN.009;FIN.010,Company;Person;Shareholder;Customer;Supplier;Contract;FinancialMetric;Risk,客户明细；销售合同；订单；出货/验收单；发票；回款流水；应收账龄,T_VERIFY_DOCUMENT,RR.COMP.CUST.001;RR.COMP.FIN.003;RR.CROSS.003;RR.CROSS.007;RR.CUST.016.001;RR.CUST.018.001;RR.FIN.055.001;RR.FIN.060.001;RR.FIN.060.002;RR.TREND.001;RR.TREND.002;RR.TREND.003;RR.TREND.004,evidence_bound + source_check + cross_check_if_applicable,conclusion;key_facts;evidence_refs;confidence;unresolved_items;risks;recommended_action,seed_review,0.70
DDQ.090,FIN_template,6,FIN,一、收入真实性与增长质量,公司前十大客户是否存在处于破产重整、经营困难或其他异常状态的主体？相关交易的真实性、必要性是否需要专项核查？,verification,P0,always,形成该领域可验证的投资判断,CUST.001;CUST.009;CUST.011;CUST.012;CUST.013;CUST.014;CUST.015;CUST.029;CUST.030;CUST.034,Company;Person;Shareholder;Customer;Supplier;Contract;FinancialMetric;Risk,客户明细；销售合同；订单；出货/验收单；发票；回款流水；应收账龄,"T_VERIFY_DOCUMENT,T_EXTERNAL_VERIFY",RR.COMP.CUST.001;RR.CROSS.003;RR.CUST.016.001;RR.CUST.018.001;RR.TREND.003,evidence_bound + source_check + cross_check_if_applicable,conclusion;key_facts;evidence_refs;confidence;unresolved_items;risks;recommended_action,seed_review,0.70
DDQ.091,FIN_template,7,FIN,一、收入真实性与增长质量,公司收入是否高度集中于少数客户？客户结构是否正在向更稳定的客户类型（如大型品牌商/主机厂）转型？该转型有无具体名单和金额支撑？,factual+analytical,P2,always,形成该领域可验证的投资判断,CUST.001;CUST.009;CUST.011;CUST.012;CUST.013;CUST.014;CUST.015;CUST.029;CUST.030;CUST.034;FIN.001;FIN.002;FIN.006;FIN.007;FIN.008;FIN.009;FIN.010,Company;Person;Shareholder;Customer;Supplier;Contract;FinancialMetric;Risk,客户明细；销售合同；订单；出货/验收单；发票；回款流水；应收账龄,T_CALCULATE_METRIC,RR.COMP.CUST.001;RR.COMP.FIN.003;RR.CROSS.003;RR.CROSS.007;RR.CUST.016.001;RR.CUST.018.001;RR.FIN.055.001;RR.FIN.060.001;RR.FIN.060.002;RR.TREND.001;RR.TREND.002;RR.TREND.003;RR.TREND.004,evidence_bound + source_check + cross_check_if_applicable,conclusion;key_facts;evidence_refs;confidence;unresolved_items;risks;recommended_action,seed_review,0.70
DDQ.092,FIN_template,8,FIN,一、收入真实性与增长质量,新增产能/产线投产后的实际单价、成本是否与预测假设存在明显偏差？偏差的原因是什么？,factual+analytical,P2,always,形成该领域可验证的投资判断,FIN.095;FIN.096;FIN.097;FIN.098;FIN.099;FIN.100;FIN.101;FIN.102;FIN.103;FIN.104,Company;Person;Shareholder;Customer;Supplier;Contract;FinancialMetric;Risk,客户明细；销售合同；订单；出货/验收单；发票；回款流水；应收账龄,T_ANALYZE,RR.COMP.FIN.003;RR.COMP.MGMT.004;RR.CROSS.006;RR.CROSS.007;RR.FIN.055.001;RR.FIN.060.001;RR.FIN.060.002;RR.TREND.001;RR.TREND.002;RR.TREND.004;RR.TREND.005,evidence_bound + source_check + cross_check_if_applicable,conclusion;key_facts;evidence_refs;confidence;unresolved_items;risks;recommended_action,seed_review,0.70
DDQ.093,FIN_template,9,FIN,一、收入真实性与增长质量,除前十大客户外的分散收入部分，其真实性、回款情况是否已经过独立抽样核实，而非仅依赖管理层报表？,verification,P2,always,形成该领域可验证的投资判断,CUST.001;CUST.009;CUST.011;CUST.012;CUST.013;CUST.014;CUST.015;CUST.029;CUST.030;CUST.034;FIN.001;FIN.002;FIN.006;FIN.007;FIN.008;FIN.009;FIN.010;MGMT.011;MGMT.012;MGMT.013;MGMT.019;MGMT.020;MGMT.033;MGMT.035;MGMT.037,Company;Person;Shareholder;Customer;Supplier;Contract;FinancialMetric;Risk,客户明细；销售合同；订单；出货/验收单；发票；回款流水；应收账龄,T_VERIFY_DOCUMENT,RR.COMP.CUST.001;RR.COMP.FIN.003;RR.COMP.MGMT.004;RR.CROSS.003;RR.CROSS.006;RR.CROSS.007;RR.CROSS.009;RR.CUST.016.001;RR.CUST.018.001;RR.FIN.055.001;RR.FIN.060.001;RR.FIN.060.002;RR.MGMT.011.001;RR.MGMT.041.001;RR.TREND.001;RR.TREND.002;RR.TREND.003;RR.TREND.004;RR.TREND.005,evidence_bound + source_check + cross_check_if_applicable,conclusion;key_facts;evidence_refs;confidence;unresolved_items;risks;recommended_action,seed_review,0.70
DDQ.094,FIN_template,10,FIN,一、收入真实性与增长质量,公司是否存在通过关联方或准关联方进行循环交易、从而虚增收入规模的可能？关联收入占总收入比例是多少？,verification,P2,always,形成该领域可验证的投资判断,CORP.036;CORP.037;CORP.038;CORP.039;CORP.040;FIN.001;FIN.002;FIN.006;FIN.007;FIN.008;FIN.009;FIN.010,Company;Person;Shareholder;Customer;Supplier;Contract;FinancialMetric;Risk,客户明细；销售合同；订单；出货/验收单；发票；回款流水；应收账龄,"T_VERIFY_DOCUMENT,T_CALCULATE_METRIC,T_ANALYZE",RR.COMP.FIN.003;RR.CROSS.007;RR.CROSS.010;RR.FIN.055.001;RR.FIN.060.001;RR.FIN.060.002;RR.TREND.001;RR.TREND.002;RR.TREND.004,evidence_bound + source_check + cross_check_if_applicable,conclusion;key_facts;evidence_refs;confidence;unresolved_items;risks;recommended_action,seed_review,0.70
DDQ.095,FIN_template,11,FIN,一、收入真实性与增长质量,公司的退换货率是否处于合理水平？是否存在个别客户退换货率异常偏高的情形？,verification,P2,always,形成该领域可验证的投资判断,CUST.001;CUST.009;CUST.011;CUST.012;CUST.013;CUST.014;CUST.015;CUST.029;CUST.030;CUST.034,Company;Person;Shareholder;Customer;Supplier;Contract;FinancialMetric;Risk,客户明细；销售合同；订单；出货/验收单；发票；回款流水；应收账龄,T_VERIFY_DOCUMENT,RR.COMP.CUST.001;RR.CROSS.003;RR.CUST.016.001;RR.CUST.018.001;RR.TREND.003,evidence_bound + source_check + cross_check_if_applicable,conclusion;key_facts;evidence_refs;confidence;unresolved_items;risks;recommended_action,seed_review,0.70
DDQ.096,FIN_template,12,FIN,一、收入真实性与增长质量,本次财务尽调的工作范围是否明确覆盖了收入确认穿行测试（销售合同、验收单据、回款单据）？未覆盖的部分是否需要补充核查？,verification,P2,always,形成该领域可验证的投资判断,FIN.001;FIN.002;FIN.006;FIN.007;FIN.008;FIN.009;FIN.010;LEGAL.016;LEGAL.017;LEGAL.018;LEGAL.019;LEGAL.020;LEGAL.021;LEGAL.022;LEGAL.023,Company;Person;Shareholder;Customer;Supplier;Contract;FinancialMetric;Risk,客户明细；销售合同；订单；出货/验收单；发票；回款流水；应收账龄,T_VERIFY_DOCUMENT,RR.COMP.FIN.003;RR.CROSS.007;RR.CROSS.010;RR.FIN.055.001;RR.FIN.060.001;RR.FIN.060.002;RR.LEGAL.039.001;RR.TREND.001;RR.TREND.002;RR.TREND.004,evidence_bound + source_check + cross_check_if_applicable,conclusion;key_facts;evidence_refs;confidence;unresolved_items;risks;recommended_action,seed_review,0.70
DDQ.097,FIN_template,13,FIN,二、盈利质量与非经常性损益,报告对净利润的调整事项主要包括哪些（信用减值、非经常性损益、股份支付等）？调整幅度是否显著？,analytical,P1,always,形成该领域可验证的投资判断,FIN.021;FIN.023;FIN.030;FIN.033;FIN.034,Company;Person;Shareholder;Customer;Supplier;Contract;FinancialMetric;Risk,经审计财务报表；总账/明细账；银行流水；财务台账；预测模型；审计/财务尽调底稿,T_EXTRACT_FACT,RR.COMP.FIN.003;RR.CROSS.007;RR.FIN.055.001;RR.FIN.060.001;RR.FIN.060.002;RR.TREND.001;RR.TREND.002;RR.TREND.004,evidence_bound + source_check + cross_check_if_applicable,conclusion;key_facts;evidence_refs;confidence;unresolved_items;risks;recommended_action,seed_review,0.70
DDQ.098,FIN_template,14,FIN,二、盈利质量与非经常性损益,公司净利润中政府补助、税收优惠（如即征即退、所得税减免）的具体金额及占比是多少？剔除后的核心经营利润是多少？,factual+analytical,P2,always,形成该领域可验证的投资判断,FIN.021;FIN.023;FIN.030;FIN.033;FIN.034,Company;Person;Shareholder;Customer;Supplier;Contract;FinancialMetric;Risk,经审计财务报表；总账/明细账；银行流水；财务台账；预测模型；审计/财务尽调底稿,T_CALCULATE_METRIC,RR.COMP.FIN.003;RR.CROSS.007;RR.FIN.055.001;RR.FIN.060.001;RR.FIN.060.002;RR.TREND.001;RR.TREND.002;RR.TREND.004,evidence_bound + source_check + cross_check_if_applicable,conclusion;key_facts;evidence_refs;confidence;unresolved_items;risks;recommended_action,seed_review,0.70
DDQ.099,FIN_template,15,FIN,二、盈利质量与非经常性损益,上述税收优惠政策未来是否存在到期或政策调整的风险？,verification,P2,always,形成该领域可验证的投资判断,FIN.098;LEGAL.027,Company;Person;Shareholder;Customer;Supplier;Contract;FinancialMetric;Risk,经审计财务报表；总账/明细账；银行流水；财务台账；预测模型；审计/财务尽调底稿,"T_VERIFY_DOCUMENT,T_ANALYZE",,evidence_bound + source_check + cross_check_if_applicable,conclusion;key_facts;evidence_refs;confidence;unresolved_items;risks;recommended_action,expert_reviewed,0.85
DDQ.100,FIN_template,16,FIN,二、盈利质量与非经常性损益,"公司坏账准备的计提是否充分？测算的坏账准备""应有余额""与""已计提余额""之间是否存在明显缺口？",verification,P2,always,形成该领域可验证的投资判断,CUST.027;FIN.051,Company;Person;Shareholder;Customer;Supplier;Contract;FinancialMetric;Risk,经审计财务报表；总账/明细账；银行流水；财务台账；预测模型；审计/财务尽调底稿,T_VERIFY_DOCUMENT,,evidence_bound + source_check + cross_check_if_applicable,conclusion;key_facts;evidence_refs;confidence;unresolved_items;risks;recommended_action,expert_reviewed,0.85
DDQ.101,FIN_template,17,FIN,二、盈利质量与非经常性损益,其他应收款中是否包含股东往来、员工借款、押金保证金等非经营性项目？其坏账风险是否已充分评估？,verification,P2,always,形成该领域可验证的投资判断,FIN.048;FIN.051;FIN.056;FIN.065;FIN.066;FIN.067;FIN.072;FIN.073;FIN.074;FIN.082;FIN.083;FIN.084,Company;Person;Shareholder;Customer;Supplier;Contract;FinancialMetric;Risk,经审计财务报表；总账/明细账；银行流水；财务台账；预测模型；审计/财务尽调底稿,"T_VERIFY_DOCUMENT,T_ANALYZE",RR.COMP.FIN.003;RR.CROSS.007;RR.FIN.055.001;RR.FIN.060.001;RR.FIN.060.002;RR.TREND.001;RR.TREND.002;RR.TREND.004,evidence_bound + source_check + cross_check_if_applicable,conclusion;key_facts;evidence_refs;confidence;unresolved_items;risks;recommended_action,seed_review,0.70
DDQ.102,FIN_template,18,FIN,二、盈利质量与非经常性损益,"股份支付相关费用是否已按会计准则要求足额确认？是否存在""无法匡算""或延迟确认的情形，可能导致报告期利润被高估？",verification,P1,always,形成该领域可验证的投资判断,FIN.021;FIN.023;FIN.030;FIN.033;FIN.034,Company;Person;Shareholder;Customer;Supplier;Contract;FinancialMetric;Risk,经审计财务报表；总账/明细账；银行流水；财务台账；预测模型；审计/财务尽调底稿,"T_VERIFY_DOCUMENT,T_ANALYZE",RR.COMP.FIN.003;RR.CROSS.007;RR.FIN.055.001;RR.FIN.060.001;RR.FIN.060.002;RR.TREND.001;RR.TREND.002;RR.TREND.004,evidence_bound + source_check + cross_check_if_applicable,conclusion;key_facts;evidence_refs;confidence;unresolved_items;risks;recommended_action,seed_review,0.70
DDQ.103,FIN_template,19,FIN,二、盈利质量与非经常性损益,"本次盈利质量调整是否明确为""初步""性质？是否存在因资料获取受限（如未取得BOM、订单明细）而需要在交割前补充复核的必要？",verification,P2,always,形成该领域可验证的投资判断,DATA.001;DATA.002,Company;Person;Shareholder;Customer;Supplier;Contract;FinancialMetric;Risk,经审计财务报表；总账/明细账；银行流水；财务台账；预测模型；审计/财务尽调底稿,T_VERIFY_DOCUMENT,,evidence_bound + source_check + cross_check_if_applicable,conclusion;key_facts;evidence_refs;confidence;unresolved_items;risks;recommended_action,expert_reviewed,0.85
DDQ.104,FIN_template,20,FIN,二、盈利质量与非经常性损益,公司毛利率、期间费用率与同行业可比公司相比是否存在显著差异？该差异是否有清晰、可验证的业务解释？,verification,P2,always,形成该领域可验证的投资判断,FIN.011;FIN.012;FIN.018;FIN.019;FIN.020;MKT.001;MKT.004;MKT.005;MKT.017;MKT.018;MKT.042,Company;Person;Shareholder;Customer;Supplier;Contract;FinancialMetric;Risk,经审计财务报表；总账/明细账；银行流水；财务台账；预测模型；审计/财务尽调底稿,"T_VERIFY_DOCUMENT,T_CROSS_CHECK",RR.COMP.FIN.003;RR.CROSS.007;RR.FIN.055.001;RR.FIN.060.001;RR.FIN.060.002;RR.MKT.042.001;RR.TREND.001;RR.TREND.002;RR.TREND.004,evidence_bound + source_check + cross_check_if_applicable,conclusion;key_facts;evidence_refs;confidence;unresolved_items;risks;recommended_action,seed_review,0.70
DDQ.105,FIN_template,21,FIN,二、盈利质量与非经常性损益,营业外收支中是否包含捐赠、资产报废等非经常性项目？是否已在正常化调整中充分剔除？,verification,P2,always,形成该领域可验证的投资判断,FIN.030;FIN.098,Company;Person;Shareholder;Customer;Supplier;Contract;FinancialMetric;Risk,经审计财务报表；总账/明细账；银行流水；财务台账；预测模型；审计/财务尽调底稿,T_VERIFY_DOCUMENT,,evidence_bound + source_check + cross_check_if_applicable,conclusion;key_facts;evidence_refs;confidence;unresolved_items;risks;recommended_action,expert_reviewed,0.85
DDQ.106,FIN_template,22,FIN,二、盈利质量与非经常性损益,"剔除全部非经常性及潜在追溯调整因素后，各期""核心可持续净利润""分别是多少？该数字是否已作为估值定价的共识基础？",verification,P1,always,形成该领域可验证的投资判断,FIN.021;FIN.023;FIN.030;FIN.033;FIN.034;TXN.002;TXN.003;TXN.008;TXN.009;TXN.010;TXN.017;TXN.018;TXN.019;TXN.024;TXN.025;TXN.027,Company;Person;Shareholder;Customer;Supplier;Contract;FinancialMetric;Risk,经审计财务报表；总账/明细账；银行流水；财务台账；预测模型；审计/财务尽调底稿,"T_VERIFY_DOCUMENT,T_CALCULATE_METRIC",RR.COMP.FIN.003;RR.COMP.TXN.006;RR.CROSS.007;RR.FIN.055.001;RR.FIN.060.001;RR.FIN.060.002;RR.TREND.001;RR.TREND.002;RR.TREND.004,evidence_bound + source_check + cross_check_if_applicable,conclusion;key_facts;evidence_refs;confidence;unresolved_items;risks;recommended_action,seed_review,0.70
DDQ.107,FIN_template,23,FIN,三、应收账款与信用政策,应收账款余额及周转天数的变化趋势如何？增速是否明显快于收入增速？,factual+analytical,P2,always,形成该领域可验证的投资判断,FIN.001;FIN.002;FIN.006;FIN.007;FIN.008;FIN.009;FIN.010;FIN.048;FIN.051;FIN.056,Company;Person;Shareholder;Customer;Supplier;Contract;FinancialMetric;Risk,原始材料；专业尽调报告；合同/台账；公开信息；管理层书面确认,T_CALCULATE_METRIC,RR.COMP.FIN.003;RR.CROSS.007;RR.FIN.055.001;RR.FIN.060.001;RR.FIN.060.002;RR.TREND.001;RR.TREND.002;RR.TREND.004,evidence_bound + source_check + cross_check_if_applicable,conclusion;key_facts;evidence_refs;confidence;unresolved_items;risks;recommended_action,seed_review,0.70
DDQ.108,FIN_template,24,FIN,三、应收账款与信用政策,应收账款前十大客户集中度是否很高？该等客户中是否包含已识别的高风险（破产重整、关联）客户？,analytical,P0,always,形成该领域可验证的投资判断,CORP.036;CORP.037;CORP.038;CORP.039;CORP.040;CUST.001;CUST.009;CUST.011;CUST.012;CUST.013;CUST.014;CUST.015;CUST.029;CUST.030;CUST.034;FIN.048;FIN.051;FIN.056,Company;Person;Shareholder;Customer;Supplier;Contract;FinancialMetric;Risk,原始材料；专业尽调报告；合同/台账；公开信息；管理层书面确认,"T_EXTERNAL_VERIFY,T_ANALYZE",RR.COMP.CUST.001;RR.COMP.FIN.003;RR.CROSS.003;RR.CROSS.007;RR.CROSS.010;RR.CUST.016.001;RR.CUST.018.001;RR.FIN.055.001;RR.FIN.060.001;RR.FIN.060.002;RR.TREND.001;RR.TREND.002;RR.TREND.003;RR.TREND.004,evidence_bound + source_check + cross_check_if_applicable,conclusion;key_facts;evidence_refs;confidence;unresolved_items;risks;recommended_action,seed_review,0.70
DDQ.109,FIN_template,25,FIN,三、应收账款与信用政策,对高风险客户的应收账款是否已按坏账政策足额计提？,verification,P2,always,形成该领域可验证的投资判断,CUST.001;CUST.009;CUST.011;CUST.012;CUST.013;CUST.014;CUST.015;CUST.029;CUST.030;CUST.034;FIN.048;FIN.051;FIN.056,Company;Person;Shareholder;Customer;Supplier;Contract;FinancialMetric;Risk,原始材料；专业尽调报告；合同/台账；公开信息；管理层书面确认,"T_VERIFY_DOCUMENT,T_ANALYZE",RR.COMP.CUST.001;RR.COMP.FIN.003;RR.CROSS.003;RR.CROSS.007;RR.CUST.016.001;RR.CUST.018.001;RR.FIN.055.001;RR.FIN.060.001;RR.FIN.060.002;RR.TREND.001;RR.TREND.002;RR.TREND.003;RR.TREND.004,evidence_bound + source_check + cross_check_if_applicable,conclusion;key_facts;evidence_refs;confidence;unresolved_items;risks;recommended_action,seed_review,0.70
DDQ.110,FIN_template,26,FIN,三、应收账款与信用政策,是否存在对特定客户放宽信用账期的情形？具体涉及的客户名单、金额及信用审批机制是什么？,verification,P2,always,形成该领域可验证的投资判断,CUST.001;CUST.009;CUST.011;CUST.012;CUST.013;CUST.014;CUST.015;CUST.029;CUST.030;CUST.034,Company;Person;Shareholder;Customer;Supplier;Contract;FinancialMetric;Risk,原始材料；专业尽调报告；合同/台账；公开信息；管理层书面确认,"T_VERIFY_DOCUMENT,T_CALCULATE_METRIC",RR.COMP.CUST.001;RR.CROSS.003;RR.CUST.016.001;RR.CUST.018.001;RR.TREND.003,evidence_bound + source_check + cross_check_if_applicable,conclusion;key_facts;evidence_refs;confidence;unresolved_items;risks;recommended_action,seed_review,0.70
DDQ.111,FIN_template,27,FIN,三、应收账款与信用政策,应收账款账龄结构是否健康？是否存在长账龄未计提或计提不足的情形？,verification,P2,always,形成该领域可验证的投资判断,FIN.048;FIN.051;FIN.056,Company;Person;Shareholder;Customer;Supplier;Contract;FinancialMetric;Risk,原始材料；专业尽调报告；合同/台账；公开信息；管理层书面确认,T_VERIFY_DOCUMENT,RR.COMP.FIN.003;RR.CROSS.007;RR.FIN.055.001;RR.FIN.060.001;RR.FIN.060.002;RR.TREND.001;RR.TREND.002;RR.TREND.004,evidence_bound + source_check + cross_check_if_applicable,conclusion;key_facts;evidence_refs;confidence;unresolved_items;risks;recommended_action,seed_review,0.70
DDQ.112,FIN_template,28,FIN,三、应收账款与信用政策,应收账款是否存在质押、保理等增信安排，可能影响对公司真实流动性的判断？,verification,P2,always,形成该领域可验证的投资判断,FIN.048;FIN.051;FIN.056,Company;Person;Shareholder;Customer;Supplier;Contract;FinancialMetric;Risk,原始材料；专业尽调报告；合同/台账；公开信息；管理层书面确认,"T_VERIFY_DOCUMENT,T_ANALYZE",RR.COMP.FIN.003;RR.CROSS.007;RR.FIN.055.001;RR.FIN.060.001;RR.FIN.060.002;RR.TREND.001;RR.TREND.002;RR.TREND.004,evidence_bound + source_check + cross_check_if_applicable,conclusion;key_facts;evidence_refs;confidence;unresolved_items;risks;recommended_action,seed_review,0.70
DDQ.113,FIN_template,29,FIN,三、应收账款与信用政策,应收账款与预收/合同负债的变化趋势是否匹配（即客户预付意愿是否与信用政策放宽方向一致）？,factual+analytical,P2,always,形成该领域可验证的投资判断,CUST.001;CUST.009;CUST.011;CUST.012;CUST.013;CUST.014;CUST.015;CUST.029;CUST.030;CUST.034;FIN.048;FIN.051;FIN.056;FIN.061;FIN.065;FIN.069;FIN.070;FIN.071;FIN.072;LEGAL.016;LEGAL.017;LEGAL.018;LEGAL.019;LEGAL.020;LEGAL.021;LEGAL.022;LEGAL.023,Company;Person;Shareholder;Customer;Supplier;Contract;FinancialMetric;Risk,原始材料；专业尽调报告；合同/台账；公开信息；管理层书面确认,"T_CALCULATE_METRIC,T_CROSS_CHECK",RR.COMP.CUST.001;RR.COMP.FIN.003;RR.CROSS.003;RR.CROSS.007;RR.CROSS.010;RR.CUST.016.001;RR.CUST.018.001;RR.FIN.055.001;RR.FIN.060.001;RR.FIN.060.002;RR.LEGAL.039.001;RR.TREND.001;RR.TREND.002;RR.TREND.003;RR.TREND.004,evidence_bound + source_check + cross_check_if_applicable,conclusion;key_facts;evidence_refs;confidence;unresolved_items;risks;recommended_action,seed_review,0.70
DDQ.114,FIN_template,30,FIN,三、应收账款与信用政策,是否存在应收账款前十大客户集中度与整体收入客户集中度不一致的情形，其背后原因是什么？,verification,P1,always,形成该领域可验证的投资判断,CUST.001;CUST.009;CUST.011;CUST.012;CUST.013;CUST.014;CUST.015;CUST.029;CUST.030;CUST.034;FIN.001;FIN.002;FIN.006;FIN.007;FIN.008;FIN.009;FIN.010;FIN.048;FIN.051;FIN.056,Company;Person;Shareholder;Customer;Supplier;Contract;FinancialMetric;Risk,原始材料；专业尽调报告；合同/台账；公开信息；管理层书面确认,"T_VERIFY_DOCUMENT,T_CROSS_CHECK,T_ANALYZE",RR.COMP.CUST.001;RR.COMP.FIN.003;RR.CROSS.003;RR.CROSS.007;RR.CUST.016.001;RR.CUST.018.001;RR.FIN.055.001;RR.FIN.060.001;RR.FIN.060.002;RR.TREND.001;RR.TREND.002;RR.TREND.003;RR.TREND.004,evidence_bound + source_check + cross_check_if_applicable,conclusion;key_facts;evidence_refs;confidence;unresolved_items;risks;recommended_action,seed_review,0.70
DDQ.115,FIN_template,31,FIN,四、存货,存货余额及周转天数的变化趋势如何？周转天数是否显著慢于同行业可比公司？,factual+analytical,P1,always,形成该领域可验证的投资判断,FIN.049;FIN.052;FIN.057;MKT.001;MKT.004;MKT.005;MKT.017;MKT.018;MKT.042,Company;Person;Shareholder;Customer;Supplier;Contract;FinancialMetric;Risk,经审计财务报表；总账/明细账；银行流水；财务台账；预测模型；审计/财务尽调底稿,"T_CALCULATE_METRIC,T_CROSS_CHECK",RR.COMP.FIN.003;RR.CROSS.007;RR.FIN.055.001;RR.FIN.060.001;RR.FIN.060.002;RR.MKT.042.001;RR.TREND.001;RR.TREND.002;RR.TREND.004,evidence_bound + source_check + cross_check_if_applicable,conclusion;key_facts;evidence_refs;confidence;unresolved_items;risks;recommended_action,seed_review,0.70
DDQ.116,FIN_template,32,FIN,四、存货,是否存在库龄较长、可能面临跌价风险的存货（如早期低良率产品、滞销库存）？具体金额及占比是多少？,verification,P1,always,形成该领域可验证的投资判断,FIN.049;FIN.052;FIN.057;PROD.001;PROD.005;PROD.006;PROD.010;PROD.011;PROD.015;PROD.020,Company;Person;Shareholder;Customer;Supplier;Contract;FinancialMetric;Risk,经审计财务报表；总账/明细账；银行流水；财务台账；预测模型；审计/财务尽调底稿,"T_VERIFY_DOCUMENT,T_CALCULATE_METRIC,T_ANALYZE",RR.COMP.FIN.003;RR.COMP.PROD.005;RR.CROSS.007;RR.FIN.055.001;RR.FIN.060.001;RR.FIN.060.002;RR.PROD.050.001;RR.PROD.051.001;RR.TREND.001;RR.TREND.002;RR.TREND.004,evidence_bound + source_check + cross_check_if_applicable,conclusion;key_facts;evidence_refs;confidence;unresolved_items;risks;recommended_action,seed_review,0.70
DDQ.117,FIN_template,33,FIN,四、存货,公司是否已制定并公开明确的存货去化计划（时间表、去化方式）？该计划是否已随时间推移而更新，还是沿用过时版本？,verification,P1,always,形成该领域可验证的投资判断,FIN.049;FIN.052;FIN.057,Company;Person;Shareholder;Customer;Supplier;Contract;FinancialMetric;Risk,经审计财务报表；总账/明细账；银行流水；财务台账；预测模型；审计/财务尽调底稿,T_VERIFY_DOCUMENT,RR.COMP.FIN.003;RR.CROSS.007;RR.FIN.055.001;RR.FIN.060.001;RR.FIN.060.002;RR.TREND.001;RR.TREND.002;RR.TREND.004,evidence_bound + source_check + cross_check_if_applicable,conclusion;key_facts;evidence_refs;confidence;unresolved_items;risks;recommended_action,seed_review,0.70
DDQ.118,FIN_template,34,FIN,四、存货,若存货无法按计划去化，需要计提的跌价准备预计金额是多少？对净资产的敏感性有多大？,factual+analytical,P1,always,形成该领域可验证的投资判断,FIN.049;FIN.052;FIN.057,Company;Person;Shareholder;Customer;Supplier;Contract;FinancialMetric;Risk,经审计财务报表；总账/明细账；银行流水；财务台账；预测模型；审计/财务尽调底稿,T_CALCULATE_METRIC,RR.COMP.FIN.003;RR.CROSS.007;RR.FIN.055.001;RR.FIN.060.001;RR.FIN.060.002;RR.TREND.001;RR.TREND.002;RR.TREND.004,evidence_bound + source_check + cross_check_if_applicable,conclusion;key_facts;evidence_refs;confidence;unresolved_items;risks;recommended_action,seed_review,0.70
DDQ.119,FIN_template,35,FIN,四、存货,存货增速是否与收入增速匹配？是否存在为满足激进收入预测而提前大规模备货、推高营运资金占用的情况？,verification,P1,always,形成该领域可验证的投资判断,FIN.001;FIN.002;FIN.006;FIN.007;FIN.008;FIN.009;FIN.010;FIN.049;FIN.052;FIN.057;FIN.095;FIN.096;FIN.097;FIN.098;FIN.099;FIN.100;FIN.101;FIN.102;FIN.103;FIN.104,Company;Person;Shareholder;Customer;Supplier;Contract;FinancialMetric;Risk,经审计财务报表；总账/明细账；银行流水；财务台账；预测模型；审计/财务尽调底稿,"T_VERIFY_DOCUMENT,T_CALCULATE_METRIC",RR.COMP.FIN.003;RR.COMP.MGMT.004;RR.CROSS.006;RR.CROSS.007;RR.FIN.055.001;RR.FIN.060.001;RR.FIN.060.002;RR.TREND.001;RR.TREND.002;RR.TREND.004;RR.TREND.005,evidence_bound + source_check + cross_check_if_applicable,conclusion;key_facts;evidence_refs;confidence;unresolved_items;risks;recommended_action,seed_review,0.70
DDQ.120,FIN_template,36,FIN,四、存货,除已识别的高风险存货外，其他存货的库龄结构是否健康？本次尽调是否已获取完整的库龄明细及BOM资料以支持判断？,verification,P1,always,形成该领域可验证的投资判断,FIN.049;FIN.052;FIN.057,Company;Person;Shareholder;Customer;Supplier;Contract;FinancialMetric;Risk,经审计财务报表；总账/明细账；银行流水；财务台账；预测模型；审计/财务尽调底稿,"T_VERIFY_DOCUMENT,T_ANALYZE",RR.COMP.FIN.003;RR.CROSS.007;RR.FIN.055.001;RR.FIN.060.001;RR.FIN.060.002;RR.TREND.001;RR.TREND.002;RR.TREND.004,evidence_bound + source_check + cross_check_if_applicable,conclusion;key_facts;evidence_refs;confidence;unresolved_items;risks;recommended_action,seed_review,0.70
DDQ.121,FIN_template,37,FIN,四、存货,公司是否有完善的存货管理制度（安全库存、呆滞库存定期评估）？,analytical,P1,always,形成该领域可验证的投资判断,ESG.014;ESG.015;ESG.018;FIN.049;FIN.052;FIN.057;MGMT.011;MGMT.012;MGMT.013;MGMT.019;MGMT.020;MGMT.033;MGMT.035;MGMT.037,Company;Person;Shareholder;Customer;Supplier;Contract;FinancialMetric;Risk,经审计财务报表；总账/明细账；银行流水；财务台账；预测模型；审计/财务尽调底稿,T_EXTRACT_FACT,RR.COMP.FIN.003;RR.COMP.MGMT.004;RR.CROSS.006;RR.CROSS.007;RR.CROSS.009;RR.FIN.055.001;RR.FIN.060.001;RR.FIN.060.002;RR.MGMT.011.001;RR.MGMT.041.001;RR.TREND.001;RR.TREND.002;RR.TREND.004;RR.TREND.005,evidence_bound + source_check + cross_check_if_applicable,conclusion;key_facts;evidence_refs;confidence;unresolved_items;risks;recommended_action,seed_review,0.70
DDQ.122,FIN_template,38,FIN,五、现金流量,报告期内经营活动现金流净额与净利润的匹配程度如何？两者是否存在明显背离（利润高、现金低）？,verification,P2,always,形成该领域可验证的投资判断,FIN.021;FIN.023;FIN.030;FIN.033;FIN.034;FIN.035;FIN.036;FIN.037;FIN.038;FIN.039;FIN.041;FIN.055,Company;Person;Shareholder;Customer;Supplier;Contract;FinancialMetric;Risk,经审计财务报表；总账/明细账；银行流水；财务台账；预测模型；审计/财务尽调底稿,T_VERIFY_DOCUMENT,RR.COMP.FIN.003;RR.CROSS.007;RR.FIN.055.001;RR.FIN.060.001;RR.FIN.060.002;RR.TREND.001;RR.TREND.002;RR.TREND.004,evidence_bound + source_check + cross_check_if_applicable,conclusion;key_facts;evidence_refs;confidence;unresolved_items;risks;recommended_action,seed_review,0.70
DDQ.123,FIN_template,39,FIN,五、现金流量,若存在背离，主要驱动因素是应收账款、存货占用还是其他项目？,analytical,P1,conditional,形成该领域可验证的投资判断,FIN.048;FIN.049;FIN.051;FIN.052;FIN.056;FIN.057,Company;Person;Shareholder;Customer;Supplier;Contract;FinancialMetric;Risk,经审计财务报表；总账/明细账；银行流水；财务台账；预测模型；审计/财务尽调底稿,T_EXTRACT_FACT,RR.COMP.FIN.003;RR.CROSS.007;RR.FIN.055.001;RR.FIN.060.001;RR.FIN.060.002;RR.TREND.001;RR.TREND.002;RR.TREND.004,evidence_bound + source_check + cross_check_if_applicable,conclusion;key_facts;evidence_refs;confidence;unresolved_items;risks;recommended_action,seed_review,0.70
DDQ.124,FIN_template,40,FIN,五、现金流量,"""收到其他与经营活动有关的现金""中是否包含政府补助、保证金退回等非持续性项目？具体金额及占比是多少？",factual+analytical,P2,always,形成该领域可验证的投资判断,FIN.035;FIN.036;FIN.037;FIN.038;FIN.039;FIN.041;FIN.055,Company;Person;Shareholder;Customer;Supplier;Contract;FinancialMetric;Risk,经审计财务报表；总账/明细账；银行流水；财务台账；预测模型；审计/财务尽调底稿,T_CALCULATE_METRIC,RR.COMP.FIN.003;RR.CROSS.007;RR.FIN.055.001;RR.FIN.060.001;RR.FIN.060.002;RR.TREND.001;RR.TREND.002;RR.TREND.004,evidence_bound + source_check + cross_check_if_applicable,conclusion;key_facts;evidence_refs;confidence;unresolved_items;risks;recommended_action,seed_review,0.70
DDQ.125,FIN_template,41,FIN,五、现金流量,投资活动现金流出（资本开支）的规模及用途是否已经过独立核实（而非仅依据管理层报表）？,verification,P2,always,形成该领域可验证的投资判断,FIN.035;FIN.036;FIN.037;FIN.038;FIN.039;FIN.041;FIN.055;MGMT.011;MGMT.012;MGMT.013;MGMT.019;MGMT.020;MGMT.033;MGMT.035;MGMT.037,Company;Person;Shareholder;Customer;Supplier;Contract;FinancialMetric;Risk,经审计财务报表；总账/明细账；银行流水；财务台账；预测模型；审计/财务尽调底稿,"T_VERIFY_DOCUMENT,T_CALCULATE_METRIC",RR.COMP.FIN.003;RR.COMP.MGMT.004;RR.CROSS.006;RR.CROSS.007;RR.CROSS.009;RR.FIN.055.001;RR.FIN.060.001;RR.FIN.060.002;RR.MGMT.011.001;RR.MGMT.041.001;RR.TREND.001;RR.TREND.002;RR.TREND.004;RR.TREND.005,evidence_bound + source_check + cross_check_if_applicable,conclusion;key_facts;evidence_refs;confidence;unresolved_items;risks;recommended_action,seed_review,0.70
DDQ.126,FIN_template,42,FIN,五、现金流量,经营+投资活动现金流缺口主要依靠哪些融资渠道弥补（股权融资、银行借款、融资租赁）？若外部融资未能如期到位，是否存在现金流断裂风险？,verification,P0,conditional,形成该领域可验证的投资判断,FIN.035;FIN.036;FIN.037;FIN.038;FIN.039;FIN.041;FIN.055;FIN.065;FIN.066;FIN.067;FIN.072;FIN.073;FIN.074;FIN.082;FIN.083;FIN.084;TXN.004;TXN.005;TXN.027,Company;Person;Shareholder;Customer;Supplier;Contract;FinancialMetric;Risk,经审计财务报表；总账/明细账；银行流水；财务台账；预测模型；审计/财务尽调底稿,"T_VERIFY_DOCUMENT,T_ANALYZE",RR.COMP.FIN.003;RR.COMP.TXN.006;RR.CROSS.007;RR.FIN.055.001;RR.FIN.060.001;RR.FIN.060.002;RR.TREND.001;RR.TREND.002;RR.TREND.004,evidence_bound + source_check + cross_check_if_applicable,conclusion;key_facts;evidence_refs;confidence;unresolved_items;risks;recommended_action,seed_review,0.70
DDQ.127,FIN_template,43,FIN,五、现金流量,公司货币资金余额是否全部为非受限资金？是否存在因贷款协议约定的保证金、监管账户等实质受限但未单独列示的情形？,verification,P2,always,形成该领域可验证的投资判断,FIN.055;FIN.077,Company;Person;Shareholder;Customer;Supplier;Contract;FinancialMetric;Risk,经审计财务报表；总账/明细账；银行流水；财务台账；预测模型；审计/财务尽调底稿,T_VERIFY_DOCUMENT,,evidence_bound + source_check + cross_check_if_applicable,conclusion;key_facts;evidence_refs;confidence;unresolved_items;risks;recommended_action,expert_reviewed,0.85
DDQ.128,FIN_template,44,FIN,五、现金流量,股东往来借款是否均有书面合同及约定利率？未签订合同的资金拆借是否存在被认定为非经营性资金占用的风险？,verification,P2,always,形成该领域可验证的投资判断,FIN.065;FIN.066;FIN.067;FIN.072;FIN.073;FIN.074;FIN.082;FIN.083;FIN.084;LEGAL.016;LEGAL.017;LEGAL.018;LEGAL.019;LEGAL.020;LEGAL.021;LEGAL.022;LEGAL.023,Company;Person;Shareholder;Customer;Supplier;Contract;FinancialMetric;Risk,经审计财务报表；总账/明细账；银行流水；财务台账；预测模型；审计/财务尽调底稿,"T_VERIFY_DOCUMENT,T_ANALYZE",RR.COMP.FIN.003;RR.CROSS.007;RR.CROSS.010;RR.FIN.055.001;RR.FIN.060.001;RR.FIN.060.002;RR.LEGAL.039.001;RR.TREND.001;RR.TREND.002;RR.TREND.004,evidence_bound + source_check + cross_check_if_applicable,conclusion;key_facts;evidence_refs;confidence;unresolved_items;risks;recommended_action,seed_review,0.70
DDQ.129,FIN_template,45,FIN,五、现金流量,公司自由现金流（经营性现金流减资本开支）是否持续为负？若是，实现自我造血预计还需要多长时间、多大规模的外部资金？,factual+analytical,P2,always,形成该领域可验证的投资判断,FIN.035;FIN.036;FIN.037;FIN.038;FIN.039;FIN.041;FIN.055,Company;Person;Shareholder;Customer;Supplier;Contract;FinancialMetric;Risk,经审计财务报表；总账/明细账；银行流水；财务台账；预测模型；审计/财务尽调底稿,T_CALCULATE_METRIC,RR.COMP.FIN.003;RR.CROSS.007;RR.FIN.055.001;RR.FIN.060.001;RR.FIN.060.002;RR.TREND.001;RR.TREND.002;RR.TREND.004,evidence_bound + source_check + cross_check_if_applicable,conclusion;key_facts;evidence_refs;confidence;unresolved_items;risks;recommended_action,seed_review,0.70
DDQ.130,FIN_template,46,FIN,五、现金流量,现金流量表分析是否已与同行业可比公司在类似发展阶段的现金流特征进行对标？,verification,P2,always,形成该领域可验证的投资判断,FIN.035;FIN.036;FIN.037;FIN.038;FIN.039;FIN.041;FIN.055;MKT.001;MKT.004;MKT.005;MKT.017;MKT.018;MKT.042,Company;Person;Shareholder;Customer;Supplier;Contract;FinancialMetric;Risk,经审计财务报表；总账/明细账；银行流水；财务台账；预测模型；审计/财务尽调底稿,"T_VERIFY_DOCUMENT,T_CROSS_CHECK",RR.COMP.FIN.003;RR.CROSS.007;RR.FIN.055.001;RR.FIN.060.001;RR.FIN.060.002;RR.MKT.042.001;RR.TREND.001;RR.TREND.002;RR.TREND.004,evidence_bound + source_check + cross_check_if_applicable,conclusion;key_facts;evidence_refs;confidence;unresolved_items;risks;recommended_action,seed_review,0.70
DDQ.131,FIN_template,47,FIN,六、负债结构与流动性,短期借款规模及占总有息负债比例如何？是否存在集中到期的情形？,verification,P2,always,形成该领域可验证的投资判断,FIN.061;FIN.065;FIN.066;FIN.067;FIN.069;FIN.070;FIN.071;FIN.072;FIN.073;FIN.074;FIN.082;FIN.083;FIN.084,Company;Person;Shareholder;Customer;Supplier;Contract;FinancialMetric;Risk,经审计财务报表；总账/明细账；银行流水；财务台账；预测模型；审计/财务尽调底稿,"T_VERIFY_DOCUMENT,T_CALCULATE_METRIC",RR.COMP.FIN.003;RR.CROSS.007;RR.FIN.055.001;RR.FIN.060.001;RR.FIN.060.002;RR.TREND.001;RR.TREND.002;RR.TREND.004,evidence_bound + source_check + cross_check_if_applicable,conclusion;key_facts;evidence_refs;confidence;unresolved_items;risks;recommended_action,seed_review,0.70
DDQ.132,FIN_template,48,FIN,六、负债结构与流动性,公司当前剩余可用银行授信额度是多少？是否足以覆盖短期借款的滚续需求？,factual+analytical,P2,always,形成该领域可验证的投资判断,FIN.065;FIN.066;FIN.067;FIN.072;FIN.073;FIN.074;FIN.082;FIN.083;FIN.084,Company;Person;Shareholder;Customer;Supplier;Contract;FinancialMetric;Risk,经审计财务报表；总账/明细账；银行流水；财务台账；预测模型；审计/财务尽调底稿,T_CALCULATE_METRIC,RR.COMP.FIN.003;RR.CROSS.007;RR.FIN.055.001;RR.FIN.060.001;RR.FIN.060.002;RR.TREND.001;RR.TREND.002;RR.TREND.004,evidence_bound + source_check + cross_check_if_applicable,conclusion;key_facts;evidence_refs;confidence;unresolved_items;risks;recommended_action,seed_review,0.70
DDQ.133,FIN_template,49,FIN,六、负债结构与流动性,借款是否依赖实际控制人个人担保？若实际控制人个人信用状况发生不利变化，是否会触发提前收贷？,analytical,P0,always,形成该领域可验证的投资判断,CORP.021;CORP.022;CORP.023;CORP.024;CORP.025;CORP.026;CORP.027;CORP.028;CORP.029;CORP.030;FIN.065;FIN.066;FIN.067;FIN.072;FIN.073;FIN.074;FIN.082;FIN.083;FIN.084,Company;Person;Shareholder;Customer;Supplier;Contract;FinancialMetric;Risk,经审计财务报表；总账/明细账；银行流水；财务台账；预测模型；审计/财务尽调底稿,T_EXTRACT_FACT,RR.COMP.FIN.003;RR.CROSS.007;RR.FIN.055.001;RR.FIN.060.001;RR.FIN.060.002;RR.TREND.001;RR.TREND.002;RR.TREND.004,evidence_bound + source_check + cross_check_if_applicable,conclusion;key_facts;evidence_refs;confidence;unresolved_items;risks;recommended_action,seed_review,0.70
DDQ.134,FIN_template,50,FIN,六、负债结构与流动性,若外部融资渠道（如IPO）受阻，公司是否已制定应急流动性方案？,verification,P2,conditional,形成该领域可验证的投资判断,FIN.065;FIN.066;FIN.067;FIN.082;FIN.083;FIN.084;TXN.004;TXN.005;TXN.027,Company;Person;Shareholder;Customer;Supplier;Contract;FinancialMetric;Risk,经审计财务报表；总账/明细账；银行流水；财务台账；预测模型；审计/财务尽调底稿,T_VERIFY_DOCUMENT,RR.COMP.FIN.003;RR.COMP.TXN.006;RR.CROSS.007;RR.FIN.055.001;RR.FIN.060.001;RR.FIN.060.002;RR.TREND.001;RR.TREND.002;RR.TREND.004,evidence_bound + source_check + cross_check_if_applicable,conclusion;key_facts;evidence_refs;confidence;unresolved_items;risks;recommended_action,seed_review,0.70
DDQ.135,FIN_template,51,FIN,六、负债结构与流动性,净债务及类债务规模的增速是否与净资产增速匹配？净债务/EBITDA等杠杆指标的敏感性分析是否已完成？,verification,P0,always,形成该领域可验证的投资判断,FIN.064;FIN.072,Company;Person;Shareholder;Customer;Supplier;Contract;FinancialMetric;Risk,经审计财务报表；总账/明细账；银行流水；财务台账；预测模型；审计/财务尽调底稿,"T_VERIFY_DOCUMENT,T_CALCULATE_METRIC",,evidence_bound + source_check + cross_check_if_applicable,conclusion;key_facts;evidence_refs;confidence;unresolved_items;risks;recommended_action,expert_reviewed,0.85
DDQ.136,FIN_template,52,FIN,六、负债结构与流动性,是否存在新增的长期借款或其他重大负债？其具体用途、利率、期限及是否附带财务契约（covenants）限制？,verification,P2,always,形成该领域可验证的投资判断,FIN.061;FIN.065;FIN.066;FIN.067;FIN.069;FIN.070;FIN.071;FIN.072;FIN.073;FIN.074;FIN.082;FIN.083;FIN.084,Company;Person;Shareholder;Customer;Supplier;Contract;FinancialMetric;Risk,经审计财务报表；总账/明细账；银行流水；财务台账；预测模型；审计/财务尽调底稿,T_VERIFY_DOCUMENT,RR.COMP.FIN.003;RR.CROSS.007;RR.FIN.055.001;RR.FIN.060.001;RR.FIN.060.002;RR.TREND.001;RR.TREND.002;RR.TREND.004,evidence_bound + source_check + cross_check_if_applicable,conclusion;key_facts;evidence_refs;confidence;unresolved_items;risks;recommended_action,seed_review,0.70
DDQ.137,FIN_template,53,FIN,六、负债结构与流动性,贷款合同中是否存在股权变动需通知/取得同意的条款？本次投资是否已完成相应程序？,verification,P2,always,形成该领域可验证的投资判断,LEGAL.016;LEGAL.017;LEGAL.018;LEGAL.019;LEGAL.020;LEGAL.021;LEGAL.022;LEGAL.023,Company;Person;Shareholder;Customer;Supplier;Contract;FinancialMetric;Risk,经审计财务报表；总账/明细账；银行流水；财务台账；预测模型；审计/财务尽调底稿,T_VERIFY_DOCUMENT,RR.CROSS.010;RR.LEGAL.039.001,evidence_bound + source_check + cross_check_if_applicable,conclusion;key_facts;evidence_refs;confidence;unresolved_items;risks;recommended_action,seed_review,0.70
DDQ.138,FIN_template,54,FIN,六、负债结构与流动性,融资租赁负债的隐含融资成本是否高于银行贷款？是否存在过度依赖高成本融资方式的迹象？,verification,P2,always,形成该领域可验证的投资判断,FIN.061;FIN.065;FIN.066;FIN.067;FIN.069;FIN.070;FIN.071;FIN.072;FIN.082;FIN.083;FIN.084;TXN.004;TXN.005;TXN.027,Company;Person;Shareholder;Customer;Supplier;Contract;FinancialMetric;Risk,经审计财务报表；总账/明细账；银行流水；财务台账；预测模型；审计/财务尽调底稿,T_VERIFY_DOCUMENT,RR.COMP.FIN.003;RR.COMP.TXN.006;RR.CROSS.007;RR.FIN.055.001;RR.FIN.060.001;RR.FIN.060.002;RR.TREND.001;RR.TREND.002;RR.TREND.004,evidence_bound + source_check + cross_check_if_applicable,conclusion;key_facts;evidence_refs;confidence;unresolved_items;risks;recommended_action,seed_review,0.70
DDQ.139,FIN_template,55,FIN,六、负债结构与流动性,一年内到期非流动负债的变化是否反映了负债重新分类或实际偿还，具体情况需要说明？,factual+analytical,P2,always,形成该领域可验证的投资判断,FIN.061;FIN.065;FIN.069;FIN.070;FIN.071;FIN.072,Company;Person;Shareholder;Customer;Supplier;Contract;FinancialMetric;Risk,经审计财务报表；总账/明细账；银行流水；财务台账；预测模型；审计/财务尽调底稿,T_EXTRACT_FACT,RR.COMP.FIN.003;RR.CROSS.007;RR.FIN.055.001;RR.FIN.060.001;RR.FIN.060.002;RR.TREND.001;RR.TREND.002;RR.TREND.004,evidence_bound + source_check + cross_check_if_applicable,conclusion;key_facts;evidence_refs;confidence;unresolved_items;risks;recommended_action,seed_review,0.70
DDQ.140,FIN_template,56,FIN,六、负债结构与流动性,公司是否存在对外担保、抵押（含资产、股权、知识产权质押）事项？是否已完整披露？,verification,P2,always,形成该领域可验证的投资判断,FIN.065;LEGAL.024,Company;Person;Shareholder;Customer;Supplier;Contract;FinancialMetric;Risk,经审计财务报表；总账/明细账；银行流水；财务台账；预测模型；审计/财务尽调底稿,T_VERIFY_DOCUMENT,,evidence_bound + source_check + cross_check_if_applicable,conclusion;key_facts;evidence_refs;confidence;unresolved_items;risks;recommended_action,expert_reviewed,0.85
DDQ.141,FIN_template,57,FIN,六、负债结构与流动性,结合在建工程的后续资本开支预算，公司未来1-2年的总资金缺口测算是多少？本轮投资是否能够覆盖？,factual+analytical,P2,always,形成该领域可验证的投资判断,FIN.080;FIN.101,Company;Person;Shareholder;Customer;Supplier;Contract;FinancialMetric;Risk,经审计财务报表；总账/明细账；银行流水；财务台账；预测模型；审计/财务尽调底稿,T_CALCULATE_METRIC,,evidence_bound + source_check + cross_check_if_applicable,conclusion;key_facts;evidence_refs;confidence;unresolved_items;risks;recommended_action,expert_reviewed,0.85
DDQ.142,FIN_template,58,FIN,六、负债结构与流动性,若需要新增流动性支持，投资人是否需要设置追加投资权利或优先认购权？,verification,P2,conditional,形成该领域可验证的投资判断,FIN.080;TXN.004,Company;Person;Shareholder;Customer;Supplier;Contract;FinancialMetric;Risk,经审计财务报表；总账/明细账；银行流水；财务台账；预测模型；审计/财务尽调底稿,T_EXTRACT_FACT,,evidence_bound + source_check + cross_check_if_applicable,conclusion;key_facts;evidence_refs;confidence;unresolved_items;risks;recommended_action,expert_reviewed,0.85
DDQ.143,FIN_template,59,FIN,七、营运资金,净营运资金规模及占收入比重的变化趋势如何？是否存在非单调（先降后升）的异常波动？,verification,P2,always,形成该领域可验证的投资判断,FIN.001;FIN.002;FIN.006;FIN.007;FIN.008;FIN.009;FIN.010,Company;Person;Shareholder;Customer;Supplier;Contract;FinancialMetric;Risk,经审计财务报表；总账/明细账；银行流水；财务台账；预测模型；审计/财务尽调底稿,"T_VERIFY_DOCUMENT,T_CALCULATE_METRIC",RR.COMP.FIN.003;RR.CROSS.007;RR.FIN.055.001;RR.FIN.060.001;RR.FIN.060.002;RR.TREND.001;RR.TREND.002;RR.TREND.004,evidence_bound + source_check + cross_check_if_applicable,conclusion;key_facts;evidence_refs;confidence;unresolved_items;risks;recommended_action,seed_review,0.70
DDQ.144,FIN_template,60,FIN,七、营运资金,预付账款规模变化的具体驱动因素是什么？是否存在异常大额或对关联方的预付款项？,verification,P2,always,形成该领域可验证的投资判断,CORP.036;CORP.037;CORP.038;CORP.039;CORP.040,Company;Person;Shareholder;Customer;Supplier;Contract;FinancialMetric;Risk,经审计财务报表；总账/明细账；银行流水；财务台账；预测模型；审计/财务尽调底稿,"T_VERIFY_DOCUMENT,T_CALCULATE_METRIC",RR.CROSS.010,evidence_bound + source_check + cross_check_if_applicable,conclusion;key_facts;evidence_refs;confidence;unresolved_items;risks;recommended_action,seed_review,0.70
DDQ.145,FIN_template,61,FIN,七、营运资金,合同负债（预收款）变化趋势是否反映客户提前锁单意愿的变化？,factual+analytical,P2,always,形成该领域可验证的投资判断,CUST.001;CUST.009;CUST.011;CUST.012;CUST.013;CUST.014;CUST.015;CUST.029;CUST.030;CUST.034;FIN.061;FIN.065;FIN.069;FIN.070;FIN.071;FIN.072;LEGAL.016;LEGAL.017;LEGAL.018;LEGAL.019;LEGAL.020;LEGAL.021;LEGAL.022;LEGAL.023,Company;Person;Shareholder;Customer;Supplier;Contract;FinancialMetric;Risk,经审计财务报表；总账/明细账；银行流水；财务台账；预测模型；审计/财务尽调底稿,T_CALCULATE_METRIC,RR.COMP.CUST.001;RR.COMP.FIN.003;RR.CROSS.003;RR.CROSS.007;RR.CROSS.010;RR.CUST.016.001;RR.CUST.018.001;RR.FIN.055.001;RR.FIN.060.001;RR.FIN.060.002;RR.LEGAL.039.001;RR.TREND.001;RR.TREND.002;RR.TREND.003;RR.TREND.004,evidence_bound + source_check + cross_check_if_applicable,conclusion;key_facts;evidence_refs;confidence;unresolved_items;risks;recommended_action,seed_review,0.70
DDQ.146,FIN_template,62,FIN,七、营运资金,应付账款周转天数及余额是否存在大幅波动？是否与供应商政策变化或集中付款相关？,verification,P1,always,形成该领域可验证的投资判断,SUPP.001;SUPP.003;SUPP.004;SUPP.006;SUPP.008;SUPP.010;SUPP.027;SUPP.028;SUPP.029;SUPP.030,Company;Person;Shareholder;Customer;Supplier;Contract;FinancialMetric;Risk,经审计财务报表；总账/明细账；银行流水；财务台账；预测模型；审计/财务尽调底稿,"T_VERIFY_DOCUMENT,T_CALCULATE_METRIC",RR.COMP.SUPP.002;RR.CROSS.008,evidence_bound + source_check + cross_check_if_applicable,conclusion;key_facts;evidence_refs;confidence;unresolved_items;risks;recommended_action,seed_review,0.70
DDQ.147,FIN_template,63,FIN,七、营运资金,营运资金占用的持续扩大是否已纳入公司未来资金需求测算，作为融资规模定价的依据之一？,verification,P2,always,形成该领域可验证的投资判断,FIN.065;FIN.066;FIN.067;FIN.082;FIN.083;FIN.084;TXN.004;TXN.005;TXN.027,Company;Person;Shareholder;Customer;Supplier;Contract;FinancialMetric;Risk,经审计财务报表；总账/明细账；银行流水；财务台账；预测模型；审计/财务尽调底稿,"T_VERIFY_DOCUMENT,T_CALCULATE_METRIC",RR.COMP.FIN.003;RR.COMP.TXN.006;RR.CROSS.007;RR.FIN.055.001;RR.FIN.060.001;RR.FIN.060.002;RR.TREND.001;RR.TREND.002;RR.TREND.004,evidence_bound + source_check + cross_check_if_applicable,conclusion;key_facts;evidence_refs;confidence;unresolved_items;risks;recommended_action,seed_review,0.70
DDQ.148,FIN_template,64,FIN,八、关联方资金及交易往来,公司历史上是否存在对股东、董事或关联方的资金拆借（含无息/无合同借款）？累计金额及利息处理方式是什么？,verification,P2,always,形成该领域可验证的投资判断,CORP.036;CORP.037;CORP.038;CORP.039;CORP.040;FIN.065;FIN.066;FIN.067;FIN.072;FIN.073;FIN.074;FIN.082;FIN.083;FIN.084;LEGAL.016;LEGAL.017;LEGAL.018;LEGAL.019;LEGAL.020;LEGAL.021;LEGAL.022;LEGAL.023,Company;Person;Shareholder;Customer;Supplier;Contract;FinancialMetric;Risk,原始材料；专业尽调报告；合同/台账；公开信息；管理层书面确认,"T_VERIFY_DOCUMENT,T_CALCULATE_METRIC",RR.COMP.FIN.003;RR.CROSS.007;RR.CROSS.010;RR.FIN.055.001;RR.FIN.060.001;RR.FIN.060.002;RR.LEGAL.039.001;RR.TREND.001;RR.TREND.002;RR.TREND.004,evidence_bound + source_check + cross_check_if_applicable,conclusion;key_facts;evidence_refs;confidence;unresolved_items;risks;recommended_action,seed_review,0.70
DDQ.149,FIN_template,65,FIN,八、关联方资金及交易往来,与高风险客户/供应商（如破产重整企业）之间的应收应付抵销金额，是否已在财务报表中单独披露？,verification,P0,always,形成该领域可验证的投资判断,CUST.001;CUST.009;CUST.011;CUST.012;CUST.013;CUST.014;CUST.015;CUST.029;CUST.030;CUST.034;FIN.048;FIN.051;FIN.056;SUPP.001;SUPP.003;SUPP.004;SUPP.006;SUPP.008;SUPP.010;SUPP.027;SUPP.028;SUPP.029;SUPP.030,Company;Person;Shareholder;Customer;Supplier;Contract;FinancialMetric;Risk,原始材料；专业尽调报告；合同/台账；公开信息；管理层书面确认,"T_VERIFY_DOCUMENT,T_EXTERNAL_VERIFY,T_CALCULATE_METRIC,T_ANALYZE",RR.COMP.CUST.001;RR.COMP.FIN.003;RR.COMP.SUPP.002;RR.CROSS.003;RR.CROSS.007;RR.CROSS.008;RR.CUST.016.001;RR.CUST.018.001;RR.FIN.055.001;RR.FIN.060.001;RR.FIN.060.002;RR.TREND.001;RR.TREND.002;RR.TREND.003;RR.TREND.004,evidence_bound + source_check + cross_check_if_applicable,conclusion;key_facts;evidence_refs;confidence;unresolved_items;risks;recommended_action,seed_review,0.70
DDQ.150,FIN_template,66,FIN,八、关联方资金及交易往来,关联方交易的金额是否与其他尽调报告（如法律尽调）披露的数字完全勾稽一致？,analytical,P2,always,形成该领域可验证的投资判断,CORP.036;CORP.037;CORP.038;CORP.039;CORP.040,Company;Person;Shareholder;Customer;Supplier;Contract;FinancialMetric;Risk,原始材料；专业尽调报告；合同/台账；公开信息；管理层书面确认,"T_CALCULATE_METRIC,T_CROSS_CHECK",RR.CROSS.010,evidence_bound + source_check + cross_check_if_applicable,conclusion;key_facts;evidence_refs;confidence;unresolved_items;risks;recommended_action,seed_review,0.70
DDQ.151,FIN_template,67,FIN,八、关联方资金及交易往来,公司对关联方的坏账计提政策是否与非关联方保持一致？,analytical,P2,always,形成该领域可验证的投资判断,CORP.036;CORP.037;CORP.038;CORP.039;CORP.040,Company;Person;Shareholder;Customer;Supplier;Contract;FinancialMetric;Risk,原始材料；专业尽调报告；合同/台账；公开信息；管理层书面确认,T_CROSS_CHECK,RR.CROSS.010,evidence_bound + source_check + cross_check_if_applicable,conclusion;key_facts;evidence_refs;confidence;unresolved_items;risks;recommended_action,seed_review,0.70
DDQ.152,FIN_template,68,FIN,八、关联方资金及交易往来,关联交易定价的公允性验证是否由独立第三方或审计师执行，还是仅依据管理层自行提供的数据？,analytical,P1,always,形成该领域可验证的投资判断,CORP.036;CORP.037;CORP.038;CORP.039;CORP.040;DATA.001;DATA.002;DATA.003;DATA.007;DATA.008;MGMT.011;MGMT.012;MGMT.013;MGMT.019;MGMT.020;MGMT.033;MGMT.035;MGMT.037,Company;Person;Shareholder;Customer;Supplier;Contract;FinancialMetric;Risk,原始材料；专业尽调报告；合同/台账；公开信息；管理层书面确认,T_EXTRACT_FACT,RR.COMP.DATA.001;RR.COMP.MGMT.004;RR.CROSS.006;RR.CROSS.009;RR.CROSS.010;RR.CROSS.011;RR.DATA.001.001;RR.DATA.002.001;RR.DATA.008.001;RR.MGMT.011.001;RR.MGMT.041.001;RR.TREND.005,evidence_bound + source_check + cross_check_if_applicable,conclusion;key_facts;evidence_refs;confidence;unresolved_items;risks;recommended_action,seed_review,0.70
DDQ.153,FIN_template,69,FIN,八、关联方资金及交易往来,若未来关联交易占比未能如期下降，是否会对财务数据的可比性、真实性产生持续质疑？,analytical,P1,conditional,形成该领域可验证的投资判断,CORP.036;CORP.037;CORP.038;CORP.039;CORP.040;DATA.001;DATA.002;DATA.003;DATA.007;DATA.008,Company;Person;Shareholder;Customer;Supplier;Contract;FinancialMetric;Risk,原始材料；专业尽调报告；合同/台账；公开信息；管理层书面确认,T_CALCULATE_METRIC,RR.COMP.DATA.001;RR.CROSS.010;RR.CROSS.011;RR.DATA.001.001;RR.DATA.002.001;RR.DATA.008.001,evidence_bound + source_check + cross_check_if_applicable,conclusion;key_facts;evidence_refs;confidence;unresolved_items;risks;recommended_action,seed_review,0.70
DDQ.154,FIN_template,70,FIN,八、关联方资金及交易往来,是否已要求公司提供与全部已识别关联方之间完整的资金往来银行流水，而非仅依赖管理层汇总数据？,verification,P2,always,形成该领域可验证的投资判断,CORP.036;CORP.037;CORP.038;CORP.039;CORP.040;DATA.001;DATA.002;DATA.003;DATA.007;DATA.008;MGMT.011;MGMT.012;MGMT.013;MGMT.019;MGMT.020;MGMT.033;MGMT.035;MGMT.037,Company;Person;Shareholder;Customer;Supplier;Contract;FinancialMetric;Risk,原始材料；专业尽调报告；合同/台账；公开信息；管理层书面确认,T_VERIFY_DOCUMENT,RR.COMP.DATA.001;RR.COMP.MGMT.004;RR.CROSS.006;RR.CROSS.009;RR.CROSS.010;RR.CROSS.011;RR.DATA.001.001;RR.DATA.002.001;RR.DATA.008.001;RR.MGMT.011.001;RR.MGMT.041.001;RR.TREND.005,evidence_bound + source_check + cross_check_if_applicable,conclusion;key_facts;evidence_refs;confidence;unresolved_items;risks;recommended_action,seed_review,0.70
DDQ.155,FIN_template,71,FIN,九、股份支付与员工激励的财务影响,"因缺乏授予日公允价值等关键参数而""无法匡算""的股份支付费用，是否应要求公司在交割前完成独立评估（哪怕是区间估算）？",judgmental,P1,always,形成该领域可验证的投资判断,CORP.018;FIN.098,Company;Person;Shareholder;Customer;Supplier;Contract;FinancialMetric;Risk,经审计财务报表；总账/明细账；银行流水；财务台账；预测模型；审计/财务尽调底稿,T_ANALYZE,,evidence_bound + source_check + cross_check_if_applicable,conclusion;key_facts;evidence_refs;confidence;unresolved_items;risks;recommended_action,expert_reviewed,0.85
DDQ.156,FIN_template,72,FIN,九、股份支付与员工激励的财务影响,若股份支付费用最终确认并追溯计入报告期损益，是否会导致历年净利润数据发生重大追溯调整，进而影响估值的可比基础？,analytical,P1,always,形成该领域可验证的投资判断,DATA.001;DATA.002;DATA.003;DATA.007;DATA.008;FIN.021;FIN.023;FIN.030;FIN.033;FIN.034;TXN.002;TXN.003;TXN.008;TXN.009;TXN.010;TXN.017;TXN.018;TXN.019;TXN.024;TXN.025;TXN.027,Company;Person;Shareholder;Customer;Supplier;Contract;FinancialMetric;Risk,经审计财务报表；总账/明细账；银行流水；财务台账；预测模型；审计/财务尽调底稿,T_ANALYZE,RR.COMP.DATA.001;RR.COMP.FIN.003;RR.COMP.TXN.006;RR.CROSS.007;RR.CROSS.011;RR.DATA.001.001;RR.DATA.002.001;RR.DATA.008.001;RR.FIN.055.001;RR.FIN.060.001;RR.FIN.060.002;RR.TREND.001;RR.TREND.002;RR.TREND.004,evidence_bound + source_check + cross_check_if_applicable,conclusion;key_facts;evidence_refs;confidence;unresolved_items;risks;recommended_action,seed_review,0.70
DDQ.157,FIN_template,73,FIN,九、股份支付与员工激励的财务影响,激励对象代持还原涉及的股权转让，是否会产生额外的股份支付费用或个人所得税成本？由谁承担？,analytical,P0,always,形成该领域可验证的投资判断,CORP.021;CORP.027;CORP.029;CORP.030,Company;Person;Shareholder;Customer;Supplier;Contract;FinancialMetric;Risk,经审计财务报表；总账/明细账；银行流水；财务台账；预测模型；审计/财务尽调底稿,T_EXTRACT_FACT,,evidence_bound + source_check + cross_check_if_applicable,conclusion;key_facts;evidence_refs;confidence;unresolved_items;risks;recommended_action,seed_review,0.70
DDQ.158,FIN_template,74,FIN,九、股份支付与员工激励的财务影响,核心人员已行权部分的行权价格与同期市场化融资估值相比是否存在显著折价？折价部分是否需要确认为股份支付费用？,verification,P1,always,形成该领域可验证的投资判断,FIN.065;FIN.066;FIN.067;FIN.082;FIN.083;FIN.084;MKT.004;MKT.005;MKT.011;MKT.017;MKT.018;MKT.028;MKT.042;TXN.002;TXN.003;TXN.004;TXN.005;TXN.008;TXN.009;TXN.010;TXN.017;TXN.018;TXN.019;TXN.024;TXN.025;TXN.027,Company;Person;Shareholder;Customer;Supplier;Contract;FinancialMetric;Risk,经审计财务报表；总账/明细账；银行流水；财务台账；预测模型；审计/财务尽调底稿,T_VERIFY_DOCUMENT,RR.COMP.FIN.003;RR.COMP.TXN.006;RR.CROSS.007;RR.FIN.055.001;RR.FIN.060.001;RR.FIN.060.002;RR.MKT.042.001;RR.TREND.001;RR.TREND.002;RR.TREND.004,evidence_bound + source_check + cross_check_if_applicable,conclusion;key_facts;evidence_refs;confidence;unresolved_items;risks;recommended_action,seed_review,0.70
DDQ.159,FIN_template,75,FIN,九、股份支付与员工激励的财务影响,未来可能扩大的激励规模，是否已经在财务预测模型中考虑其摊薄及费用化影响？,verification,P2,always,形成该领域可验证的投资判断,FIN.095;FIN.096;FIN.097;FIN.098;FIN.099;FIN.100;FIN.101;FIN.102;FIN.103;FIN.104,Company;Person;Shareholder;Customer;Supplier;Contract;FinancialMetric;Risk,经审计财务报表；总账/明细账；银行流水；财务台账；预测模型；审计/财务尽调底稿,"T_VERIFY_DOCUMENT,T_CALCULATE_METRIC,T_ANALYZE",RR.COMP.FIN.003;RR.COMP.MGMT.004;RR.CROSS.006;RR.CROSS.007;RR.FIN.055.001;RR.FIN.060.001;RR.FIN.060.002;RR.TREND.001;RR.TREND.002;RR.TREND.004;RR.TREND.005,evidence_bound + source_check + cross_check_if_applicable,conclusion;key_facts;evidence_refs;confidence;unresolved_items;risks;recommended_action,seed_review,0.70
DDQ.160,FIN_template,76,FIN,九、股份支付与员工激励的财务影响,是否已要求审计师/财务顾问对股份支付事项出具专项意见？,verification,P1,always,形成该领域可验证的投资判断,CORP.018;LEGAL.011,Company;Person;Shareholder;Customer;Supplier;Contract;FinancialMetric;Risk,经审计财务报表；总账/明细账；银行流水；财务台账；预测模型；审计/财务尽调底稿,T_VERIFY_DOCUMENT,,evidence_bound + source_check + cross_check_if_applicable,conclusion;key_facts;evidence_refs;confidence;unresolved_items;risks;recommended_action,expert_reviewed,0.85
DDQ.161,FIN_template,77,FIN,十、管理层盈利预测的合理性,管理层的收入预测是基于在手订单/产能利用率测算，还是仅按主观增长率设定？,analytical,P2,always,形成该领域可验证的投资判断,FIN.001;FIN.002;FIN.006;FIN.007;FIN.008;FIN.009;FIN.010;FIN.095;FIN.096;FIN.097;FIN.098;FIN.099;FIN.100;FIN.101;FIN.102;FIN.103;FIN.104;MGMT.011;MGMT.012;MGMT.013;MGMT.019;MGMT.020;MGMT.033;MGMT.035;MGMT.037,Company;Person;Shareholder;Customer;Supplier;Contract;FinancialMetric;Risk,经审计财务报表；总账/明细账；银行流水；财务台账；预测模型；审计/财务尽调底稿,T_EXTRACT_FACT,RR.COMP.FIN.003;RR.COMP.MGMT.004;RR.CROSS.006;RR.CROSS.007;RR.CROSS.009;RR.FIN.055.001;RR.FIN.060.001;RR.FIN.060.002;RR.MGMT.011.001;RR.MGMT.041.001;RR.TREND.001;RR.TREND.002;RR.TREND.004;RR.TREND.005,evidence_bound + source_check + cross_check_if_applicable,conclusion;key_facts;evidence_refs;confidence;unresolved_items;risks;recommended_action,seed_review,0.70
DDQ.162,FIN_template,78,FIN,十、管理层盈利预测的合理性,历史预测（如上一年度预测与实际的对比）偏差是多少？偏差的具体来源是哪个产品线或假设参数？,factual+analytical,P2,always,形成该领域可验证的投资判断,FIN.095;FIN.096;FIN.097;FIN.098;FIN.099;FIN.100;FIN.101;FIN.102;FIN.103;FIN.104;PROD.001;PROD.005;PROD.006;PROD.010;PROD.011;PROD.015;PROD.020,Company;Person;Shareholder;Customer;Supplier;Contract;FinancialMetric;Risk,经审计财务报表；总账/明细账；银行流水；财务台账；预测模型；审计/财务尽调底稿,"T_EXTERNAL_VERIFY,T_CALCULATE_METRIC,T_CROSS_CHECK",RR.COMP.FIN.003;RR.COMP.MGMT.004;RR.COMP.PROD.005;RR.CROSS.006;RR.CROSS.007;RR.FIN.055.001;RR.FIN.060.001;RR.FIN.060.002;RR.PROD.050.001;RR.PROD.051.001;RR.TREND.001;RR.TREND.002;RR.TREND.004;RR.TREND.005,evidence_bound + source_check + cross_check_if_applicable,conclusion;key_facts;evidence_refs;confidence;unresolved_items;risks;recommended_action,seed_review,0.70
DDQ.163,FIN_template,79,FIN,十、管理层盈利预测的合理性,公司是否能提供预测背后的详细依据文件（订单储备、产能规划、客户承诺）？还是仅有结论性数字？,analytical,P2,always,形成该领域可验证的投资判断,CUST.001;CUST.009;CUST.011;CUST.012;CUST.013;CUST.014;CUST.015;CUST.029;CUST.030;CUST.034;FIN.095;FIN.096;FIN.097;FIN.098;FIN.099;FIN.100;FIN.101;FIN.102;FIN.103;FIN.104,Company;Person;Shareholder;Customer;Supplier;Contract;FinancialMetric;Risk,经审计财务报表；总账/明细账；银行流水；财务台账；预测模型；审计/财务尽调底稿,T_EXTRACT_FACT,RR.COMP.CUST.001;RR.COMP.FIN.003;RR.COMP.MGMT.004;RR.CROSS.003;RR.CROSS.006;RR.CROSS.007;RR.CUST.016.001;RR.CUST.018.001;RR.FIN.055.001;RR.FIN.060.001;RR.FIN.060.002;RR.TREND.001;RR.TREND.002;RR.TREND.003;RR.TREND.004;RR.TREND.005,evidence_bound + source_check + cross_check_if_applicable,conclusion;key_facts;evidence_refs;confidence;unresolved_items;risks;recommended_action,seed_review,0.70
DDQ.164,FIN_template,80,FIN,十、管理层盈利预测的合理性,最新一期实际业绩占全年预测的比例是多少？剩余期间需要达到的月均业绩水平是否现实？,factual+analytical,P2,always,形成该领域可验证的投资判断,FIN.095;FIN.096;FIN.097;FIN.098;FIN.099;FIN.100;FIN.101;FIN.102;FIN.103;FIN.104,Company;Person;Shareholder;Customer;Supplier;Contract;FinancialMetric;Risk,经审计财务报表；总账/明细账；银行流水；财务台账；预测模型；审计/财务尽调底稿,T_CALCULATE_METRIC,RR.COMP.FIN.003;RR.COMP.MGMT.004;RR.CROSS.006;RR.CROSS.007;RR.FIN.055.001;RR.FIN.060.001;RR.FIN.060.002;RR.TREND.001;RR.TREND.002;RR.TREND.004;RR.TREND.005,evidence_bound + source_check + cross_check_if_applicable,conclusion;key_facts;evidence_refs;confidence;unresolved_items;risks;recommended_action,seed_review,0.70
DDQ.165,FIN_template,81,FIN,十、管理层盈利预测的合理性,预测中的单价、成本假设是否与产能爬坡计划相匹配（新增产线达产时间是否合理）？,analytical,P2,always,形成该领域可验证的投资判断,FIN.095;FIN.096;FIN.097;FIN.098;FIN.099;FIN.100;FIN.101;FIN.102;FIN.103;FIN.104,Company;Person;Shareholder;Customer;Supplier;Contract;FinancialMetric;Risk,经审计财务报表；总账/明细账；银行流水；财务台账；预测模型；审计/财务尽调底稿,T_EXTRACT_FACT,RR.COMP.FIN.003;RR.COMP.MGMT.004;RR.CROSS.006;RR.CROSS.007;RR.FIN.055.001;RR.FIN.060.001;RR.FIN.060.002;RR.TREND.001;RR.TREND.002;RR.TREND.004;RR.TREND.005,evidence_bound + source_check + cross_check_if_applicable,conclusion;key_facts;evidence_refs;confidence;unresolved_items;risks;recommended_action,seed_review,0.70
DDQ.166,FIN_template,82,FIN,十、管理层盈利预测的合理性,预测的期间费用率是否与历史实际趋势一致，还是存在人为压低费用以做高预测利润的可能？,factual+analytical,P2,always,形成该领域可验证的投资判断,FIN.021;FIN.023;FIN.030;FIN.033;FIN.034;FIN.095;FIN.096;FIN.097;FIN.098;FIN.099;FIN.100;FIN.101;FIN.102;FIN.103;FIN.104,Company;Person;Shareholder;Customer;Supplier;Contract;FinancialMetric;Risk,经审计财务报表；总账/明细账；银行流水；财务台账；预测模型；审计/财务尽调底稿,"T_CALCULATE_METRIC,T_CROSS_CHECK,T_ANALYZE",RR.COMP.FIN.003;RR.COMP.MGMT.004;RR.CROSS.006;RR.CROSS.007;RR.FIN.055.001;RR.FIN.060.001;RR.FIN.060.002;RR.TREND.001;RR.TREND.002;RR.TREND.004;RR.TREND.005,evidence_bound + source_check + cross_check_if_applicable,conclusion;key_facts;evidence_refs;confidence;unresolved_items;risks;recommended_action,seed_review,0.70
DDQ.167,FIN_template,83,FIN,十、管理层盈利预测的合理性,预测中的税率假设（如高新技术企业优惠税率）所依赖的资质是否可持续维持？,analytical,P2,always,形成该领域可验证的投资判断,FIN.095;FIN.096;FIN.097;FIN.098;FIN.099;FIN.100;FIN.101;FIN.102;FIN.103;FIN.104;TECH.001;TECH.002;TECH.003;TECH.006;TECH.007;TECH.018;TECH.021;TECH.023;TECH.027;TECH.031;TECH.032,Company;Person;Shareholder;Customer;Supplier;Contract;FinancialMetric;Risk,经审计财务报表；总账/明细账；银行流水；财务台账；预测模型；审计/财务尽调底稿,T_EXTRACT_FACT,RR.COMP.FIN.003;RR.COMP.MGMT.004;RR.CROSS.006;RR.CROSS.007;RR.FIN.055.001;RR.FIN.060.001;RR.FIN.060.002;RR.TREND.001;RR.TREND.002;RR.TREND.004;RR.TREND.005,evidence_bound + source_check + cross_check_if_applicable,conclusion;key_facts;evidence_refs;confidence;unresolved_items;risks;recommended_action,seed_review,0.70
DDQ.168,FIN_template,84,FIN,十、管理层盈利预测的合理性,预测中的财务费用假设是否与公司当前实际负债规模、利率水平相匹配，还是明显过时？,factual+analytical,P2,always,形成该领域可验证的投资判断,FIN.061;FIN.065;FIN.069;FIN.070;FIN.071;FIN.072;FIN.095;FIN.096;FIN.097;FIN.098;FIN.099;FIN.100;FIN.101;FIN.102;FIN.103;FIN.104,Company;Person;Shareholder;Customer;Supplier;Contract;FinancialMetric;Risk,经审计财务报表；总账/明细账；银行流水；财务台账；预测模型；审计/财务尽调底稿,T_CALCULATE_METRIC,RR.COMP.FIN.003;RR.COMP.MGMT.004;RR.CROSS.006;RR.CROSS.007;RR.FIN.055.001;RR.FIN.060.001;RR.FIN.060.002;RR.TREND.001;RR.TREND.002;RR.TREND.004;RR.TREND.005,evidence_bound + source_check + cross_check_if_applicable,conclusion;key_facts;evidence_refs;confidence;unresolved_items;risks;recommended_action,seed_review,0.70
DDQ.169,FIN_template,85,FIN,十、管理层盈利预测的合理性,鉴于预测可能存在的系统性偏差，投资人在设置业绩对赌/估值调整条款时，是否应以尽调调整后的历史实际盈利（而非管理层预测）作为基准？,judgmental,P1,always,形成该领域可验证的投资判断,FIN.095;FIN.096;FIN.097;FIN.098;FIN.099;FIN.100;FIN.101;FIN.102;FIN.103;FIN.104;MGMT.011;MGMT.012;MGMT.013;MGMT.019;MGMT.020;MGMT.033;MGMT.035;MGMT.037;TXN.002;TXN.003;TXN.008;TXN.009;TXN.010;TXN.017;TXN.018;TXN.019;TXN.024;TXN.025;TXN.027,Company;Person;Shareholder;Customer;Supplier;Contract;FinancialMetric;Risk,经审计财务报表；总账/明细账；银行流水；财务台账；预测模型；审计/财务尽调底稿,T_ANALYZE,RR.COMP.FIN.003;RR.COMP.MGMT.004;RR.COMP.TXN.006;RR.CROSS.006;RR.CROSS.007;RR.CROSS.009;RR.FIN.055.001;RR.FIN.060.001;RR.FIN.060.002;RR.MGMT.011.001;RR.MGMT.041.001;RR.TREND.001;RR.TREND.002;RR.TREND.004;RR.TREND.005,evidence_bound + source_check + cross_check_if_applicable,conclusion;key_facts;evidence_refs;confidence;unresolved_items;risks;recommended_action,seed_review,0.70
DDQ.170,FIN_template,86,FIN,十、管理层盈利预测的合理性,是否已针对收入不及预测的情景（悲观情景）做偿债能力、估值倍数的压力测试？,verification,P0,always,形成该领域可验证的投资判断,FIN.001;FIN.002;FIN.006;FIN.007;FIN.008;FIN.009;FIN.010;FIN.095;FIN.096;FIN.097;FIN.098;FIN.099;FIN.100;FIN.101;FIN.102;FIN.103;FIN.104;TXN.002;TXN.003;TXN.008;TXN.009;TXN.010;TXN.017;TXN.018;TXN.019;TXN.024;TXN.025;TXN.027,Company;Person;Shareholder;Customer;Supplier;Contract;FinancialMetric;Risk,经审计财务报表；总账/明细账；银行流水；财务台账；预测模型；审计/财务尽调底稿,"T_VERIFY_DOCUMENT,T_CALCULATE_METRIC",RR.COMP.FIN.003;RR.COMP.MGMT.004;RR.COMP.TXN.006;RR.CROSS.006;RR.CROSS.007;RR.FIN.055.001;RR.FIN.060.001;RR.FIN.060.002;RR.TREND.001;RR.TREND.002;RR.TREND.004;RR.TREND.005,evidence_bound + source_check + cross_check_if_applicable,conclusion;key_facts;evidence_refs;confidence;unresolved_items;risks;recommended_action,seed_review,0.70
DDQ.171,FIN_template,87,FIN,十一、估值与可比公司分析,最近一轮融资对应的市盈率/市销率倍数是多少？若剔除非经常性损益、股份支付等调整后重新计算，实际隐含倍数是多少？,factual+analytical,P1,always,形成该领域可验证的投资判断,FIN.065;FIN.066;FIN.067;FIN.082;FIN.083;FIN.084;TXN.004;TXN.005;TXN.027,Company;Person;Shareholder;Customer;Supplier;Contract;FinancialMetric;Risk,经审计财务报表；总账/明细账；银行流水；财务台账；预测模型；审计/财务尽调底稿,T_CALCULATE_METRIC,RR.COMP.FIN.003;RR.COMP.TXN.006;RR.CROSS.007;RR.FIN.055.001;RR.FIN.060.001;RR.FIN.060.002;RR.TREND.001;RR.TREND.002;RR.TREND.004,evidence_bound + source_check + cross_check_if_applicable,conclusion;key_facts;evidence_refs;confidence;unresolved_items;risks;recommended_action,seed_review,0.70
DDQ.172,FIN_template,88,FIN,十一、估值与可比公司分析,该估值倍数与同行业可比公司的估值水平相比是否合理？,factual+analytical,P1,always,形成该领域可验证的投资判断,MKT.001;MKT.004;MKT.005;MKT.017;MKT.018;MKT.042;TXN.002;TXN.003;TXN.008;TXN.009;TXN.010;TXN.017;TXN.018;TXN.019;TXN.024;TXN.025;TXN.027,Company;Person;Shareholder;Customer;Supplier;Contract;FinancialMetric;Risk,经审计财务报表；总账/明细账；银行流水；财务台账；预测模型；审计/财务尽调底稿,"T_CALCULATE_METRIC,T_CROSS_CHECK",RR.COMP.TXN.006;RR.MKT.042.001,evidence_bound + source_check + cross_check_if_applicable,conclusion;key_facts;evidence_refs;confidence;unresolved_items;risks;recommended_action,seed_review,0.70
DDQ.173,FIN_template,89,FIN,十一、估值与可比公司分析,各轮次估值之间是否存在明显跳升或倒挂？是否有充分的业务/市场理由支撑？,verification,P1,always,形成该领域可验证的投资判断,MKT.004;MKT.005;MKT.011;MKT.017;MKT.018;MKT.028;MKT.042;TXN.002;TXN.003;TXN.008;TXN.009;TXN.010;TXN.017;TXN.018;TXN.019;TXN.024;TXN.025;TXN.027,Company;Person;Shareholder;Customer;Supplier;Contract;FinancialMetric;Risk,经审计财务报表；总账/明细账；银行流水；财务台账；预测模型；审计/财务尽调底稿,T_VERIFY_DOCUMENT,RR.COMP.TXN.006;RR.MKT.042.001,evidence_bound + source_check + cross_check_if_applicable,conclusion;key_facts;evidence_refs;confidence;unresolved_items;risks;recommended_action,seed_review,0.70
DDQ.174,FIN_template,90,FIN,十一、估值与可比公司分析,本轮估值定价是应以管理层预测利润为基础，还是应以尽调调整后的历史盈利为基础？,analytical,P1,always,形成该领域可验证的投资判断,FIN.021;FIN.023;FIN.030;FIN.033;FIN.034;FIN.095;FIN.096;FIN.097;FIN.098;FIN.099;FIN.100;FIN.101;FIN.102;FIN.103;FIN.104;MGMT.011;MGMT.012;MGMT.013;MGMT.019;MGMT.020;MGMT.033;MGMT.035;MGMT.037;TXN.002;TXN.003;TXN.008;TXN.009;TXN.010;TXN.017;TXN.018;TXN.019;TXN.024;TXN.025;TXN.027,Company;Person;Shareholder;Customer;Supplier;Contract;FinancialMetric;Risk,经审计财务报表；总账/明细账；银行流水；财务台账；预测模型；审计/财务尽调底稿,T_EXTRACT_FACT,RR.COMP.FIN.003;RR.COMP.MGMT.004;RR.COMP.TXN.006;RR.CROSS.006;RR.CROSS.007;RR.CROSS.009;RR.FIN.055.001;RR.FIN.060.001;RR.FIN.060.002;RR.MGMT.011.001;RR.MGMT.041.001;RR.TREND.001;RR.TREND.002;RR.TREND.004;RR.TREND.005,evidence_bound + source_check + cross_check_if_applicable,conclusion;key_facts;evidence_refs;confidence;unresolved_items;risks;recommended_action,seed_review,0.70
DDQ.175,FIN_template,91,FIN,十二、财务规范性与审计基础,本次财务尽调所依据的财务报表是否为经审计报表？如为管理层未经审计报表，是否有独立审计报告可供交叉核对？,analytical,P2,conditional,形成该领域可验证的投资判断,MGMT.011;MGMT.012;MGMT.013;MGMT.019;MGMT.020;MGMT.033;MGMT.035;MGMT.037,Company;Person;Shareholder;Customer;Supplier;Contract;FinancialMetric;Risk,经审计财务报表；总账/明细账；银行流水；财务台账；预测模型；审计/财务尽调底稿,T_CROSS_CHECK,RR.COMP.MGMT.004;RR.CROSS.006;RR.CROSS.009;RR.MGMT.011.001;RR.MGMT.041.001;RR.TREND.005,evidence_bound + source_check + cross_check_if_applicable,conclusion;key_facts;evidence_refs;confidence;unresolved_items;risks;recommended_action,seed_review,0.70
DDQ.176,FIN_template,92,FIN,十二、财务规范性与审计基础,报告中是否存在同一时点关键财务数据（如总资产）在不同章节口径不一致的情形？该差异的成因是什么？,verification,P2,always,形成该领域可验证的投资判断,DATA.001;DATA.002;DATA.003;DATA.007;DATA.008,Company;Person;Shareholder;Customer;Supplier;Contract;FinancialMetric;Risk,经审计财务报表；总账/明细账；银行流水；财务台账；预测模型；审计/财务尽调底稿,"T_VERIFY_DOCUMENT,T_CROSS_CHECK",RR.COMP.DATA.001;RR.CROSS.011;RR.DATA.001.001;RR.DATA.002.001;RR.DATA.008.001,evidence_bound + source_check + cross_check_if_applicable,conclusion;key_facts;evidence_refs;confidence;unresolved_items;risks;recommended_action,seed_review,0.70
DDQ.177,FIN_template,93,FIN,十二、财务规范性与审计基础,本次财务尽调的工作周期是否充分？是否存在因时间或资料限制（如未获取采购台账、BOM、在手订单、库龄明细）而导致的范围限制？,verification,P2,always,形成该领域可验证的投资判断,DATA.001;DATA.002,Company;Person;Shareholder;Customer;Supplier;Contract;FinancialMetric;Risk,经审计财务报表；总账/明细账；银行流水；财务台账；预测模型；审计/财务尽调底稿,T_VERIFY_DOCUMENT,,evidence_bound + source_check + cross_check_if_applicable,conclusion;key_facts;evidence_refs;confidence;unresolved_items;risks;recommended_action,expert_reviewed,0.85
DDQ.178,FIN_template,94,FIN,十二、财务规范性与审计基础,上述范围限制涉及的领域，投资人是否需要在交割前安排更长周期或更全面的补充审计/专项核查？,verification,P2,always,形成该领域可验证的投资判断,DATA.001;LEGAL.013,Company;Person;Shareholder;Customer;Supplier;Contract;FinancialMetric;Risk,经审计财务报表；总账/明细账；银行流水；财务台账；预测模型；审计/财务尽调底稿,T_VERIFY_DOCUMENT,,evidence_bound + source_check + cross_check_if_applicable,conclusion;key_facts;evidence_refs;confidence;unresolved_items;risks;recommended_action,expert_reviewed,0.85
DDQ.179,FIN_template,95,FIN,十二、财务规范性与审计基础,报告是否明确说明了外部公开信息交叉验证（如工商信息、诉讼记录、破产重整进展）是否已经执行？未执行的，投资人是否已通过其他渠道独立核实？,verification,P0,always,形成该领域可验证的投资判断,LEGAL.001;LEGAL.002;LEGAL.003;LEGAL.004;LEGAL.005;LEGAL.006;LEGAL.007;LEGAL.008,Company;Person;Shareholder;Customer;Supplier;Contract;FinancialMetric;Risk,经审计财务报表；总账/明细账；银行流水；财务台账；预测模型；审计/财务尽调底稿,"T_VERIFY_DOCUMENT,T_EXTERNAL_VERIFY,T_CROSS_CHECK",RR.CROSS.010;RR.LEGAL.039.001,evidence_bound + source_check + cross_check_if_applicable,conclusion;key_facts;evidence_refs;confidence;unresolved_items;risks;recommended_action,seed_review,0.70
DDQ.180,FIN_template,96,FIN,十二、财务规范性与审计基础,是否已核实公司享受的税收优惠资质（高新技术企业认定等）的有效期及续期条件？,verification,P2,always,形成该领域可验证的投资判断,TECH.001;TECH.002;TECH.003;TECH.006;TECH.007;TECH.018;TECH.021;TECH.023;TECH.027;TECH.031;TECH.032,Company;Person;Shareholder;Customer;Supplier;Contract;FinancialMetric;Risk,经审计财务报表；总账/明细账；银行流水；财务台账；预测模型；审计/财务尽调底稿,T_VERIFY_DOCUMENT,,evidence_bound + source_check + cross_check_if_applicable,conclusion;key_facts;evidence_refs;confidence;unresolved_items;risks;recommended_action,seed_review,0.70
DDQ.181,FIN_template,97,FIN,十二、财务规范性与审计基础,公司的会计政策（收入确认、坏账计提、存货跌价）是否符合企业会计准则的要求，且在报告期内保持一致？,analytical,P1,always,形成该领域可验证的投资判断,FIN.001;FIN.002;FIN.006;FIN.007;FIN.008;FIN.009;FIN.010;FIN.049;FIN.052;FIN.057,Company;Person;Shareholder;Customer;Supplier;Contract;FinancialMetric;Risk,经审计财务报表；总账/明细账；银行流水；财务台账；预测模型；审计/财务尽调底稿,T_CROSS_CHECK,RR.COMP.FIN.003;RR.CROSS.007;RR.FIN.055.001;RR.FIN.060.001;RR.FIN.060.002;RR.TREND.001;RR.TREND.002;RR.TREND.004,evidence_bound + source_check + cross_check_if_applicable,conclusion;key_facts;evidence_refs;confidence;unresolved_items;risks;recommended_action,seed_review,0.70
DDQ.182,FIN_template,98,FIN,十二、财务规范性与审计基础,是否存在因会计政策变更导致的报告期数据不可比情形？,verification,P2,always,形成该领域可验证的投资判断,DATA.001;DATA.002;DATA.003;DATA.007;DATA.008,Company;Person;Shareholder;Customer;Supplier;Contract;FinancialMetric;Risk,经审计财务报表；总账/明细账；银行流水；财务台账；预测模型；审计/财务尽调底稿,T_VERIFY_DOCUMENT,RR.COMP.DATA.001;RR.CROSS.011;RR.DATA.001.001;RR.DATA.002.001;RR.DATA.008.001,evidence_bound + source_check + cross_check_if_applicable,conclusion;key_facts;evidence_refs;confidence;unresolved_items;risks;recommended_action,seed_review,0.70
DDQ.183,FIN_template,99,FIN,十二、财务规范性与审计基础,审计师/财务顾问是否已就本次尽调发现的主要问题（盈利质量调整、股份支付、存货跌价）出具正式书面意见？,verification,P1,always,形成该领域可验证的投资判断,FIN.049;FIN.052;FIN.057,Company;Person;Shareholder;Customer;Supplier;Contract;FinancialMetric;Risk,经审计财务报表；总账/明细账；银行流水；财务台账；预测模型；审计/财务尽调底稿,T_VERIFY_DOCUMENT,RR.COMP.FIN.003;RR.CROSS.007;RR.FIN.055.001;RR.FIN.060.001;RR.FIN.060.002;RR.TREND.001;RR.TREND.002;RR.TREND.004,evidence_bound + source_check + cross_check_if_applicable,conclusion;key_facts;evidence_refs;confidence;unresolved_items;risks;recommended_action,seed_review,0.70
DDQ.184,FIN_template,100,FIN,十二、财务规范性与审计基础,综合本次财务尽调的调整净利润、现金流质量、负债水平及管理层预测的乐观偏差，投资人的最终定价是否应给予相应折价，并将主要风险事项（如高风险客户依赖、存货去化、股份支付入账）设置为价格调整机制的触发条件？,factual+analytical,P1,always,形成该领域可验证的投资判断,CUST.001;CUST.009;CUST.011;CUST.012;CUST.013;CUST.014;CUST.015;CUST.029;CUST.030;CUST.034;FIN.021;FIN.023;FIN.030;FIN.033;FIN.034;FIN.035;FIN.036;FIN.037;FIN.038;FIN.039;FIN.041;FIN.049;FIN.052;FIN.055;FIN.057;FIN.061;FIN.065;FIN.069;FIN.070;FIN.071;FIN.072;FIN.095;FIN.096;FIN.097;FIN.098;FIN.099;FIN.100;FIN.101;FIN.102;FIN.103;FIN.104;MGMT.011;MGMT.012;MGMT.013;MGMT.019;MGMT.020;MGMT.033;MGMT.035;MGMT.037,Company;Person;Shareholder;Customer;Supplier;Contract;FinancialMetric;Risk,经审计财务报表；总账/明细账；银行流水；财务台账；预测模型；审计/财务尽调底稿,T_ANALYZE,RR.COMP.CUST.001;RR.COMP.FIN.003;RR.COMP.MGMT.004;RR.CROSS.003;RR.CROSS.006;RR.CROSS.007;RR.CROSS.009;RR.CUST.016.001;RR.CUST.018.001;RR.FIN.055.001;RR.FIN.060.001;RR.FIN.060.002;RR.MGMT.011.001;RR.MGMT.041.001;RR.TREND.001;RR.TREND.002;RR.TREND.003;RR.TREND.004;RR.TREND.005,evidence_bound + source_check + cross_check_if_applicable,conclusion;key_facts;evidence_refs;confidence;unresolved_items;risks;recommended_action,seed_review,0.70
DDQ.185,core_expansion,X01,CORE,投资策略与交易目的,本项目的投资主题、核心价值创造假设和主要退出路径分别是什么？当前尽调问题是否与投资假设逐一对应？,analytical,P2,always,形成该领域可验证的投资判断,TXN.001;TXN.002;TXN.003;TXN.008;TXN.009;TXN.018;TXN.019;TXN.020;TXN.021;TXN.023;TXN.024;TXN.025;TXN.026;TXN.027,Company;Person;Shareholder;Customer;Supplier;Contract;FinancialMetric;Risk,原始材料；专业尽调报告；合同/台账；公开信息；管理层书面确认,T_EXTRACT_FACT,RR.COMP.TXN.006,evidence_bound + source_check + cross_check_if_applicable,conclusion;key_facts;evidence_refs;confidence;unresolved_items;risks;recommended_action,seed_review,0.70
DDQ.186,core_expansion,X02,CORE,行业与市场,公司所处细分市场的规模、增速、竞争格局和政策趋势是否支持管理层的增长假设？,factual+analytical,P2,always,形成该领域可验证的投资判断,MKT.001;MKT.004;MKT.005;MKT.006;MKT.011;MKT.017;MKT.018;MKT.028;MKT.031;MKT.036;MKT.042,Company;Person;Shareholder;Customer;Supplier;Contract;FinancialMetric;Risk,原始材料；专业尽调报告；合同/台账；公开信息；管理层书面确认,T_CALCULATE_METRIC,RR.MKT.042.001,evidence_bound + source_check + cross_check_if_applicable,conclusion;key_facts;evidence_refs;confidence;unresolved_items;risks;recommended_action,seed_review,0.70
DDQ.187,core_expansion,X03,CORE,客户与商业模式,公司的客户获取、留存、复购和收入来源是否具有可持续性？是否存在单一渠道或单一产品依赖？,verification,P2,always,形成该领域可验证的投资判断,BMOD.002;BMOD.005;BMOD.006;BMOD.007;BMOD.008;BMOD.009;BMOD.021;BMOD.022;BMOD.023;BMOD.024;BMOD.025;BMOD.026;BMOD.031;BMOD.032;BMOD.033;BMOD.034;BMOD.035;CUST.005;CUST.007;CUST.008;CUST.009;CUST.011;CUST.012;CUST.013;CUST.014,Company;Person;Shareholder;Customer;Supplier;Contract;FinancialMetric;Risk,客户明细；销售合同；订单；出货/验收单；发票；回款流水；应收账龄,"T_VERIFY_DOCUMENT,T_EXTERNAL_VERIFY",RR.COMP.CUST.001;RR.CROSS.003;RR.CUST.016.001;RR.CUST.018.001;RR.TREND.003,evidence_bound + source_check + cross_check_if_applicable,conclusion;key_facts;evidence_refs;confidence;unresolved_items;risks;recommended_action,seed_review,0.70
DDQ.188,core_expansion,X04,CORE,产品与竞争,核心产品的收入贡献、生命周期、替代风险和认证壁垒如何？未来2-3年是否存在产品结构性下滑风险？,verification,P2,always,形成该领域可验证的投资判断,PROD.001;PROD.005;PROD.007;PROD.010;PROD.011;PROD.012;PROD.013;PROD.014;PROD.015;PROD.020;TECH.007;TECH.008,Company;Person;Shareholder;Customer;Supplier;Contract;FinancialMetric;Risk,原始材料；专业尽调报告；合同/台账；公开信息；管理层书面确认,"T_VERIFY_DOCUMENT,T_ANALYZE",RR.COMP.PROD.005;RR.PROD.050.001;RR.PROD.051.001,evidence_bound + source_check + cross_check_if_applicable,conclusion;key_facts;evidence_refs;confidence;unresolved_items;risks;recommended_action,seed_review,0.70
DDQ.189,core_expansion,X05,CORE,供应链,关键原材料、单一来源供应商和供应商切换成本是否构成业务连续性风险？,analytical,P1,always,形成该领域可验证的投资判断,SUPP.003;SUPP.004;SUPP.006;SUPP.008;SUPP.010;SUPP.017;SUPP.018;SUPP.021;SUPP.025;SUPP.026;SUPP.027;SUPP.030,Company;Person;Shareholder;Customer;Supplier;Contract;FinancialMetric;Risk,原始材料；专业尽调报告；合同/台账；公开信息；管理层书面确认,"T_EXTERNAL_VERIFY,T_ANALYZE",RR.COMP.SUPP.002;RR.CROSS.008,evidence_bound + source_check + cross_check_if_applicable,conclusion;key_facts;evidence_refs;confidence;unresolved_items;risks;recommended_action,seed_review,0.70
DDQ.190,core_expansion,X06,CORE,生产与质量,核心产能利用率、良率、OEE、交付可靠性和质量投诉趋势是否支持未来收入预测？,factual+analytical,P2,always,形成该领域可验证的投资判断,PROD.023;PROD.024;PROD.025;PROD.026;PROD.029;PROD.030;PROD.031;PROD.036;PROD.042;PROD.043;PROD.045;PROD.050;PROD.051,Company;Person;Shareholder;Customer;Supplier;Contract;FinancialMetric;Risk,原始材料；专业尽调报告；合同/台账；公开信息；管理层书面确认,T_CALCULATE_METRIC,RR.COMP.MGMT.004;RR.COMP.PROD.005;RR.CROSS.006;RR.PROD.050.001;RR.PROD.051.001;RR.TREND.005,evidence_bound + source_check + cross_check_if_applicable,conclusion;key_facts;evidence_refs;confidence;unresolved_items;risks;recommended_action,seed_review,0.70
DDQ.191,core_expansion,X07,CORE,技术与IP,核心技术是否真正由公司控制？是否存在第三方技术依赖、核心人员依赖、专利失效或FTO风险？,verification,P2,always,形成该领域可验证的投资判断,IP.001;IP.003;IP.007;TECH.001;TECH.002;TECH.003;TECH.006;TECH.007;TECH.011;TECH.014;TECH.018;TECH.021;TECH.022;TECH.023;TECH.024;TECH.025;TECH.026;TECH.027;TECH.031;TECH.032;TECH.033;TECH.034;TECH.035,Company;Person;Shareholder;Customer;Supplier;Contract;FinancialMetric;Risk;CoreTechnology;Patent;Copyright,原始材料；专业尽调报告；合同/台账；公开信息；管理层书面确认,"T_VERIFY_DOCUMENT,T_ANALYZE",RR.IP.001.001,evidence_bound + source_check + cross_check_if_applicable,conclusion;key_facts;evidence_refs;confidence;unresolved_items;risks;recommended_action,seed_review,0.70
DDQ.192,core_expansion,X08,CORE,数据与信息,本次尽调所依赖的数据是否足够完整、准确、及时且具有合法授权来源？,analytical,P2,always,形成该领域可验证的投资判断,DATA.001;DATA.002;DATA.003;DATA.004;DATA.005;DATA.006;DATA.007;DATA.008,Company;Person;Shareholder;Customer;Supplier;Contract;FinancialMetric;Risk,原始材料；专业尽调报告；合同/台账；公开信息；管理层书面确认,T_EXTERNAL_VERIFY,RR.COMP.DATA.001;RR.CROSS.011;RR.DATA.001.001;RR.DATA.002.001;RR.DATA.008.001,evidence_bound + source_check + cross_check_if_applicable,conclusion;key_facts;evidence_refs;confidence;unresolved_items;risks;recommended_action,seed_review,0.70
DDQ.193,core_expansion,X09,CORE,ESG与安全,环境、安全生产、员工与治理事项是否存在可能影响经营、融资、上市或退出的重大风险？,verification,P0,always,形成该领域可验证的投资判断,ESG.011;ESG.012;ESG.013;ESG.014;ESG.015;ESG.018;ESG.020;ESG.021;ESG.022;ESG.023;ESG.024;ESG.025;ESG.026;ESG.027;LEGAL.009;LEGAL.010;LEGAL.011;LEGAL.012;LEGAL.013;LEGAL.039,Company;Person;Shareholder;Customer;Supplier;Contract;FinancialMetric;Risk,备案/环评/能评/消防/安评/排污许可；验收文件；处罚记录；第三方合规报告,"T_VERIFY_DOCUMENT,T_ANALYZE",RR.CROSS.010;RR.LEGAL.039.001,evidence_bound + source_check + cross_check_if_applicable,conclusion;key_facts;evidence_refs;confidence;unresolved_items;risks;recommended_action,seed_review,0.70
DDQ.194,core_expansion,X10,CORE,物流与运营,物流供应商集中度、交付可靠性和区域仓储网络是否足以支撑未来业务规模？,factual+analytical,P1,always,形成该领域可验证的投资判断,LOGI.001;LOGI.002;LOGI.003;LOGI.004;LOGI.005;LOGI.006;LOGI.007;LOGI.008,Company;Person;Shareholder;Customer;Supplier;Contract;FinancialMetric;Risk,原始材料；专业尽调报告；合同/台账；公开信息；管理层书面确认,T_CALCULATE_METRIC,RR.COMP.LOGI.001;RR.COMP.SUPP.002;RR.CROSS.008;RR.CROSS.011;RR.LOGI.002.001;RR.LOGI.005.001,evidence_bound + source_check + cross_check_if_applicable,conclusion;key_facts;evidence_refs;confidence;unresolved_items;risks;recommended_action,seed_review,0.70
DDQ.195,core_expansion,X11,CORE,管理层与组织,管理团队是否具备支撑未来增长的能力、关键岗位覆盖和继任安排？是否存在关键人依赖？,verification,P2,always,形成该领域可验证的投资判断,MGMT.010;MGMT.011;MGMT.012;MGMT.013;MGMT.019;MGMT.020;MGMT.021;MGMT.023;MGMT.033;MGMT.034;MGMT.035;MGMT.037;MGMT.038,Company;Person;Shareholder;Customer;Supplier;Contract;FinancialMetric;Risk,管理层预测模型；订单储备；产能计划；历史预测与实际对比；预算资料,T_VERIFY_DOCUMENT,RR.COMP.MGMT.004;RR.CROSS.006;RR.CROSS.009;RR.MGMT.011.001;RR.MGMT.041.001;RR.TREND.005,evidence_bound + source_check + cross_check_if_applicable,conclusion;key_facts;evidence_refs;confidence;unresolved_items;risks;recommended_action,seed_review,0.70
DDQ.196,core_expansion,X12,CORE,交叉验证,管理层、BP、财务、法律及产业材料之间是否存在关键事实、口径或预测冲突？,verification,P2,always,形成该领域可验证的投资判断,CORP.036;CORP.037;CORP.044;CORP.045;DATA.001;DATA.002;FIN.001;FIN.021;FIN.030;FIN.056;FIN.057;FIN.060;FIN.061;FIN.062;FIN.065;FIN.095;FIN.096;FIN.103;FIN.104,Company;Person;Shareholder;Customer;Supplier;Contract;FinancialMetric;Risk,原始材料；专业尽调报告；合同/台账；公开信息；管理层书面确认,T_VERIFY_DOCUMENT,RR.COMP.DATA.001;RR.COMP.FIN.003;RR.COMP.MGMT.004;RR.CROSS.006;RR.CROSS.007;RR.CROSS.011;RR.DATA.001.001;RR.DATA.002.001;RR.DATA.008.001;RR.FIN.055.001;RR.FIN.060.001;RR.FIN.060.002;RR.TREND.001;RR.TREND.002;RR.TREND.004;RR.TREND.005,evidence_bound + source_check + cross_check_if_applicable,conclusion;key_facts;evidence_refs;confidence;unresolved_items;risks;recommended_action,seed_review,0.70
DDQ.197,core_expansion,X13,CORE,风险传导,已识别风险是否会沿客户、收入、现金流、融资、估值和退出链条产生二次或三次影响？,analytical,P1,always,形成该领域可验证的投资判断,CUST.013;CUST.015;CUST.029;CUST.030;FIN.002;FIN.035;FIN.038;FIN.063;FIN.072;FIN.080;FIN.082;FIN.083;TXN.017;TXN.018;TXN.019;TXN.020;TXN.021;TXN.024;TXN.025;TXN.027,Company;Person;Shareholder;Customer;Supplier;Contract;FinancialMetric;Risk,原始材料；专业尽调报告；合同/台账；公开信息；管理层书面确认,T_ANALYZE,RR.COMP.CUST.001;RR.COMP.FIN.003;RR.COMP.TXN.006;RR.CROSS.003;RR.CROSS.007;RR.CUST.016.001;RR.CUST.018.001;RR.FIN.055.001;RR.FIN.060.001;RR.FIN.060.002;RR.TREND.001;RR.TREND.002;RR.TREND.003;RR.TREND.004,evidence_bound + source_check + cross_check_if_applicable,conclusion;key_facts;evidence_refs;confidence;unresolved_items;risks;recommended_action,seed_review,0.70
DDQ.198,core_expansion,X14,CORE,交易与估值,当前交易估值、进入倍数和投资人回报是否与基准/上行情景/下行情景相匹配？,analytical,P1,always,形成该领域可验证的投资判断,TXN.002;TXN.003;TXN.008;TXN.009;TXN.010;TXN.017;TXN.018;TXN.019;TXN.020;TXN.021;TXN.023;TXN.024;TXN.025;TXN.026;TXN.027,Company;Person;Shareholder;Customer;Supplier;Contract;FinancialMetric;Risk,经审计财务报表；总账/明细账；银行流水；财务台账；预测模型；审计/财务尽调底稿,T_CALCULATE_METRIC,RR.COMP.TXN.006,evidence_bound + source_check + cross_check_if_applicable,conclusion;key_facts;evidence_refs;confidence;unresolved_items;risks;recommended_action,seed_review,0.70
DDQ.199,core_expansion,X15,CORE,交割条件,重大未决事项是否应转化为交割先决条件、陈述保证、赔偿、回购或价格调整机制？,judgmental,P0,always,形成该领域可验证的投资判断,LEGAL.019;LEGAL.020;LEGAL.023;LEGAL.024;LEGAL.025;TXN.001;TXN.004;TXN.005;TXN.006;TXN.007;TXN.027,Company;Person;Shareholder;Customer;Supplier;Contract;FinancialMetric;Risk,原始材料；专业尽调报告；合同/台账；公开信息；管理层书面确认,T_ANALYZE,RR.COMP.TXN.006;RR.CROSS.010;RR.LEGAL.039.001,evidence_bound + source_check + cross_check_if_applicable,conclusion;key_facts;evidence_refs;confidence;unresolved_items;risks;recommended_action,seed_review,0.70
DDQ.200,core_expansion,X16,CORE,投后监控,本次尽调发现的关键风险是否已经转化为可量化的投后监控指标、触发阈值和责任人？,verification,P2,always,形成该领域可验证的投资判断,FIN.103;FIN.104;TXN.024;TXN.025;TXN.027,Company;Person;Shareholder;Customer;Supplier;Contract;FinancialMetric;Risk,原始材料；专业尽调报告；合同/台账；公开信息；管理层书面确认,"T_VERIFY_DOCUMENT,T_ANALYZE",RR.COMP.FIN.003;RR.COMP.TXN.006;RR.CROSS.007;RR.FIN.055.001;RR.FIN.060.001;RR.FIN.060.002;RR.TREND.001;RR.TREND.002;RR.TREND.004,evidence_bound + source_check + cross_check_if_applicable,conclusion;key_facts;evidence_refs;confidence;unresolved_items;risks;recommended_action,seed_review,0.70
DDQ.201,EXPANDED_v1.1,201,LEGAL,十四、主体登记与证照一致性,标的公司及各子公司的名称、主体类型、统一社会信用代码、成立日期、注册地址、经营地址、经营范围、存续状态是否与最新营业执照及工商档案完全一致？是否存在登记信息与实际情况不符的情形？,verification,P1,always,形成该领域可验证的投资判断,CORP.001;CORP.002;CORP.003;CORP.004;CORP.007;CORP.008;CORP.009;CORP.010,Company,工商登记/股权结构表；章程；股东协议/一致行动协议；历次融资协议；银行/付款凭证,"T_VERIFY_DOCUMENT,T_EXTERNAL_VERIFY",,evidence_bound + source_check + cross_check_if_applicable,conclusion;key_facts;evidence_refs;confidence;unresolved_items;risks;recommendation,v1.1_review,0.72
DDQ.202,EXPANDED_v1.1,202,LEGAL,十五、注册资本与股本实缴,注册资本总额、实缴资本与股本总数各为多少？未实缴部分的出资期限安排、逾期违约责任，以及对公司偿债能力和交割先决条件的影响？,factual+analytical,P0,always,形成该领域可验证的投资判断,CORP.005;CORP.006;CORP.011,Company;Shareholder;FinancialMetric,工商登记/股权结构表；章程；股东协议/一致行动协议；历次融资协议；银行/付款凭证,"T_VERIFY_DOCUMENT,T_CALCULATE_METRIC",,evidence_bound + source_check + cross_check_if_applicable,conclusion;key_facts;evidence_refs;confidence;unresolved_items;risks;recommendation,v1.1_review,0.72
DDQ.203,EXPANDED_v1.1,203,LEGAL,十六、股东人数与持股集中度,穿透后股东总人数、前1名/前3名/前5大股东持股比例各为多少？股权是否过度集中或过度分散，是否影响控制权稳定性？,factual+analytical,P1,always,形成该领域可验证的投资判断,CORP.012;CORP.013;CORP.014;CORP.015,Company;Shareholder,工商登记/股权结构表；章程；股东协议/一致行动协议；历次融资协议；银行/付款凭证,"T_CALCULATE_METRIC,T_ANALYZE",,evidence_bound + source_check + cross_check_if_applicable,conclusion;key_facts;evidence_refs;confidence;unresolved_items;risks;recommendation,v1.1_review,0.72
DDQ.204,EXPANDED_v1.1,204,LEGAL,十七、股东类别与持股结构,创始人、管理层、员工持股平台、机构投资人、外资股东各自持股比例为多少？各类股东的进入价格、轮次与特殊权利是否存在差异？,factual+analytical,P0,always,形成该领域可验证的投资判断,CORP.016;CORP.017;CORP.018;CORP.019;CORP.020,Company;Shareholder;Person,工商登记/股权结构表；章程；股东协议/一致行动协议；历次融资协议；银行/付款凭证,"T_CALCULATE_METRIC,T_CROSS_CHECK",,evidence_bound + source_check + cross_check_if_applicable,conclusion;key_facts;evidence_refs;confidence;unresolved_items;risks;recommendation,v1.1_review,0.72
DDQ.205,EXPANDED_v1.1,205,LEGAL,十八、子公司与合并报表范围,子公司、参股公司、合营企业数量及控股比例分别为多少？合并报表范围的确定依据是否准确，是否存在应合并未合并或不应合并而合并的主体？,verification,P1,always,形成该领域可验证的投资判断,CORP.031;CORP.032;CORP.033;CORP.034;CORP.035,Company,工商登记/股权结构表；章程；股东协议/一致行动协议；历次融资协议；银行/付款凭证,"T_VERIFY_DOCUMENT,T_ANALYZE",,evidence_bound + source_check + cross_check_if_applicable,conclusion;key_facts;evidence_refs;confidence;unresolved_items;risks;recommendation,v1.1_review,0.72
DDQ.206,EXPANDED_v1.1,206,LEGAL,十九、登记异常与休眠主体,是否存在经营异常名录记录、长期未经营的休眠或空壳主体、注册地址与实际经营地不一致等登记瑕疵？对本次交易与上市审核的影响？,verification,P1,conditional,形成该领域可验证的投资判断,CORP.041;CORP.042;CORP.043,Company,工商登记/股权结构表；章程；股东协议/一致行动协议；历次融资协议；银行/付款凭证,"T_VERIFY_DOCUMENT,T_EXTERNAL_VERIFY",,evidence_bound + source_check + cross_check_if_applicable,conclusion;key_facts;evidence_refs;confidence;unresolved_items;risks;recommendation,v1.1_review,0.72
DDQ.207,EXPANDED_v1.1,207,FIN,十四、收入增长质量与人均产出,报告期收入CAGR、客均收入、人均收入、毛利增长额分别为多少？增长由量还是价驱动，是否可持续？,factual+analytical,P1,always,形成该领域可验证的投资判断,FIN.003;FIN.004;FIN.005;FIN.013,FinancialMetric;Customer,经审计财务报表；总账/明细账；银行流水；财务台账；预测模型；审计/财务尽调底稿,"T_CALCULATE_METRIC,T_ANALYZE",,evidence_bound + source_check + cross_check_if_applicable,conclusion;key_facts;evidence_refs;confidence;unresolved_items;risks;recommendation,v1.1_review,0.72
DDQ.208,EXPANDED_v1.1,208,FIN,十五、分产品/客户/区域/分部毛利率,分产品、分客户、分区域、分业务分部的毛利率各为多少？高毛利板块是否稳定，是否存在结构性下滑？,factual+analytical,P1,always,形成该领域可验证的投资判断,FIN.014;FIN.015;FIN.016;FIN.017,FinancialMetric,经审计财务报表；总账/明细账；银行流水；财务台账；预测模型；审计/财务尽调底稿,"T_CALCULATE_METRIC,T_ANALYZE",,evidence_bound + source_check + cross_check_if_applicable,conclusion;key_facts;evidence_refs;confidence;unresolved_items;risks;recommendation,v1.1_review,0.72
DDQ.209,EXPANDED_v1.1,209,FIN,十六、EBIT/EBITDA与净利润增长,EBIT、EBIT率、EBIT增长率、EBITDA增长率、净利润增长率、净利率各为多少？利润增速与收入增速是否匹配？,factual+analytical,P1,always,形成该领域可验证的投资判断,FIN.022;FIN.024;FIN.025;FIN.026;FIN.031;FIN.032,FinancialMetric,经审计财务报表；总账/明细账；银行流水；财务台账；预测模型；审计/财务尽调底稿,"T_CALCULATE_METRIC,T_CROSS_CHECK",,evidence_bound + source_check + cross_check_if_applicable,conclusion;key_facts;evidence_refs;confidence;unresolved_items;risks;recommendation,v1.1_review,0.72
DDQ.210,EXPANDED_v1.1,210,FIN,十七、期间费用与经营杠杆,营业费用、费用率、经营杠杆系数各为多少？费用增长是否快于收入，规模效应是否显现？,factual+analytical,P1,always,形成该领域可验证的投资判断,FIN.027;FIN.028;FIN.029,FinancialMetric,经审计财务报表；总账/明细账；银行流水；财务台账；预测模型；审计/财务尽调底稿,"T_CALCULATE_METRIC,T_ANALYZE",,evidence_bound + source_check + cross_check_if_applicable,conclusion;key_facts;evidence_refs;confidence;unresolved_items;risks;recommendation,v1.1_review,0.72
DDQ.211,EXPANDED_v1.1,211,FIN,十八、现金转换与自由现金流质量,FCF收益率、现金转换周期、现金生成质量、FCF波动率各为多少？利润的现金含量是否充分？,factual+analytical,P1,always,形成该领域可验证的投资判断,FIN.040;FIN.042;FIN.043;FIN.044,FinancialMetric,经审计财务报表；总账/明细账；银行流水；财务台账；预测模型；审计/财务尽调底稿,"T_CALCULATE_METRIC,T_CROSS_CHECK",,evidence_bound + source_check + cross_check_if_applicable,conclusion;key_facts;evidence_refs;confidence;unresolved_items;risks;recommendation,v1.1_review,0.72
DDQ.212,EXPANDED_v1.1,212,FIN,十九、营运资本与付款周期,营运资本、净营运资本、净营运资本/收入、应付账款周转天数、应付周转率、营运资本强度各为多少？是否存在占用上下游资金维持运转的情形？,factual+analytical,P0,always,形成该领域可验证的投资判断,FIN.045;FIN.046;FIN.047;FIN.050;FIN.053;FIN.054,FinancialMetric;Supplier,经审计财务报表；总账/明细账；银行流水；财务台账；预测模型；审计/财务尽调底稿,"T_CALCULATE_METRIC,T_ANALYZE",,evidence_bound + source_check + cross_check_if_applicable,conclusion;key_facts;evidence_refs;confidence;unresolved_items;risks;recommendation,v1.1_review,0.72
DDQ.213,EXPANDED_v1.1,213,FIN,二十、固定资产、无形资产与资本开支,固定资产、无形资产、资本开支及其增长率、资本开支/收入、维持性资本开支、扩张性资本开支各为多少？在建工程转固是否及时、是否存在应转未转？,factual+analytical,P0,always,形成该领域可验证的投资判断,FIN.058;FIN.059;FIN.085;FIN.086;FIN.087;FIN.088;FIN.089,FinancialMetric,经审计财务报表；总账/明细账；银行流水；财务台账；预测模型；审计/财务尽调底稿,"T_CALCULATE_METRIC,T_VERIFY_DOCUMENT",,evidence_bound + source_check + cross_check_if_applicable,conclusion;key_facts;evidence_refs;confidence;unresolved_items;risks;recommendation,v1.1_review,0.72
DDQ.214,EXPANDED_v1.1,214,FIN,二十一、净债务与杠杆水平,净债务、净债务增长率各为多少？剔除货币资金后的实际杠杆水平及未来12个月债务到期分布如何？,factual+analytical,P0,always,形成该领域可验证的投资判断,FIN.064;FIN.068,FinancialMetric,经审计财务报表；总账/明细账；银行流水；财务台账；预测模型；审计/财务尽调底稿,"T_CALCULATE_METRIC,T_ANALYZE",,evidence_bound + source_check + cross_check_if_applicable,conclusion;key_facts;evidence_refs;confidence;unresolved_items;risks;recommendation,v1.1_review,0.72
DDQ.215,EXPANDED_v1.1,215,FIN,二十二、流动性与偿债能力,流动比率、速动比率、现金比率、短期债务覆盖倍数、偿债备付率、最低现金保有量各为多少？是否存在流动性缺口？,factual+analytical,P0,always,形成该领域可验证的投资判断,FIN.075;FIN.076;FIN.077;FIN.078;FIN.079;FIN.081,FinancialMetric,经审计财务报表；总账/明细账；银行流水；财务台账；预测模型；审计/财务尽调底稿,"T_CALCULATE_METRIC,T_ANALYZE",,evidence_bound + source_check + cross_check_if_applicable,conclusion;key_facts;evidence_refs;confidence;unresolved_items;risks;recommendation,v1.1_review,0.72
DDQ.216,EXPANDED_v1.1,216,FIN,二十三、资本回报水平,ROA、ROE、ROIC、增量ROIC、经济利润各为多少？投入资本回报是否高于资金成本？,factual+analytical,P1,always,形成该领域可验证的投资判断,FIN.090;FIN.091;FIN.092;FIN.093;FIN.094,FinancialMetric,经审计财务报表；总账/明细账；银行流水；财务台账；预测模型；审计/财务尽调底稿,"T_CALCULATE_METRIC,T_ANALYZE",,evidence_bound + source_check + cross_check_if_applicable,conclusion;key_facts;evidence_refs;confidence;unresolved_items;risks;recommendation,v1.1_review,0.72
DDQ.217,EXPANDED_v1.1,217,CORE,二十、创始人背景与依赖度,创始人的年龄、学历、行业经验、管理经验、创业经历、任职年限、持股比例、控制权、市场声誉各为何？公司对创始人的依赖程度如何？,factual+analytical,P1,always,形成该领域可验证的投资判断,MGMT.001;MGMT.002;MGMT.003;MGMT.004;MGMT.005;MGMT.006;MGMT.007;MGMT.008;MGMT.009,Person;Shareholder,原始材料；专业尽调报告；合同/台账；公开信息；管理层书面确认,"T_ANALYZE,T_ASK_HUMAN",,evidence_bound + source_check + cross_check_if_applicable,conclusion;key_facts;evidence_refs;confidence;unresolved_items;risks;recommendation,v1.1_review,0.72
DDQ.218,EXPANDED_v1.1,218,CORE,二十一、关键岗位任期与稳定性,CEO、CFO、CTO、销售负责人、运营负责人各自的任职年限为多少？核心岗位是否存在空缺或频繁更替？,factual+analytical,P1,always,形成该领域可验证的投资判断,MGMT.014;MGMT.015;MGMT.016;MGMT.017;MGMT.018,Person,原始材料；专业尽调报告；合同/台账；公开信息；管理层书面确认,T_ANALYZE,,evidence_bound + source_check + cross_check_if_applicable,conclusion;key_facts;evidence_refs;confidence;unresolved_items;risks;recommendation,v1.1_review,0.72
DDQ.219,EXPANDED_v1.1,219,CORE,二十二、员工规模、成本与人效,员工人数增长率、人均人力成本、销售人数及占比、管理人数、人均收入、人均EBITDA各为多少？人员扩张是否快于业务扩张？,factual+analytical,P1,always,形成该领域可验证的投资判断,MGMT.022;MGMT.025;MGMT.026;MGMT.027;MGMT.028;MGMT.029;MGMT.030,Person;FinancialMetric,原始材料；专业尽调报告；合同/台账；公开信息；管理层书面确认,"T_CALCULATE_METRIC,T_ANALYZE",,evidence_bound + source_check + cross_check_if_applicable,conclusion;key_facts;evidence_refs;confidence;unresolved_items;risks;recommendation,v1.1_review,0.72
DDQ.220,EXPANDED_v1.1,220,CORE,二十三、组织架构与职能团队,管理幅度、组织层级数、关键岗位空缺、职能团队专业化评分、职能团队规模对标、职能团队流失率各为多少？组织是否支撑未来扩张？,factual+analytical,P2,conditional,形成该领域可验证的投资判断,MGMT.031;MGMT.032;MGMT.036;MGMT.039;MGMT.040;MGMT.041,Person,原始材料；专业尽调报告；合同/台账；公开信息；管理层书面确认,"T_ANALYZE,T_ASK_HUMAN",,evidence_bound + source_check + cross_check_if_applicable,conclusion;key_facts;evidence_refs;confidence;unresolved_items;risks;recommendation,v1.1_review,0.72
DDQ.221,EXPANDED_v1.1,221,CORE,二十四、技术优势与商业化,核心技术的性能优势、成本优势、商业化率、验证次数各为多少？技术领先是否可量化、是否已转化为收入？,factual+analytical,P1,always,形成该领域可验证的投资判断,TECH.004;TECH.005;TECH.009;TECH.010,Company,专利/商标/软著登记证书；申请文件；年费缴纳凭证；技术合同；研发立项文件,"T_ANALYZE,T_CALCULATE_METRIC",,evidence_bound + source_check + cross_check_if_applicable,conclusion;key_facts;evidence_refs;confidence;unresolved_items;risks;recommendation,v1.1_review,0.72
DDQ.222,EXPANDED_v1.1,222,CORE,二十五、专利结构与质量,发明专利数、实用新型数、专利授权率、专利增长率、专利族数、专利被引数、专利地域覆盖各为多少？核心专利是否覆盖主要产品与主要市场？,factual+analytical,P0,always,形成该领域可验证的投资判断,TECH.012;TECH.013;TECH.015;TECH.016;TECH.017;TECH.019;TECH.020,Company,专利/商标/软著登记证书；申请文件；年费缴纳凭证；技术合同；研发立项文件,"T_VERIFY_DOCUMENT,T_CALCULATE_METRIC",,evidence_bound + source_check + cross_check_if_applicable,conclusion;key_facts;evidence_refs;confidence;unresolved_items;risks;recommendation,v1.1_review,0.72
DDQ.223,EXPANDED_v1.1,223,CORE,二十六、技术秘密与其他IP,对技术秘密的依赖程度、软件著作权数、商标数各为多少？未专利化的核心技术如何保护，是否存在人员流失导致技术外泄风险？,verification,P1,always,形成该领域可验证的投资判断,TECH.028;TECH.029;TECH.030,Company,专利/商标/软著登记证书；申请文件；年费缴纳凭证；技术合同；研发立项文件,"T_VERIFY_DOCUMENT,T_ANALYZE",,evidence_bound + source_check + cross_check_if_applicable,conclusion;key_facts;evidence_refs;confidence;unresolved_items;risks;recommendation,v1.1_review,0.72
DDQ.224,EXPANDED_v1.1,224,CORE,二十七、碳排放与能源结构,范围一/范围二/范围三排放、碳排放总量、碳强度、能耗总量、能耗强度、可再生能源占比各为多少？是否面临能耗双控或碳配额约束？,factual+analytical,P2,conditional,形成该领域可验证的投资判断,ESG.001;ESG.002;ESG.003;ESG.004;ESG.005;ESG.006;ESG.007;ESG.008,Company,备案/环评/能评/消防/安评/排污许可；验收文件；处罚记录；第三方合规报告,T_CALCULATE_METRIC,,evidence_bound + source_check + cross_check_if_applicable,conclusion;key_facts;evidence_refs;confidence;unresolved_items;risks;recommendation,v1.1_review,0.72
DDQ.225,EXPANDED_v1.1,225,CORE,二十八、水资源与废弃物,耗水量、废弃物产生量各为多少？危废处置是否合规、处置协议是否覆盖全部类别？,verification,P2,conditional,形成该领域可验证的投资判断,ESG.009;ESG.010,Company,备案/环评/能评/消防/安评/排污许可；验收文件；处罚记录；第三方合规报告,T_VERIFY_DOCUMENT,,evidence_bound + source_check + cross_check_if_applicable,conclusion;key_facts;evidence_refs;confidence;unresolved_items;risks;recommendation,v1.1_review,0.72
DDQ.226,EXPANDED_v1.1,226,CORE,二十九、员工培训、流失与申诉,人均培训工时、员工流失率、员工申诉数各为多少？劳动用工是否合规、是否存在未决劳动争议？,factual+analytical,P1,always,形成该领域可验证的投资判断,ESG.016;ESG.017;ESG.019,Person,备案/环评/能评/消防/安评/排污许可；验收文件；处罚记录；第三方合规报告,"T_CALCULATE_METRIC,T_VERIFY_DOCUMENT",,evidence_bound + source_check + cross_check_if_applicable,conclusion;key_facts;evidence_refs;confidence;unresolved_items;risks;recommendation,v1.1_review,0.72
DDQ.227,EXPANDED_v1.1,227,CORE,三十、产品组合与新品贡献,活跃SKU数、新产品数、新产品收入占比、产品均价、退货率、产品替代风险各为多少？产品结构是否过度集中？,factual+analytical,P1,always,形成该领域可验证的投资判断,PROD.002;PROD.003;PROD.004;PROD.008;PROD.009;PROD.016,Company;FinancialMetric,生产台账；产能/产量记录；设备清单；良率/废品记录；能耗记录；现场走访记录,"T_CALCULATE_METRIC,T_ANALYZE",,evidence_bound + source_check + cross_check_if_applicable,conclusion;key_facts;evidence_refs;confidence;unresolved_items;risks;recommendation,v1.1_review,0.72
DDQ.228,EXPANDED_v1.1,228,CORE,三十一、产品研发周期与成功率,产品开发周期、新品上市成功率、新品失败率各为多少？研发投入产出效率如何？,factual+analytical,P2,conditional,形成该领域可验证的投资判断,PROD.017;PROD.018;PROD.019,Company,生产台账；产能/产量记录；设备清单；良率/废品记录；能耗记录；现场走访记录,T_CALCULATE_METRIC,,evidence_bound + source_check + cross_check_if_applicable,conclusion;key_facts;evidence_refs;confidence;unresolved_items;risks;recommendation,v1.1_review,0.72
DDQ.229,EXPANDED_v1.1,229,CORE,三十二、生产基地与产能布局,生产基地数、产量增长率、产线数量各为多少？产能布局是否匹配客户分布与未来需求？,factual+analytical,P1,always,形成该领域可验证的投资判断,PROD.022;PROD.027;PROD.028,Company,生产台账；产能/产量记录；设备清单；良率/废品记录；能耗记录；现场走访记录,"T_VERIFY_DOCUMENT,T_CALCULATE_METRIC",,evidence_bound + source_check + cross_check_if_applicable,conclusion;key_facts;evidence_refs;confidence;unresolved_items;risks;recommendation,v1.1_review,0.72
DDQ.230,EXPANDED_v1.1,230,CORE,三十三、生产质量与废品控制,废品率、返工率、一次通过率、产品退货率各为多少？质量控制体系是否健全、是否通过体系认证？,factual+analytical,P1,always,形成该领域可验证的投资判断,PROD.032;PROD.033;PROD.041;PROD.044,Company,生产台账；产能/产量记录；设备清单；良率/废品记录；能耗记录；现场走访记录,"T_CALCULATE_METRIC,T_ANALYZE",,evidence_bound + source_check + cross_check_if_applicable,conclusion;key_facts;evidence_refs;confidence;unresolved_items;risks;recommendation,v1.1_review,0.72
DDQ.231,EXPANDED_v1.1,231,CORE,三十四、生产成本与效率,生产周期、交付前置期、停机率、维修成本、单位生产成本、制造成本占比各为多少？单位成本是否随规模下降？,factual+analytical,P1,always,形成该领域可验证的投资判断,PROD.034;PROD.035;PROD.037;PROD.038;PROD.039;PROD.040,FinancialMetric,生产台账；产能/产量记录；设备清单；良率/废品记录；能耗记录；现场走访记录,"T_CALCULATE_METRIC,T_ANALYZE",,evidence_bound + source_check + cross_check_if_applicable,conclusion;key_facts;evidence_refs;confidence;unresolved_items;risks;recommendation,v1.1_review,0.72
DDQ.232,EXPANDED_v1.1,232,CORE,三十五、客户活跃度与流失,活跃客户数、新增客户数、流失客户数、平均客户合作年限、客户复购率各为多少？客户结构是否稳定？,factual+analytical,P1,always,形成该领域可验证的投资判断,CUST.002;CUST.003;CUST.004;CUST.006;CUST.010,Customer,客户明细；销售合同；订单；出货/验收单；发票；回款流水；应收账龄,"T_CALCULATE_METRIC,T_ANALYZE",,evidence_bound + source_check + cross_check_if_applicable,conclusion;key_facts;evidence_refs;confidence;unresolved_items;risks;recommendation,v1.1_review,0.72
DDQ.233,EXPANDED_v1.1,233,CORE,三十六、客户盈利性与信用质量,前1名/前5大客户毛利贡献占比、战略客户占比、关联客户收入占比、海外客户占比、客户信用质量、客户盈利性、客户毛利率、客户账期各为多少？是否存在为冲收入让渡账期或毛利的情形？,factual+analytical,P0,always,形成该领域可验证的投资判断,CUST.016;CUST.017;CUST.018;CUST.019;CUST.020;CUST.021;CUST.022;CUST.023;CUST.024,Customer;FinancialMetric,客户明细；销售合同；订单；出货/验收单；发票；回款流水；应收账龄,"T_CALCULATE_METRIC,T_CROSS_CHECK",,evidence_bound + source_check + cross_check_if_applicable,conclusion;key_facts;evidence_refs;confidence;unresolved_items;risks;recommendation,v1.1_review,0.72
DDQ.234,EXPANDED_v1.1,234,CORE,三十七、客户应收与坏账,客户应收账款、逾期占比、坏账率各为多少？长账龄应收的可回收性及坏账计提是否充分？,factual+analytical,P0,always,形成该领域可验证的投资判断,CUST.025;CUST.026;CUST.027,Customer;FinancialMetric,客户明细；销售合同；订单；出货/验收单；发票；回款流水；应收账龄,"T_CALCULATE_METRIC,T_ANALYZE,T_RISK_EXPAND",,evidence_bound + source_check + cross_check_if_applicable,conclusion;key_facts;evidence_refs;confidence;unresolved_items;risks;recommendation,v1.1_review,0.72
DDQ.235,EXPANDED_v1.1,235,CORE,三十八、销售合同覆盖与在手,客户合同覆盖率、有效合同数、合同金额、合同在手订单各为多少？收入是否有合同支撑？,factual+analytical,P1,always,形成该领域可验证的投资判断,CUST.028;CUST.031;CUST.032;CUST.033,Customer;Contract,客户明细；销售合同；订单；出货/验收单；发票；回款流水；应收账龄,"T_VERIFY_DOCUMENT,T_CALCULATE_METRIC",,evidence_bound + source_check + cross_check_if_applicable,conclusion;key_facts;evidence_refs;confidence;unresolved_items;risks;recommendation,v1.1_review,0.72
DDQ.236,EXPANDED_v1.1,236,CORE,三十九、合同条款与风险敞口,合同续约率、终止率、价格调整机制、排他条款占比、最低采购承诺、控制权变更条款占比各为多少？是否存在重大客户流失或条款不利情形？,factual+analytical,P1,conditional,形成该领域可验证的投资判断,CUST.035;CUST.036;CUST.037;CUST.038;CUST.039;CUST.040,Customer;Contract,客户明细；销售合同；订单；出货/验收单；发票；回款流水；应收账龄,"T_VERIFY_DOCUMENT,T_ANALYZE",,evidence_bound + source_check + cross_check_if_applicable,conclusion;key_facts;evidence_refs;confidence;unresolved_items;risks;recommendation,v1.1_review,0.72
DDQ.237,EXPANDED_v1.1,237,CORE,四十、订单规模与增长,订单数、订单金额、订单增长率、平均订单金额、订单转化率、订单取消率各为多少？订单趋势是否领先于收入确认？,factual+analytical,P2,conditional,形成该领域可验证的投资判断,CUST.041;CUST.042;CUST.043;CUST.044;CUST.045;CUST.046,Customer,客户明细；销售合同；订单；出货/验收单；发票；回款流水；应收账龄,T_CALCULATE_METRIC,,evidence_bound + source_check + cross_check_if_applicable,conclusion;key_facts;evidence_refs;confidence;unresolved_items;risks;recommendation,v1.1_review,0.72
DDQ.238,EXPANDED_v1.1,238,CORE,四十一、订单履行与在手订单,订单履行率、在手订单、在手订单覆盖月数、在手订单转化率各为多少？在手订单的可实现性如何？,factual+analytical,P1,always,形成该领域可验证的投资判断,CUST.047;CUST.048;CUST.049;CUST.050,Customer,客户明细；销售合同；订单；出货/验收单；发票；回款流水；应收账龄,"T_CALCULATE_METRIC,T_ANALYZE",,evidence_bound + source_check + cross_check_if_applicable,conclusion;key_facts;evidence_refs;confidence;unresolved_items;risks;recommendation,v1.1_review,0.72
DDQ.239,EXPANDED_v1.1,239,CORE,四十二、销售线索与管道,线索数、合格线索数、销售管道金额、管道覆盖率、商机转化率各为多少？新客户获取是否可持续？,factual+analytical,P2,conditional,形成该领域可验证的投资判断,CUST.051;CUST.052;CUST.053;CUST.054;CUST.055,Customer,客户明细；销售合同；订单；出货/验收单；发票；回款流水；应收账龄,T_CALCULATE_METRIC,,evidence_bound + source_check + cross_check_if_applicable,conclusion;key_facts;evidence_refs;confidence;unresolved_items;risks;recommendation,v1.1_review,0.72
DDQ.240,EXPANDED_v1.1,240,CORE,四十三、销售效率,赢单率、平均销售周期、销售人均产出、销售费用率、销售效率、复购率各为多少？销售投入产出是否合理？,factual+analytical,P2,conditional,形成该领域可验证的投资判断,CUST.056;CUST.057;CUST.058;CUST.059;CUST.060;CUST.061,Customer;FinancialMetric,客户明细；销售合同；订单；出货/验收单；发票；回款流水；应收账龄,"T_CALCULATE_METRIC,T_ANALYZE",,evidence_bound + source_check + cross_check_if_applicable,conclusion;key_facts;evidence_refs;confidence;unresolved_items;risks;recommendation,v1.1_review,0.72
DDQ.241,EXPANDED_v1.1,241,CORE,四十四、供应商结构,活跃供应商数、供应商HHI、战略供应商数、供应商平均合作年限各为多少？供应是否过度集中？,factual+analytical,P1,always,形成该领域可验证的投资判断,SUPP.002;SUPP.005;SUPP.007;SUPP.009,Supplier,原始材料；专业尽调报告；合同/台账；公开信息；管理层书面确认,"T_CALCULATE_METRIC,T_ANALYZE",,evidence_bound + source_check + cross_check_if_applicable,conclusion;key_facts;evidence_refs;confidence;unresolved_items;risks;recommendation,v1.1_review,0.72
DDQ.242,EXPANDED_v1.1,242,CORE,四十五、采购成本与价格波动,采购额、采购增长率、原材料成本占比、采购成本占比、平均采购价、采购价格波动率、长协覆盖率、采购付款账期各为多少？原材料涨价能否向下游传导？,factual+analytical,P0,always,形成该领域可验证的投资判断,SUPP.011;SUPP.012;SUPP.013;SUPP.014;SUPP.015;SUPP.016;SUPP.019;SUPP.020,Supplier;FinancialMetric,原始材料；专业尽调报告；合同/台账；公开信息；管理层书面确认,"T_CALCULATE_METRIC,T_ANALYZE,T_RISK_EXPAND",,evidence_bound + source_check + cross_check_if_applicable,conclusion;key_facts;evidence_refs;confidence;unresolved_items;risks;recommendation,v1.1_review,0.72
DDQ.243,EXPANDED_v1.1,243,CORE,四十六、供应链周期与安全库存,供应链周期、供应链缓冲天数、安全库存天数各为多少？是否存在断供风险或库存积压？,factual+analytical,P2,conditional,形成该领域可验证的投资判断,SUPP.022;SUPP.023;SUPP.024,Supplier,原始材料；专业尽调报告；合同/台账；公开信息；管理层书面确认,T_CALCULATE_METRIC,,evidence_bound + source_check + cross_check_if_applicable,conclusion;key_facts;evidence_refs;confidence;unresolved_items;risks;recommendation,v1.1_review,0.72
DDQ.244,EXPANDED_v1.1,244,CORE,四十七、商业模式与收入构成,商业模式类型、成本模式、价值主张、非经常性收入占比、产品/服务/订阅/项目/授权收入占比各为多少？收入是否可持续、是否依赖一次性项目？,factual+analytical,P1,always,形成该领域可验证的投资判断,BMOD.001;BMOD.003;BMOD.004;BMOD.010;BMOD.011;BMOD.012;BMOD.013;BMOD.014;BMOD.015,Company;FinancialMetric,原始材料；专业尽调报告；合同/台账；公开信息；管理层书面确认,"T_ANALYZE,T_CALCULATE_METRIC",,evidence_bound + source_check + cross_check_if_applicable,conclusion;key_facts;evidence_refs;confidence;unresolved_items;risks;recommendation,v1.1_review,0.72
DDQ.245,EXPANDED_v1.1,245,CORE,四十八、区域与客户类型结构,境内收入占比、境外收入占比、B2B占比、B2C占比、新业务收入占比各为多少？是否存在区域或客户类型过度集中？,factual+analytical,P1,always,形成该领域可验证的投资判断,BMOD.016;BMOD.017;BMOD.018;BMOD.019;BMOD.020,FinancialMetric;Customer,原始材料；专业尽调报告；合同/台账；公开信息；管理层书面确认,T_CALCULATE_METRIC,,evidence_bound + source_check + cross_check_if_applicable,conclusion;key_facts;evidence_refs;confidence;unresolved_items;risks;recommendation,v1.1_review,0.72
DDQ.246,EXPANDED_v1.1,246,CORE,四十九、单位经济模型,客户边际贡献、平均售价、平均订单金额、单笔交易收入各为多少？单位经济是否成立、规模化后是否改善？,factual+analytical,P1,always,形成该领域可验证的投资判断,BMOD.027;BMOD.028;BMOD.029;BMOD.030,FinancialMetric;Customer,原始材料；专业尽调报告；合同/台账；公开信息；管理层书面确认,"T_CALCULATE_METRIC,T_ANALYZE",,evidence_bound + source_check + cross_check_if_applicable,conclusion;key_facts;evidence_refs;confidence;unresolved_items;risks;recommendation,v1.1_review,0.72
DDQ.247,EXPANDED_v1.1,247,CORE,五十、估值方法与溢价,EV/FCF、DCF估值、可比公司估值、先例交易估值、估值溢价率、估值折价率各为多少？本次估值相对可比口径是否偏高？,factual+analytical,P1,always,形成该领域可验证的投资判断,TXN.011;TXN.012;TXN.013;TXN.014;TXN.015;TXN.016,FinancialMetric,原始材料；专业尽调报告；合同/台账；公开信息；管理层书面确认,"T_CALCULATE_METRIC,T_ANALYZE",,evidence_bound + source_check + cross_check_if_applicable,conclusion;key_facts;evidence_refs;confidence;unresolved_items;risks;recommendation,v1.1_review,0.72
DDQ.248,EXPANDED_v1.1,248,CORE,五十一、持有期与退出安排,预计持有期限为多长？退出路径与时间安排是否明确、是否与基金存续期匹配？,analytical,P2,always,形成该领域可验证的投资判断,TXN.022,FinancialMetric,原始材料；专业尽调报告；合同/台账；公开信息；管理层书面确认,T_ANALYZE,,evidence_bound + source_check + cross_check_if_applicable,conclusion;key_facts;evidence_refs;confidence;unresolved_items;risks;recommendation,v1.1_review,0.72
DDQ.249,EXPANDED_v1.1,249,LEGAL,二十、资质许可与抵押,经营所需许可数量、许可到期敞口、资产抵押敞口各为多少？许可续期是否存在障碍、抵押是否影响资产完整性？,verification,P1,always,形成该领域可验证的投资判断,LEGAL.014;LEGAL.015;LEGAL.026,Company,工商登记/股权结构表；章程；股东协议/一致行动协议；历次融资协议；银行/付款凭证,"T_VERIFY_DOCUMENT,T_EXTERNAL_VERIFY",,evidence_bound + source_check + cross_check_if_applicable,conclusion;key_facts;evidence_refs;confidence;unresolved_items;risks;recommendation,v1.1_review,0.72
DDQ.250,EXPANDED_v1.1,250,LEGAL,二十一、税务与IP争议敞口,税务敞口、知识产权争议敞口、关联方法律敞口各为多少？是否可能形成补税、赔偿或禁令风险？,factual+analytical,P1,always,形成该领域可验证的投资判断,LEGAL.027;LEGAL.029;LEGAL.030,Company;FinancialMetric,工商登记/股权结构表；章程；股东协议/一致行动协议；历次融资协议；银行/付款凭证,"T_ANALYZE,T_VERIFY_DOCUMENT",,evidence_bound + source_check + cross_check_if_applicable,conclusion;key_facts;evidence_refs;confidence;unresolved_items;risks;recommendation,v1.1_review,0.72
DDQ.251,EXPANDED_v1.1,251,LEGAL,二十二、内控缺陷与合规完成度,内控缺陷、监管依赖度、法律尽调完成度各为多少？所列整改事项是否闭环、是否存在未了结的合规瑕疵？,verification,P1,always,形成该领域可验证的投资判断,LEGAL.031;LEGAL.032;LEGAL.033,Company,工商登记/股权结构表；章程；股东协议/一致行动协议；历次融资协议；银行/付款凭证,"T_VERIFY_DOCUMENT,T_ANALYZE",,evidence_bound + source_check + cross_check_if_applicable,conclusion;key_facts;evidence_refs;confidence;unresolved_items;risks;recommendation,v1.1_review,0.72
DDQ.252,EXPANDED_v1.1,252,CORE,五十二、市场规模与渗透,可服务市场（SAM）、可获得市场（SOM）、市场渗透率、可触达客户数各为多少？公司成长空间是否充足？,factual+analytical,P2,conditional,形成该领域可验证的投资判断,MKT.002;MKT.003;MKT.007;MKT.008,Company,原始材料；专业尽调报告；合同/台账；公开信息；管理层书面确认,"T_CALCULATE_METRIC,T_ANALYZE,T_ASK_HUMAN",,evidence_bound + source_check + cross_check_if_applicable,conclusion;key_facts;evidence_refs;confidence;unresolved_items;risks;recommendation,v1.1_review,0.72
DDQ.253,EXPANDED_v1.1,253,CORE,五十三、市场价格趋势,市场均价、市场价格增长率各为多少？行业价格是否处于下行通道、公司定价能力如何？,factual+analytical,P1,always,形成该领域可验证的投资判断,MKT.009;MKT.010,FinancialMetric,原始材料；专业尽调报告；合同/台账；公开信息；管理层书面确认,"T_CALCULATE_METRIC,T_ANALYZE",,evidence_bound + source_check + cross_check_if_applicable,conclusion;key_facts;evidence_refs;confidence;unresolved_items;risks;recommendation,v1.1_review,0.72
DDQ.254,EXPANDED_v1.1,254,CORE,五十四、市场份额与格局,公司份额增长、区域份额、细分市场份额、前三/前五份额、市场碎片化程度、份额波动率各为多少？公司议价地位如何？,factual+analytical,P1,always,形成该领域可验证的投资判断,MKT.012;MKT.013;MKT.014;MKT.015;MKT.016;MKT.019;MKT.020,Company,原始材料；专业尽调报告；合同/台账；公开信息；管理层书面确认,"T_CALCULATE_METRIC,T_ANALYZE",,evidence_bound + source_check + cross_check_if_applicable,conclusion;key_facts;evidence_refs;confidence;unresolved_items;risks;recommendation,v1.1_review,0.72
DDQ.255,EXPANDED_v1.1,255,CORE,五十五、竞争对手对标,竞争对手总数、直接/间接竞争对手数、可比公司收入中位数、增长中位数、毛利率中位数、EBITDA率中位数各为多少？公司相对位置如何？,factual+analytical,P1,always,形成该领域可验证的投资判断,MKT.021;MKT.022;MKT.023;MKT.024;MKT.025;MKT.026;MKT.027,Company;FinancialMetric,原始材料；专业尽调报告；合同/台账；公开信息；管理层书面确认,"T_CALCULATE_METRIC,T_CROSS_CHECK",,evidence_bound + source_check + cross_check_if_applicable,conclusion;key_facts;evidence_refs;confidence;unresolved_items;risks;recommendation,v1.1_review,0.72
DDQ.256,EXPANDED_v1.1,256,CORE,五十六、竞争强度与进入壁垒,价格竞争强度、技术竞争强度、技术/客户/渠道/认证壁垒、客户转换成本各为多少？行业是否会陷入价格战？,factual+analytical,P1,always,形成该领域可验证的投资判断,MKT.029;MKT.030;MKT.032;MKT.033;MKT.034;MKT.035;MKT.037,Company,原始材料；专业尽调报告；合同/台账；公开信息；管理层书面确认,T_ANALYZE,,evidence_bound + source_check + cross_check_if_applicable,conclusion;key_facts;evidence_refs;confidence;unresolved_items;risks;recommendation,v1.1_review,0.72
DDQ.257,EXPANDED_v1.1,257,CORE,五十七、护城河与规模效应,网络效应强度、规模经济强度、品牌壁垒各为多少？公司的护城河是否可持续？,analytical,P2,conditional,形成该领域可验证的投资判断,MKT.038;MKT.039;MKT.040,Company,原始材料；专业尽调报告；合同/台账；公开信息；管理层书面确认,"T_ANALYZE,T_ASK_HUMAN",,evidence_bound + source_check + cross_check_if_applicable,conclusion;key_facts;evidence_refs;confidence;unresolved_items;risks;recommendation,v1.1_review,0.72
