source_id,target_id,relation_type,description,question_id,confidence
CORP.022,CORP.021,influences,VotingRightsRatio influences UltimateBeneficialOwner (from QL002),QL002,0.85
CORP.023,CORP.021,influences,ControlRightsRatio influences UltimateBeneficialOwner (from QL002),QL002,0.85
CORP.025,CORP.021,influences,BoardControlRatio influences UltimateBeneficialOwner (from QL002),QL002,0.85
CORP.026,CORP.021,influences,VetoRights influences UltimateBeneficialOwner (from QL002),QL002,0.85
CORP.027,CORP.021,influences,ConcertPartyArrangement influences UltimateBeneficialOwner (from QL002),QL002,0.85
CORP.028,CORP.021,influences,ControlChainLength influences UltimateBeneficialOwner (from QL002),QL002,0.85
CORP.029,CORP.021,influences,ControlComplexity influences UltimateBeneficialOwner (from QL002),QL002,0.85
CORP.030,CORP.021,influences,ControlStability influences UltimateBeneficialOwner (from QL002),QL002,0.85
CORP.021,CORP.022,influences,UltimateBeneficialOwner influences VotingRightsRatio (from QL002),QL002,0.75
CORP.021,CORP.023,influences,UltimateBeneficialOwner influences ControlRightsRatio (from QL002),QL002,0.75
CORP.021,CORP.025,influences,UltimateBeneficialOwner influences BoardControlRatio (from QL002),QL002,0.75
CORP.021,CORP.026,influences,UltimateBeneficialOwner influences VetoRights (from QL002),QL002,0.75
CORP.021,CORP.027,influences,UltimateBeneficialOwner influences ConcertPartyArrangement (from QL002),QL002,0.75
CORP.021,CORP.028,influences,UltimateBeneficialOwner influences ControlChainLength (from QL002),QL002,0.75
CORP.021,CORP.029,influences,UltimateBeneficialOwner influences ControlComplexity (from QL002),QL002,0.75
CORP.021,CORP.030,influences,UltimateBeneficialOwner influences ControlStability (from QL002),QL002,0.75
CORP.022,CORP.023,influences,VotingRightsRatio influences ControlRightsRatio (from QL002),QL002,0.75
CORP.022,CORP.025,influences,VotingRightsRatio influences BoardControlRatio (from QL002),QL002,0.75
CORP.022,CORP.026,influences,VotingRightsRatio influences VetoRights (from QL002),QL002,0.75
CORP.022,CORP.027,influences,VotingRightsRatio influences ConcertPartyArrangement (from QL002),QL002,0.75
CORP.022,CORP.028,influences,VotingRightsRatio influences ControlChainLength (from QL002),QL002,0.75
CORP.022,CORP.029,influences,VotingRightsRatio influences ControlComplexity (from QL002),QL002,0.75
CORP.022,CORP.030,influences,VotingRightsRatio influences ControlStability (from QL002),QL002,0.75
CORP.023,CORP.025,influences,ControlRightsRatio influences BoardControlRatio (from QL002),QL002,0.75
CORP.023,CORP.026,influences,ControlRightsRatio influences VetoRights (from QL002),QL002,0.75
CORP.023,CORP.027,influences,ControlRightsRatio influences ConcertPartyArrangement (from QL002),QL002,0.75
CORP.023,CORP.028,influences,ControlRightsRatio influences ControlChainLength (from QL002),QL002,0.75
CORP.023,CORP.029,influences,ControlRightsRatio influences ControlComplexity (from QL002),QL002,0.75
CORP.023,CORP.030,influences,ControlRightsRatio influences ControlStability (from QL002),QL002,0.75
CORP.025,CORP.026,influences,BoardControlRatio influences VetoRights (from QL002),QL002,0.75
CORP.025,CORP.027,influences,BoardControlRatio influences ConcertPartyArrangement (from QL002),QL002,0.75
CORP.025,CORP.028,influences,BoardControlRatio influences ControlChainLength (from QL002),QL002,0.75
CORP.025,CORP.029,influences,BoardControlRatio influences ControlComplexity (from QL002),QL002,0.75
CORP.025,CORP.030,influences,BoardControlRatio influences ControlStability (from QL002),QL002,0.75
CORP.026,CORP.027,influences,VetoRights influences ConcertPartyArrangement (from QL002),QL002,0.75
CORP.026,CORP.028,influences,VetoRights influences ControlChainLength (from QL002),QL002,0.75
CORP.026,CORP.029,influences,VetoRights influences ControlComplexity (from QL002),QL002,0.75
CORP.026,CORP.030,influences,VetoRights influences ControlStability (from QL002),QL002,0.75
CORP.027,CORP.028,influences,ConcertPartyArrangement influences ControlChainLength (from QL002),QL002,0.75
CORP.027,CORP.029,influences,ConcertPartyArrangement influences ControlComplexity (from QL002),QL002,0.75
CORP.027,CORP.030,influences,ConcertPartyArrangement influences ControlStability (from QL002),QL002,0.75
CORP.028,CORP.029,influences,ControlChainLength influences ControlComplexity (from QL002),QL002,0.75
CORP.028,CORP.030,influences,ControlChainLength influences ControlStability (from QL002),QL002,0.75
CORP.029,CORP.030,influences,ControlComplexity influences ControlStability (from QL002),QL002,0.75
CORP.041,CORP.021,influences,CorporateLifecycleStatus influences UltimateBeneficialOwner (from QL003),QL003,0.85
CORP.021,CORP.030,correlates_with,UltimateBeneficialOwner correlates_with ControlStability (from QL003),QL003,0.75
CORP.021,CORP.041,correlates_with,UltimateBeneficialOwner correlates_with CorporateLifecycleStatus (from QL003),QL003,0.75
CORP.030,CORP.041,correlates_with,ControlStability correlates_with CorporateLifecycleStatus (from QL003),QL003,0.75
CORP.019,CORP.012,influences,InstitutionalOwnership influences ShareholderCount (from QL004),QL004,0.85
CORP.035,CORP.012,influences,ConsolidationScope influences ShareholderCount (from QL004),QL004,0.85
LEGAL.032,CORP.012,influences,RegulatoryDependency influences ShareholderCount (from QL004),QL004,0.85
CORP.012,CORP.019,correlates_with,ShareholderCount correlates_with InstitutionalOwnership (from QL004),QL004,0.75
CORP.012,CORP.035,correlates_with,ShareholderCount correlates_with ConsolidationScope (from QL004),QL004,0.75
CORP.012,LEGAL.032,correlates_with,ShareholderCount correlates_with RegulatoryDependency (from QL004),QL004,0.75
CORP.019,CORP.035,correlates_with,InstitutionalOwnership correlates_with ConsolidationScope (from QL004),QL004,0.75
CORP.019,LEGAL.032,correlates_with,InstitutionalOwnership correlates_with RegulatoryDependency (from QL004),QL004,0.75
CORP.035,LEGAL.032,correlates_with,ConsolidationScope correlates_with RegulatoryDependency (from QL004),QL004,0.75
CORP.013,CORP.012,influences,Top1ShareholderRatio influences ShareholderCount (from QL005),QL005,0.85
CORP.030,CORP.012,influences,ControlStability influences ShareholderCount (from QL005),QL005,0.85
CORP.012,CORP.013,trends_with,ShareholderCount trends_with Top1ShareholderRatio (from QL005),QL005,0.75
CORP.012,CORP.030,trends_with,ShareholderCount trends_with ControlStability (from QL005),QL005,0.75
CORP.013,CORP.030,trends_with,Top1ShareholderRatio trends_with ControlStability (from QL005),QL005,0.75
CORP.014,CORP.013,influences,Top3ShareholderRatio influences Top1ShareholderRatio (from QL006),QL006,0.85
CORP.015,CORP.013,influences,Top5ShareholderRatio influences Top1ShareholderRatio (from QL006),QL006,0.85
TXN.003,CORP.013,influences,EntryEnterpriseValue influences Top1ShareholderRatio (from QL006),QL006,0.85
TXN.017,CORP.013,influences,EntryValuationPercentile influences Top1ShareholderRatio (from QL006),QL006,0.85
CORP.013,CORP.014,correlates_with,Top1ShareholderRatio correlates_with Top3ShareholderRatio (from QL006),QL006,0.75
CORP.013,CORP.015,correlates_with,Top1ShareholderRatio correlates_with Top5ShareholderRatio (from QL006),QL006,0.75
CORP.013,TXN.003,correlates_with,Top1ShareholderRatio correlates_with EntryEnterpriseValue (from QL006),QL006,0.75
CORP.013,TXN.017,correlates_with,Top1ShareholderRatio correlates_with EntryValuationPercentile (from QL006),QL006,0.75
CORP.014,CORP.015,correlates_with,Top3ShareholderRatio correlates_with Top5ShareholderRatio (from QL006),QL006,0.75
CORP.014,TXN.003,correlates_with,Top3ShareholderRatio correlates_with EntryEnterpriseValue (from QL006),QL006,0.75
CORP.014,TXN.017,correlates_with,Top3ShareholderRatio correlates_with EntryValuationPercentile (from QL006),QL006,0.75
CORP.015,TXN.003,correlates_with,Top5ShareholderRatio correlates_with EntryEnterpriseValue (from QL006),QL006,0.75
CORP.015,TXN.017,correlates_with,Top5ShareholderRatio correlates_with EntryValuationPercentile (from QL006),QL006,0.75
TXN.003,TXN.017,correlates_with,EntryEnterpriseValue correlates_with EntryValuationPercentile (from QL006),QL006,0.75
CORP.037,CORP.036,influences,RelatedPartyTransactionRatio influences RelatedPartyCount (from QL007),QL007,0.85
CORP.038,CORP.036,influences,RelatedPartyReceivable influences RelatedPartyCount (from QL007),QL007,0.85
CORP.039,CORP.036,influences,RelatedPartyPayable influences RelatedPartyCount (from QL007),QL007,0.85
FIN.033,CORP.036,influences,AdjustedNetIncome influences RelatedPartyCount (from QL007),QL007,0.85
CORP.036,CORP.037,correlates_with,RelatedPartyCount correlates_with RelatedPartyTransactionRatio (from QL007),QL007,0.75
CORP.036,CORP.038,correlates_with,RelatedPartyCount correlates_with RelatedPartyReceivable (from QL007),QL007,0.75
CORP.036,CORP.039,correlates_with,RelatedPartyCount correlates_with RelatedPartyPayable (from QL007),QL007,0.75
CORP.036,FIN.033,correlates_with,RelatedPartyCount correlates_with AdjustedNetIncome (from QL007),QL007,0.75
CORP.037,CORP.038,correlates_with,RelatedPartyTransactionRatio correlates_with RelatedPartyReceivable (from QL007),QL007,0.75
CORP.037,CORP.039,correlates_with,RelatedPartyTransactionRatio correlates_with RelatedPartyPayable (from QL007),QL007,0.75
CORP.037,FIN.033,correlates_with,RelatedPartyTransactionRatio correlates_with AdjustedNetIncome (from QL007),QL007,0.75
CORP.038,CORP.039,correlates_with,RelatedPartyReceivable correlates_with RelatedPartyPayable (from QL007),QL007,0.75
CORP.038,FIN.033,correlates_with,RelatedPartyReceivable correlates_with AdjustedNetIncome (from QL007),QL007,0.75
CORP.039,FIN.033,correlates_with,RelatedPartyPayable correlates_with AdjustedNetIncome (from QL007),QL007,0.75
LEGAL.009,LEGAL.027,influences,AdministrativePenaltyCount influences TaxExposure (from QL008),QL008,0.85
LEGAL.010,LEGAL.027,influences,AdministrativePenaltyAmount influences TaxExposure (from QL008),QL008,0.85
LEGAL.027,LEGAL.009,correlates_with,TaxExposure correlates_with AdministrativePenaltyCount (from QL008),QL008,0.75
LEGAL.027,LEGAL.010,correlates_with,TaxExposure correlates_with AdministrativePenaltyAmount (from QL008),QL008,0.75
LEGAL.009,LEGAL.010,correlates_with,AdministrativePenaltyCount correlates_with AdministrativePenaltyAmount (from QL008),QL008,0.75
CORP.006,CORP.005,influences,PaidInCapital influences RegisteredCapital (from QL009),QL009,0.85
CORP.005,CORP.005,influences,RegisteredCapital influences RegisteredCapital (from QL009),QL009,0.85
CORP.005,CORP.006,correlates_with,RegisteredCapital correlates_with PaidInCapital (from QL009),QL009,0.75
CORP.006,CORP.005,correlates_with,PaidInCapital correlates_with RegisteredCapital (from QL009),QL009,0.75
TXN.004,TXN.001,influences,PrimaryInvestment influences DealSize (from QL010),QL010,0.85
TXN.005,TXN.001,influences,SecondaryInvestment influences DealSize (from QL010),QL010,0.85
LEGAL.033,TXN.001,influences,LegalDueDiligenceCompletion influences DealSize (from QL010),QL010,0.85
LEGAL.016,TXN.001,influences,MaterialContractCount influences DealSize (from QL010),QL010,0.85
TXN.001,TXN.004,correlates_with,DealSize correlates_with PrimaryInvestment (from QL010),QL010,0.75
TXN.001,TXN.005,correlates_with,DealSize correlates_with SecondaryInvestment (from QL010),QL010,0.75
TXN.001,LEGAL.033,correlates_with,DealSize correlates_with LegalDueDiligenceCompletion (from QL010),QL010,0.75
TXN.001,LEGAL.016,correlates_with,DealSize correlates_with MaterialContractCount (from QL010),QL010,0.75
TXN.004,TXN.005,correlates_with,PrimaryInvestment correlates_with SecondaryInvestment (from QL010),QL010,0.75
TXN.004,LEGAL.033,correlates_with,PrimaryInvestment correlates_with LegalDueDiligenceCompletion (from QL010),QL010,0.75
TXN.004,LEGAL.016,correlates_with,PrimaryInvestment correlates_with MaterialContractCount (from QL010),QL010,0.75
TXN.005,LEGAL.033,correlates_with,SecondaryInvestment correlates_with LegalDueDiligenceCompletion (from QL010),QL010,0.75
TXN.005,LEGAL.016,correlates_with,SecondaryInvestment correlates_with MaterialContractCount (from QL010),QL010,0.75
LEGAL.033,LEGAL.016,correlates_with,LegalDueDiligenceCompletion correlates_with MaterialContractCount (from QL010),QL010,0.75
LEGAL.003,LEGAL.001,influences,MaterialLitigationCount influences LitigationCount (from QL011),QL011,0.85
LEGAL.005,LEGAL.001,influences,PotentialLiability influences LitigationCount (from QL011),QL011,0.85
LEGAL.013,LEGAL.001,influences,ComplianceRemediationRate influences LitigationCount (from QL011),QL011,0.85
LEGAL.001,LEGAL.003,correlates_with,LitigationCount correlates_with MaterialLitigationCount (from QL011),QL011,0.75
LEGAL.001,LEGAL.005,correlates_with,LitigationCount correlates_with PotentialLiability (from QL011),QL011,0.75
LEGAL.001,LEGAL.013,correlates_with,LitigationCount correlates_with ComplianceRemediationRate (from QL011),QL011,0.75
LEGAL.003,LEGAL.005,correlates_with,MaterialLitigationCount correlates_with PotentialLiability (from QL011),QL011,0.75
LEGAL.003,LEGAL.013,correlates_with,MaterialLitigationCount correlates_with ComplianceRemediationRate (from QL011),QL011,0.75
LEGAL.005,LEGAL.013,correlates_with,PotentialLiability correlates_with ComplianceRemediationRate (from QL011),QL011,0.75
CORP.044,CORP.043,influences,CorporateInformationCompleteness influences DormantShellEntityExposure (from QL012),QL012,0.85
LEGAL.030,CORP.043,influences,RelatedPartyLegalExposure influences DormantShellEntityExposure (from QL012),QL012,0.85
CORP.043,CORP.044,influences,DormantShellEntityExposure influences CorporateInformationCompleteness (from QL012),QL012,0.75
CORP.043,LEGAL.030,influences,DormantShellEntityExposure influences RelatedPartyLegalExposure (from QL012),QL012,0.75
CORP.044,LEGAL.030,influences,CorporateInformationCompleteness influences RelatedPartyLegalExposure (from QL012),QL012,0.75
CORP.043,CORP.044,correlates_with,DormantShellEntityExposure correlates_with CorporateInformationCompleteness (from QL013),QL013,0.75
CORP.043,LEGAL.030,correlates_with,DormantShellEntityExposure correlates_with RelatedPartyLegalExposure (from QL013),QL013,0.75
CORP.044,LEGAL.030,correlates_with,CorporateInformationCompleteness correlates_with RelatedPartyLegalExposure (from QL013),QL013,0.75
CORP.038,CORP.040,influences,RelatedPartyReceivable influences RelatedPartyCapitalOccupation (from QL015),QL015,0.85
CORP.039,CORP.040,influences,RelatedPartyPayable influences RelatedPartyCapitalOccupation (from QL015),QL015,0.85
FIN.055,CORP.040,influences,CashBalance influences RelatedPartyCapitalOccupation (from QL015),QL015,0.85
CORP.040,CORP.038,correlates_with,RelatedPartyCapitalOccupation correlates_with RelatedPartyReceivable (from QL015),QL015,0.75
CORP.040,CORP.039,correlates_with,RelatedPartyCapitalOccupation correlates_with RelatedPartyPayable (from QL015),QL015,0.75
CORP.040,FIN.055,correlates_with,RelatedPartyCapitalOccupation correlates_with CashBalance (from QL015),QL015,0.75
CORP.038,FIN.055,correlates_with,RelatedPartyReceivable correlates_with CashBalance (from QL015),QL015,0.75
CORP.039,FIN.055,correlates_with,RelatedPartyPayable correlates_with CashBalance (from QL015),QL015,0.75
CORP.036,CORP.021,influences,RelatedPartyCount influences UltimateBeneficialOwner (from QL016),QL016,0.85
CORP.043,CORP.021,influences,DormantShellEntityExposure influences UltimateBeneficialOwner (from QL016),QL016,0.85
CORP.021,CORP.036,correlates_with,UltimateBeneficialOwner correlates_with RelatedPartyCount (from QL016),QL016,0.75
CORP.021,CORP.043,correlates_with,UltimateBeneficialOwner correlates_with DormantShellEntityExposure (from QL016),QL016,0.75
CORP.036,CORP.043,correlates_with,RelatedPartyCount correlates_with DormantShellEntityExposure (from QL016),QL016,0.75
MGMT.019,CORP.017,influences,KeyManagementVacancy influences ManagementOwnership (from QL017),QL017,0.85
MGMT.020,CORP.017,influences,ManagementSuccessionPlan influences ManagementOwnership (from QL017),QL017,0.85
ESG.026,CORP.017,influences,ESGGovernanceMaturity influences ManagementOwnership (from QL017),QL017,0.85
CORP.017,MGMT.019,correlates_with,ManagementOwnership correlates_with KeyManagementVacancy (from QL017),QL017,0.75
CORP.017,MGMT.020,correlates_with,ManagementOwnership correlates_with ManagementSuccessionPlan (from QL017),QL017,0.75
CORP.017,ESG.026,correlates_with,ManagementOwnership correlates_with ESGGovernanceMaturity (from QL017),QL017,0.75
MGMT.019,MGMT.020,correlates_with,KeyManagementVacancy correlates_with ManagementSuccessionPlan (from QL017),QL017,0.75
MGMT.019,ESG.026,correlates_with,KeyManagementVacancy correlates_with ESGGovernanceMaturity (from QL017),QL017,0.75
MGMT.020,ESG.026,correlates_with,ManagementSuccessionPlan correlates_with ESGGovernanceMaturity (from QL017),QL017,0.75
CORP.018,CORP.017,influences,EmployeeOwnership influences ManagementOwnership (from QL018),QL018,0.85
CORP.040,CORP.017,influences,RelatedPartyCapitalOccupation influences ManagementOwnership (from QL018),QL018,0.85
FIN.033,CORP.017,influences,AdjustedNetIncome influences ManagementOwnership (from QL018),QL018,0.85
CORP.017,CORP.018,correlates_with,ManagementOwnership correlates_with EmployeeOwnership (from QL018),QL018,0.75
CORP.017,CORP.040,correlates_with,ManagementOwnership correlates_with RelatedPartyCapitalOccupation (from QL018),QL018,0.75
CORP.017,FIN.033,correlates_with,ManagementOwnership correlates_with AdjustedNetIncome (from QL018),QL018,0.75
CORP.018,CORP.040,correlates_with,EmployeeOwnership correlates_with RelatedPartyCapitalOccupation (from QL018),QL018,0.75
CORP.018,FIN.033,correlates_with,EmployeeOwnership correlates_with AdjustedNetIncome (from QL018),QL018,0.75
CORP.040,FIN.033,correlates_with,RelatedPartyCapitalOccupation correlates_with AdjustedNetIncome (from QL018),QL018,0.75
MGMT.023,MGMT.021,influences,EmployeeTurnoverRate influences EmployeeCount (from QL019),QL019,0.85
CORP.018,MGMT.021,influences,EmployeeOwnership influences EmployeeCount (from QL019),QL019,0.85
MGMT.021,MGMT.023,correlates_with,EmployeeCount correlates_with EmployeeTurnoverRate (from QL019),QL019,0.75
MGMT.021,CORP.018,correlates_with,EmployeeCount correlates_with EmployeeOwnership (from QL019),QL019,0.75
MGMT.023,CORP.018,correlates_with,EmployeeTurnoverRate correlates_with EmployeeOwnership (from QL019),QL019,0.75
LEGAL.027,CORP.018,influences,TaxExposure influences EmployeeOwnership (from QL020),QL020,0.85
FIN.033,CORP.018,influences,AdjustedNetIncome influences EmployeeOwnership (from QL020),QL020,0.85
CORP.018,LEGAL.027,influences,EmployeeOwnership influences TaxExposure (from QL020),QL020,0.75
CORP.018,FIN.033,influences,EmployeeOwnership influences AdjustedNetIncome (from QL020),QL020,0.75
LEGAL.027,FIN.033,influences,TaxExposure influences AdjustedNetIncome (from QL020),QL020,0.75
FIN.030,FIN.033,influences,NetIncome influences AdjustedNetIncome (from QL021),QL021,0.85
FIN.031,FIN.033,influences,NetIncomeGrowth [derived: (FIN.030_t - FIN.030_t-1) / FIN.030_t-1] influences AdjustedNetIncome (from QL021),QL021,0.85
FIN.033,FIN.030,correlates_with,AdjustedNetIncome correlates_with NetIncome (from QL021),QL021,0.75
FIN.033,FIN.031,correlates_with,AdjustedNetIncome correlates_with NetIncomeGrowth [derived: (FIN.030_t - FIN.030_t-1) / FIN.030_t-1] (from QL021),QL021,0.75
FIN.030,FIN.031,correlates_with,NetIncome correlates_with NetIncomeGrowth [derived: (FIN.030_t - FIN.030_t-1) / FIN.030_t-1] (from QL021),QL021,0.75
TXN.007,CORP.017,influences,DilutionRate influences ManagementOwnership (from QL022),QL022,0.85
TXN.006,CORP.017,influences,OwnershipAfterInvestment influences ManagementOwnership (from QL022),QL022,0.85
CORP.017,TXN.007,correlates_with,ManagementOwnership correlates_with DilutionRate (from QL022),QL022,0.75
CORP.017,TXN.006,correlates_with,ManagementOwnership correlates_with OwnershipAfterInvestment (from QL022),QL022,0.75
CORP.018,TXN.007,correlates_with,EmployeeOwnership correlates_with DilutionRate (from QL022),QL022,0.75
CORP.018,TXN.006,correlates_with,EmployeeOwnership correlates_with OwnershipAfterInvestment (from QL022),QL022,0.75
TXN.007,TXN.006,correlates_with,DilutionRate correlates_with OwnershipAfterInvestment (from QL022),QL022,0.75
MGMT.008,MGMT.007,influences,FounderControl influences FounderOwnership (from QL023),QL023,0.85
CORP.016,MGMT.007,influences,FounderOwnership influences FounderOwnership (from QL023),QL023,0.85
CORP.024,MGMT.007,influences,FounderControlRatio influences FounderOwnership (from QL023),QL023,0.85
TXN.003,MGMT.007,influences,EntryEnterpriseValue influences FounderOwnership (from QL023),QL023,0.85
MGMT.007,MGMT.008,correlates_with,FounderOwnership correlates_with FounderControl (from QL023),QL023,0.75
MGMT.007,CORP.016,correlates_with,FounderOwnership correlates_with FounderOwnership (from QL023),QL023,0.75
MGMT.007,CORP.024,correlates_with,FounderOwnership correlates_with FounderControlRatio (from QL023),QL023,0.75
MGMT.007,TXN.003,correlates_with,FounderOwnership correlates_with EntryEnterpriseValue (from QL023),QL023,0.75
MGMT.008,CORP.016,correlates_with,FounderControl correlates_with FounderOwnership (from QL023),QL023,0.75
MGMT.008,CORP.024,correlates_with,FounderControl correlates_with FounderControlRatio (from QL023),QL023,0.75
MGMT.008,TXN.003,correlates_with,FounderControl correlates_with EntryEnterpriseValue (from QL023),QL023,0.75
CORP.016,CORP.024,correlates_with,FounderOwnership correlates_with FounderControlRatio (from QL023),QL023,0.75
CORP.016,TXN.003,correlates_with,FounderOwnership correlates_with EntryEnterpriseValue (from QL023),QL023,0.75
CORP.024,TXN.003,correlates_with,FounderControlRatio correlates_with EntryEnterpriseValue (from QL023),QL023,0.75
CUST.019,CORP.036,influences,RelatedCustomerRevenueRatio influences RelatedPartyCount (from QL024),QL024,0.85
SUPP.010,CORP.036,influences,SupplierConcentrationRisk influences RelatedPartyCount (from QL024),QL024,0.85
CORP.036,CORP.037,trends_with,RelatedPartyCount trends_with RelatedPartyTransactionRatio (from QL024),QL024,0.75
CORP.036,CUST.019,trends_with,RelatedPartyCount trends_with RelatedCustomerRevenueRatio (from QL024),QL024,0.75
CORP.036,SUPP.010,trends_with,RelatedPartyCount trends_with SupplierConcentrationRisk (from QL024),QL024,0.75
CORP.037,CUST.019,trends_with,RelatedPartyTransactionRatio trends_with RelatedCustomerRevenueRatio (from QL024),QL024,0.75
CORP.037,SUPP.010,trends_with,RelatedPartyTransactionRatio trends_with SupplierConcentrationRisk (from QL024),QL024,0.75
CUST.019,SUPP.010,trends_with,RelatedCustomerRevenueRatio trends_with SupplierConcentrationRisk (from QL024),QL024,0.75
CUST.019,CORP.037,influences,RelatedCustomerRevenueRatio influences RelatedPartyTransactionRatio (from QL025),QL025,0.85
SUPP.010,CORP.037,influences,SupplierConcentrationRisk influences RelatedPartyTransactionRatio (from QL025),QL025,0.85
CORP.037,CUST.019,correlates_with,RelatedPartyTransactionRatio correlates_with RelatedCustomerRevenueRatio (from QL025),QL025,0.75
CORP.037,SUPP.010,correlates_with,RelatedPartyTransactionRatio correlates_with SupplierConcentrationRisk (from QL025),QL025,0.75
CUST.019,SUPP.010,correlates_with,RelatedCustomerRevenueRatio correlates_with SupplierConcentrationRisk (from QL025),QL025,0.75
LEGAL.030,CORP.037,influences,RelatedPartyLegalExposure influences RelatedPartyTransactionRatio (from QL026),QL026,0.85
ESG.021,CORP.037,influences,RelatedPartyGovernanceRisk influences RelatedPartyTransactionRatio (from QL026),QL026,0.85
CORP.037,LEGAL.030,correlates_with,RelatedPartyTransactionRatio correlates_with RelatedPartyLegalExposure (from QL026),QL026,0.75
CORP.037,ESG.021,correlates_with,RelatedPartyTransactionRatio correlates_with RelatedPartyGovernanceRisk (from QL026),QL026,0.75
LEGAL.030,ESG.021,correlates_with,RelatedPartyLegalExposure correlates_with RelatedPartyGovernanceRisk (from QL026),QL026,0.75
CUST.022,CORP.037,influences,CustomerProfitability influences RelatedPartyTransactionRatio (from QL027),QL027,0.85
CORP.037,CUST.022,correlates_with,RelatedPartyTransactionRatio correlates_with CustomerProfitability (from QL027),QL027,0.75
CUST.022,SUPP.010,correlates_with,CustomerProfitability correlates_with SupplierConcentrationRisk (from QL027),QL027,0.75
CUST.036,CORP.037,influences,ContractTerminationRate influences RelatedPartyTransactionRatio (from QL028),QL028,0.85
CUST.046,CORP.037,influences,OrderCancellationRate influences RelatedPartyTransactionRatio (from QL028),QL028,0.85
CORP.037,CUST.036,indicates_exposure_to,RelatedPartyTransactionRatio indicates_exposure_to ContractTerminationRate (from QL028),QL028,0.75
CORP.037,CUST.046,indicates_exposure_to,RelatedPartyTransactionRatio indicates_exposure_to OrderCancellationRate (from QL028),QL028,0.75
CUST.036,CUST.046,indicates_exposure_to,ContractTerminationRate indicates_exposure_to OrderCancellationRate (from QL028),QL028,0.75
CUST.001,CORP.037,influences,CustomerCount influences RelatedPartyTransactionRatio (from QL029),QL029,0.85
SUPP.001,CORP.037,influences,SupplierCount influences RelatedPartyTransactionRatio (from QL029),QL029,0.85
CORP.037,CUST.001,correlates_with,RelatedPartyTransactionRatio correlates_with CustomerCount (from QL029),QL029,0.75
CORP.037,SUPP.001,correlates_with,RelatedPartyTransactionRatio correlates_with SupplierCount (from QL029),QL029,0.75
CUST.001,SUPP.001,correlates_with,CustomerCount correlates_with SupplierCount (from QL029),QL029,0.75
CORP.038,CORP.037,influences,RelatedPartyReceivable influences RelatedPartyTransactionRatio (from QL030),QL030,0.85
CORP.039,CORP.037,influences,RelatedPartyPayable influences RelatedPartyTransactionRatio (from QL030),QL030,0.85
LEGAL.030,CORP.036,influences,RelatedPartyLegalExposure influences RelatedPartyCount (from QL031),QL031,0.85
CORP.036,LEGAL.030,correlates_with,RelatedPartyCount correlates_with RelatedPartyLegalExposure (from QL031),QL031,0.75
CORP.043,CORP.036,influences,DormantShellEntityExposure influences RelatedPartyCount (from QL032),QL032,0.85
CORP.036,CORP.043,influences,RelatedPartyCount influences DormantShellEntityExposure (from QL032),QL032,0.75
CORP.036,CUST.019,influences,RelatedPartyCount influences RelatedCustomerRevenueRatio (from QL032),QL032,0.75
CORP.036,SUPP.010,influences,RelatedPartyCount influences SupplierConcentrationRisk (from QL032),QL032,0.75
CORP.043,CUST.019,influences,DormantShellEntityExposure influences RelatedCustomerRevenueRatio (from QL032),QL032,0.75
CORP.043,SUPP.010,influences,DormantShellEntityExposure influences SupplierConcentrationRisk (from QL032),QL032,0.75
CUST.019,SUPP.010,influences,RelatedCustomerRevenueRatio influences SupplierConcentrationRisk (from QL032),QL032,0.75
CUST.025,CUST.021,influences,CustomerAR influences CustomerCreditQuality (from QL033),QL033,0.85
CUST.026,CUST.021,influences,CustomerOverdueRatio influences CustomerCreditQuality (from QL033),QL033,0.85
CUST.027,CUST.021,influences,CustomerBadDebtRatio influences CustomerCreditQuality (from QL033),QL033,0.85
SUPP.028,CUST.021,influences,SupplierQualityRate influences CustomerCreditQuality (from QL033),QL033,0.85
SUPP.029,CUST.021,influences,SupplierOnTimeDeliveryRate influences CustomerCreditQuality (from QL033),QL033,0.85
CUST.021,CUST.025,correlates_with,CustomerCreditQuality correlates_with CustomerAR (from QL033),QL033,0.75
CUST.021,CUST.026,correlates_with,CustomerCreditQuality correlates_with CustomerOverdueRatio (from QL033),QL033,0.75
CUST.021,CUST.027,correlates_with,CustomerCreditQuality correlates_with CustomerBadDebtRatio (from QL033),QL033,0.75
CUST.021,SUPP.028,correlates_with,CustomerCreditQuality correlates_with SupplierQualityRate (from QL033),QL033,0.75
CUST.021,SUPP.029,correlates_with,CustomerCreditQuality correlates_with SupplierOnTimeDeliveryRate (from QL033),QL033,0.75
CUST.025,CUST.026,correlates_with,CustomerAR correlates_with CustomerOverdueRatio (from QL033),QL033,0.75
CUST.025,CUST.027,correlates_with,CustomerAR correlates_with CustomerBadDebtRatio (from QL033),QL033,0.75
CUST.025,SUPP.028,correlates_with,CustomerAR correlates_with SupplierQualityRate (from QL033),QL033,0.75
CUST.025,SUPP.029,correlates_with,CustomerAR correlates_with SupplierOnTimeDeliveryRate (from QL033),QL033,0.75
CUST.026,CUST.027,correlates_with,CustomerOverdueRatio correlates_with CustomerBadDebtRatio (from QL033),QL033,0.75
CUST.026,SUPP.028,correlates_with,CustomerOverdueRatio correlates_with SupplierQualityRate (from QL033),QL033,0.75
CUST.026,SUPP.029,correlates_with,CustomerOverdueRatio correlates_with SupplierOnTimeDeliveryRate (from QL033),QL033,0.75
CUST.027,SUPP.028,correlates_with,CustomerBadDebtRatio correlates_with SupplierQualityRate (from QL033),QL033,0.75
CUST.027,SUPP.029,correlates_with,CustomerBadDebtRatio correlates_with SupplierOnTimeDeliveryRate (from QL033),QL033,0.75
SUPP.028,SUPP.029,correlates_with,SupplierQualityRate correlates_with SupplierOnTimeDeliveryRate (from QL033),QL033,0.75
FIN.056,CUST.025,influences,AccountsReceivable influences CustomerAR (from QL034),QL034,0.85
CORP.038,CUST.025,influences,RelatedPartyReceivable influences CustomerAR (from QL034),QL034,0.85
CORP.039,CUST.025,influences,RelatedPartyPayable influences CustomerAR (from QL034),QL034,0.85
CUST.025,FIN.056,correlates_with,CustomerAR correlates_with AccountsReceivable (from QL034),QL034,0.75
CUST.025,CORP.038,correlates_with,CustomerAR correlates_with RelatedPartyReceivable (from QL034),QL034,0.75
CUST.025,CORP.039,correlates_with,CustomerAR correlates_with RelatedPartyPayable (from QL034),QL034,0.75
FIN.056,CORP.038,correlates_with,AccountsReceivable correlates_with RelatedPartyReceivable (from QL034),QL034,0.75
FIN.056,CORP.039,correlates_with,AccountsReceivable correlates_with RelatedPartyPayable (from QL034),QL034,0.75
FIN.056,LEGAL.005,influences,AccountsReceivable influences PotentialLiability (from QL035),QL035,0.85
FIN.057,LEGAL.005,influences,InventoryBalance influences PotentialLiability (from QL035),QL035,0.85
LEGAL.005,FIN.056,correlates_with,PotentialLiability correlates_with AccountsReceivable (from QL035),QL035,0.75
LEGAL.005,FIN.057,correlates_with,PotentialLiability correlates_with InventoryBalance (from QL035),QL035,0.75
FIN.056,FIN.057,correlates_with,AccountsReceivable correlates_with InventoryBalance (from QL035),QL035,0.75
CUST.027,CUST.025,influences,CustomerBadDebtRatio influences CustomerAR (from QL036),QL036,0.85
FIN.057,CUST.025,influences,InventoryBalance influences CustomerAR (from QL036),QL036,0.85
CUST.025,FIN.057,correlates_with,CustomerAR correlates_with InventoryBalance (from QL036),QL036,0.75
CUST.027,FIN.056,correlates_with,CustomerBadDebtRatio correlates_with AccountsReceivable (from QL036),QL036,0.75
CUST.027,FIN.057,correlates_with,CustomerBadDebtRatio correlates_with InventoryBalance (from QL036),QL036,0.75
LEGAL.031,LEGAL.014,influences,InternalControlDeficiency influences LicenseCount (from QL037),QL037,0.85
LEGAL.014,LEGAL.031,correlates_with,LicenseCount correlates_with InternalControlDeficiency (from QL037),QL037,0.75
LEGAL.009,LEGAL.011,influences,AdministrativePenaltyCount influences ComplianceViolationCount (from QL038),QL038,0.85
ESG.011,LEGAL.011,influences,EnvironmentalPenaltyCount influences ComplianceViolationCount (from QL038),QL038,0.85
ESG.012,LEGAL.011,influences,EnvironmentalIncidentCount influences ComplianceViolationCount (from QL038),QL038,0.85
ESG.013,LEGAL.011,influences,EnvironmentalComplianceRate influences ComplianceViolationCount (from QL038),QL038,0.85
LEGAL.011,LEGAL.009,correlates_with,ComplianceViolationCount correlates_with AdministrativePenaltyCount (from QL038),QL038,0.75
LEGAL.011,ESG.011,correlates_with,ComplianceViolationCount correlates_with EnvironmentalPenaltyCount (from QL038),QL038,0.75
LEGAL.011,ESG.012,correlates_with,ComplianceViolationCount correlates_with EnvironmentalIncidentCount (from QL038),QL038,0.75
LEGAL.011,ESG.013,correlates_with,ComplianceViolationCount correlates_with EnvironmentalComplianceRate (from QL038),QL038,0.75
LEGAL.009,ESG.011,correlates_with,AdministrativePenaltyCount correlates_with EnvironmentalPenaltyCount (from QL038),QL038,0.75
LEGAL.009,ESG.012,correlates_with,AdministrativePenaltyCount correlates_with EnvironmentalIncidentCount (from QL038),QL038,0.75
LEGAL.009,ESG.013,correlates_with,AdministrativePenaltyCount correlates_with EnvironmentalComplianceRate (from QL038),QL038,0.75
ESG.011,ESG.012,correlates_with,EnvironmentalPenaltyCount correlates_with EnvironmentalIncidentCount (from QL038),QL038,0.75
ESG.011,ESG.013,correlates_with,EnvironmentalPenaltyCount correlates_with EnvironmentalComplianceRate (from QL038),QL038,0.75
ESG.012,ESG.013,correlates_with,EnvironmentalIncidentCount correlates_with EnvironmentalComplianceRate (from QL038),QL038,0.75
LEGAL.015,LEGAL.014,influences,LicenseExpiryExposure influences LicenseCount (from QL039),QL039,0.85
ESG.006,LEGAL.014,influences,EnergyConsumption influences LicenseCount (from QL039),QL039,0.85
ESG.007,LEGAL.014,influences,EnergyIntensity influences LicenseCount (from QL039),QL039,0.85
LEGAL.014,LEGAL.015,correlates_with,LicenseCount correlates_with LicenseExpiryExposure (from QL039),QL039,0.75
LEGAL.014,ESG.006,correlates_with,LicenseCount correlates_with EnergyConsumption (from QL039),QL039,0.75
LEGAL.014,ESG.007,correlates_with,LicenseCount correlates_with EnergyIntensity (from QL039),QL039,0.75
LEGAL.015,ESG.006,correlates_with,LicenseExpiryExposure correlates_with EnergyConsumption (from QL039),QL039,0.75
LEGAL.015,ESG.007,correlates_with,LicenseExpiryExposure correlates_with EnergyIntensity (from QL039),QL039,0.75
ESG.006,ESG.007,correlates_with,EnergyConsumption correlates_with EnergyIntensity (from QL039),QL039,0.75
ESG.018,LEGAL.014,influences,LaborComplianceRate influences LicenseCount (from QL042),QL042,0.85
LEGAL.014,ESG.018,correlates_with,LicenseCount correlates_with LaborComplianceRate (from QL042),QL042,0.75
LEGAL.031,ESG.018,correlates_with,InternalControlDeficiency correlates_with LaborComplianceRate (from QL042),QL042,0.75
ESG.013,LEGAL.014,influences,EnvironmentalComplianceRate influences LicenseCount (from QL043),QL043,0.85
LEGAL.014,ESG.013,correlates_with,LicenseCount correlates_with EnvironmentalComplianceRate (from QL043),QL043,0.75
LEGAL.015,ESG.013,correlates_with,LicenseExpiryExposure correlates_with EnvironmentalComplianceRate (from QL043),QL043,0.75
LEGAL.013,LEGAL.033,influences,ComplianceRemediationRate influences LegalDueDiligenceCompletion (from QL044),QL044,0.85
LEGAL.031,LEGAL.033,influences,InternalControlDeficiency influences LegalDueDiligenceCompletion (from QL044),QL044,0.85
ESG.026,LEGAL.033,influences,ESGGovernanceMaturity influences LegalDueDiligenceCompletion (from QL044),QL044,0.85
LEGAL.033,LEGAL.013,correlates_with,LegalDueDiligenceCompletion correlates_with ComplianceRemediationRate (from QL044),QL044,0.75
LEGAL.033,LEGAL.031,correlates_with,LegalDueDiligenceCompletion correlates_with InternalControlDeficiency (from QL044),QL044,0.75
LEGAL.033,ESG.026,correlates_with,LegalDueDiligenceCompletion correlates_with ESGGovernanceMaturity (from QL044),QL044,0.75
LEGAL.013,LEGAL.031,correlates_with,ComplianceRemediationRate correlates_with InternalControlDeficiency (from QL044),QL044,0.75
LEGAL.013,ESG.026,correlates_with,ComplianceRemediationRate correlates_with ESGGovernanceMaturity (from QL044),QL044,0.75
LEGAL.031,ESG.026,correlates_with,InternalControlDeficiency correlates_with ESGGovernanceMaturity (from QL044),QL044,0.75
LEGAL.024,LEGAL.005,influences,GuaranteeExposure influences PotentialLiability (from QL045),QL045,0.85
LEGAL.025,LEGAL.005,influences,PledgeExposure influences PotentialLiability (from QL045),QL045,0.85
LEGAL.026,LEGAL.005,influences,MortgageExposure influences PotentialLiability (from QL045),QL045,0.85
LEGAL.005,LEGAL.024,correlates_with,PotentialLiability correlates_with GuaranteeExposure (from QL045),QL045,0.75
LEGAL.005,LEGAL.025,correlates_with,PotentialLiability correlates_with PledgeExposure (from QL045),QL045,0.75
LEGAL.005,LEGAL.026,correlates_with,PotentialLiability correlates_with MortgageExposure (from QL045),QL045,0.75
LEGAL.024,LEGAL.025,correlates_with,GuaranteeExposure correlates_with PledgeExposure (from QL045),QL045,0.75
LEGAL.024,LEGAL.026,correlates_with,GuaranteeExposure correlates_with MortgageExposure (from QL045),QL045,0.75
LEGAL.025,LEGAL.026,correlates_with,PledgeExposure correlates_with MortgageExposure (from QL045),QL045,0.75
ESG.012,LEGAL.014,influences,EnvironmentalIncidentCount influences LicenseCount (from QL046),QL046,0.85
LEGAL.014,ESG.012,correlates_with,LicenseCount correlates_with EnvironmentalIncidentCount (from QL046),QL046,0.75
LEGAL.031,ESG.012,correlates_with,InternalControlDeficiency correlates_with EnvironmentalIncidentCount (from QL046),QL046,0.75
ESG.010,LEGAL.014,influences,WasteGeneration influences LicenseCount (from QL048),QL048,0.85
LEGAL.014,LEGAL.031,should_be_consistent_with,LicenseCount should_be_consistent_with InternalControlDeficiency (from QL048),QL048,0.75
LEGAL.014,ESG.010,should_be_consistent_with,LicenseCount should_be_consistent_with WasteGeneration (from QL048),QL048,0.75
LEGAL.031,ESG.010,should_be_consistent_with,InternalControlDeficiency should_be_consistent_with WasteGeneration (from QL048),QL048,0.75
ESG.013,ESG.010,influences,EnvironmentalComplianceRate influences WasteGeneration (from QL049),QL049,0.85
ESG.010,ESG.013,correlates_with,WasteGeneration correlates_with EnvironmentalComplianceRate (from QL049),QL049,0.75
ESG.014,LEGAL.014,influences,EmployeeSafetyIncidentRate influences LicenseCount (from QL050),QL050,0.85
ESG.015,LEGAL.014,influences,LostTimeInjuryRate influences LicenseCount (from QL050),QL050,0.85
LEGAL.014,ESG.014,correlates_with,LicenseCount correlates_with EmployeeSafetyIncidentRate (from QL050),QL050,0.75
LEGAL.014,ESG.015,correlates_with,LicenseCount correlates_with LostTimeInjuryRate (from QL050),QL050,0.75
LEGAL.015,ESG.014,correlates_with,LicenseExpiryExposure correlates_with EmployeeSafetyIncidentRate (from QL050),QL050,0.75
LEGAL.015,ESG.015,correlates_with,LicenseExpiryExposure correlates_with LostTimeInjuryRate (from QL050),QL050,0.75
ESG.014,ESG.015,correlates_with,EmployeeSafetyIncidentRate correlates_with LostTimeInjuryRate (from QL050),QL050,0.75
LEGAL.012,LEGAL.011,influences,RegulatoryInvestigationCount influences ComplianceViolationCount (from QL051),QL051,0.85
ESG.014,LEGAL.011,influences,EmployeeSafetyIncidentRate influences ComplianceViolationCount (from QL051),QL051,0.85
ESG.015,LEGAL.011,influences,LostTimeInjuryRate influences ComplianceViolationCount (from QL051),QL051,0.85
ESG.018,LEGAL.011,influences,LaborComplianceRate influences ComplianceViolationCount (from QL051),QL051,0.85
LEGAL.011,LEGAL.012,correlates_with,ComplianceViolationCount correlates_with RegulatoryInvestigationCount (from QL051),QL051,0.75
LEGAL.011,ESG.014,correlates_with,ComplianceViolationCount correlates_with EmployeeSafetyIncidentRate (from QL051),QL051,0.75
LEGAL.011,ESG.015,correlates_with,ComplianceViolationCount correlates_with LostTimeInjuryRate (from QL051),QL051,0.75
LEGAL.011,ESG.018,correlates_with,ComplianceViolationCount correlates_with LaborComplianceRate (from QL051),QL051,0.75
LEGAL.012,ESG.014,correlates_with,RegulatoryInvestigationCount correlates_with EmployeeSafetyIncidentRate (from QL051),QL051,0.75
LEGAL.012,ESG.015,correlates_with,RegulatoryInvestigationCount correlates_with LostTimeInjuryRate (from QL051),QL051,0.75
LEGAL.012,ESG.018,correlates_with,RegulatoryInvestigationCount correlates_with LaborComplianceRate (from QL051),QL051,0.75
ESG.014,ESG.018,correlates_with,EmployeeSafetyIncidentRate correlates_with LaborComplianceRate (from QL051),QL051,0.75
ESG.015,ESG.018,correlates_with,LostTimeInjuryRate correlates_with LaborComplianceRate (from QL051),QL051,0.75
TECH.025,TECH.023,influences,PatentExpiryExposure influences IPEncumbranceCount (from QL052),QL052,0.85
LEGAL.025,TECH.023,influences,PledgeExposure influences IPEncumbranceCount (from QL052),QL052,0.85
LEGAL.026,TECH.023,influences,MortgageExposure influences IPEncumbranceCount (from QL052),QL052,0.85
TECH.023,TECH.025,correlates_with,IPEncumbranceCount correlates_with PatentExpiryExposure (from QL052),QL052,0.75
TECH.023,LEGAL.025,correlates_with,IPEncumbranceCount correlates_with PledgeExposure (from QL052),QL052,0.75
TECH.023,LEGAL.026,correlates_with,IPEncumbranceCount correlates_with MortgageExposure (from QL052),QL052,0.75
TECH.025,LEGAL.025,correlates_with,PatentExpiryExposure correlates_with PledgeExposure (from QL052),QL052,0.75
TECH.025,LEGAL.026,correlates_with,PatentExpiryExposure correlates_with MortgageExposure (from QL052),QL052,0.75
TECH.010,TECH.001,influences,TechnologyValidationCount influences CoreTechnologyCount (from QL053),QL053,0.85
TECH.021,TECH.001,influences,IPOwnershipRatio influences CoreTechnologyCount (from QL053),QL053,0.85
TECH.022,TECH.001,influences,ThirdPartyLicenseRatio influences CoreTechnologyCount (from QL053),QL053,0.85
TECH.001,TECH.010,influences,CoreTechnologyCount influences TechnologyValidationCount (from QL053),QL053,0.75
TECH.001,TECH.021,influences,CoreTechnologyCount influences IPOwnershipRatio (from QL053),QL053,0.75
TECH.001,TECH.022,influences,CoreTechnologyCount influences ThirdPartyLicenseRatio (from QL053),QL053,0.75
TECH.010,TECH.021,influences,TechnologyValidationCount influences IPOwnershipRatio (from QL053),QL053,0.75
TECH.010,TECH.022,influences,TechnologyValidationCount influences ThirdPartyLicenseRatio (from QL053),QL053,0.75
TECH.021,TECH.022,influences,IPOwnershipRatio influences ThirdPartyLicenseRatio (from QL053),QL053,0.75
TECH.022,TECH.021,influences,ThirdPartyLicenseRatio influences IPOwnershipRatio (from QL054),QL054,0.85
TECH.027,TECH.021,influences,FreedomToOperate influences IPOwnershipRatio (from QL054),QL054,0.85
TECH.032,TECH.021,influences,ThirdPartyTechnologyDependency influences IPOwnershipRatio (from QL054),QL054,0.85
TECH.021,TECH.022,correlates_with,IPOwnershipRatio correlates_with ThirdPartyLicenseRatio (from QL054),QL054,0.75
TECH.021,TECH.027,correlates_with,IPOwnershipRatio correlates_with FreedomToOperate (from QL054),QL054,0.75
TECH.021,TECH.032,correlates_with,IPOwnershipRatio correlates_with ThirdPartyTechnologyDependency (from QL054),QL054,0.75
TECH.022,TECH.027,correlates_with,ThirdPartyLicenseRatio correlates_with FreedomToOperate (from QL054),QL054,0.75
TECH.022,TECH.032,correlates_with,ThirdPartyLicenseRatio correlates_with ThirdPartyTechnologyDependency (from QL054),QL054,0.75
TECH.027,TECH.032,correlates_with,FreedomToOperate correlates_with ThirdPartyTechnologyDependency (from QL054),QL054,0.75
TECH.028,TECH.031,influences,TradeSecretDependency influences CorePersonTechnologyDependency (from QL055),QL055,0.85
TECH.021,TECH.031,influences,IPOwnershipRatio influences CorePersonTechnologyDependency (from QL055),QL055,0.85
TECH.031,TECH.028,correlates_with,CorePersonTechnologyDependency correlates_with TradeSecretDependency (from QL055),QL055,0.75
TECH.031,TECH.021,correlates_with,CorePersonTechnologyDependency correlates_with IPOwnershipRatio (from QL055),QL055,0.75
TECH.028,TECH.021,correlates_with,TradeSecretDependency correlates_with IPOwnershipRatio (from QL055),QL055,0.75
LEGAL.029,TECH.024,influences,IPDisputeExposure influences IPDisputeCount (from QL056),QL056,0.85
TECH.024,LEGAL.029,correlates_with,IPDisputeCount correlates_with IPDisputeExposure (from QL056),QL056,0.75
TECH.031,TECH.028,influences,CorePersonTechnologyDependency influences TradeSecretDependency (from QL057),QL057,0.85
TECH.033,TECH.028,influences,OpenSourceDependency influences TradeSecretDependency (from QL057),QL057,0.85
TECH.028,TECH.031,indicates_exposure_to,TradeSecretDependency indicates_exposure_to CorePersonTechnologyDependency (from QL057),QL057,0.75
TECH.028,TECH.033,indicates_exposure_to,TradeSecretDependency indicates_exposure_to OpenSourceDependency (from QL057),QL057,0.75
TECH.031,TECH.033,indicates_exposure_to,CorePersonTechnologyDependency indicates_exposure_to OpenSourceDependency (from QL057),QL057,0.75
SUPP.007,SUPP.006,influences,StrategicSupplierCount influences SingleSourceSupplierCount (from QL058),QL058,0.85
SUPP.010,SUPP.006,influences,SupplierConcentrationRisk influences SingleSourceSupplierCount (from QL058),QL058,0.85
SUPP.019,SUPP.006,influences,LongTermContractCoverage influences SingleSourceSupplierCount (from QL058),QL058,0.85
SUPP.027,SUPP.006,influences,AlternativeSupplierCoverage influences SingleSourceSupplierCount (from QL058),QL058,0.85
SUPP.006,SUPP.007,influences,SingleSourceSupplierCount influences StrategicSupplierCount (from QL058),QL058,0.75
SUPP.006,SUPP.010,influences,SingleSourceSupplierCount influences SupplierConcentrationRisk (from QL058),QL058,0.75
SUPP.006,SUPP.019,influences,SingleSourceSupplierCount influences LongTermContractCoverage (from QL058),QL058,0.75
SUPP.006,SUPP.027,influences,SingleSourceSupplierCount influences AlternativeSupplierCoverage (from QL058),QL058,0.75
SUPP.007,SUPP.010,influences,StrategicSupplierCount influences SupplierConcentrationRisk (from QL058),QL058,0.75
SUPP.007,SUPP.019,influences,StrategicSupplierCount influences LongTermContractCoverage (from QL058),QL058,0.75
SUPP.007,SUPP.027,influences,StrategicSupplierCount influences AlternativeSupplierCoverage (from QL058),QL058,0.75
SUPP.010,SUPP.019,influences,SupplierConcentrationRisk influences LongTermContractCoverage (from QL058),QL058,0.75
SUPP.010,SUPP.027,influences,SupplierConcentrationRisk influences AlternativeSupplierCoverage (from QL058),QL058,0.75
SUPP.019,SUPP.027,influences,LongTermContractCoverage influences AlternativeSupplierCoverage (from QL058),QL058,0.75
SUPP.026,SUPP.006,influences,CriticalMaterialCount influences SingleSourceSupplierCount (from QL059),QL059,0.85
LEGAL.021,SUPP.006,influences,ExclusivityExposure influences SingleSourceSupplierCount (from QL059),QL059,0.85
LEGAL.022,SUPP.006,influences,MinimumPurchaseExposure influences SingleSourceSupplierCount (from QL059),QL059,0.85
SUPP.006,SUPP.019,correlates_with,SingleSourceSupplierCount correlates_with LongTermContractCoverage (from QL059),QL059,0.75
SUPP.006,SUPP.026,correlates_with,SingleSourceSupplierCount correlates_with CriticalMaterialCount (from QL059),QL059,0.75
SUPP.006,LEGAL.021,correlates_with,SingleSourceSupplierCount correlates_with ExclusivityExposure (from QL059),QL059,0.75
SUPP.006,LEGAL.022,correlates_with,SingleSourceSupplierCount correlates_with MinimumPurchaseExposure (from QL059),QL059,0.75
SUPP.019,SUPP.026,correlates_with,LongTermContractCoverage correlates_with CriticalMaterialCount (from QL059),QL059,0.75
SUPP.019,LEGAL.021,correlates_with,LongTermContractCoverage correlates_with ExclusivityExposure (from QL059),QL059,0.75
SUPP.019,LEGAL.022,correlates_with,LongTermContractCoverage correlates_with MinimumPurchaseExposure (from QL059),QL059,0.75
SUPP.026,LEGAL.021,correlates_with,CriticalMaterialCount correlates_with ExclusivityExposure (from QL059),QL059,0.75
SUPP.026,LEGAL.022,correlates_with,CriticalMaterialCount correlates_with MinimumPurchaseExposure (from QL059),QL059,0.75
LEGAL.021,LEGAL.022,correlates_with,ExclusivityExposure correlates_with MinimumPurchaseExposure (from QL059),QL059,0.75
SUPP.021,SUPP.027,influences,AverageSupplierLeadTime influences AlternativeSupplierCoverage (from QL060),QL060,0.85
SUPP.030,SUPP.027,influences,SupplyChainResilienceScore influences AlternativeSupplierCoverage (from QL060),QL060,0.85
SUPP.027,SUPP.021,correlates_with,AlternativeSupplierCoverage correlates_with AverageSupplierLeadTime (from QL060),QL060,0.75
SUPP.027,SUPP.030,correlates_with,AlternativeSupplierCoverage correlates_with SupplyChainResilienceScore (from QL060),QL060,0.75
SUPP.021,SUPP.030,correlates_with,AverageSupplierLeadTime correlates_with SupplyChainResilienceScore (from QL060),QL060,0.75
LEGAL.017,LEGAL.016,influences,MaterialContractValue influences MaterialContractCount (from QL061),QL061,0.85
LEGAL.018,LEGAL.016,influences,ContractConcentration influences MaterialContractCount (from QL061),QL061,0.85
LEGAL.019,LEGAL.016,influences,ContractTerminationExposure influences MaterialContractCount (from QL061),QL061,0.85
LEGAL.020,LEGAL.016,influences,ChangeOfControlExposure influences MaterialContractCount (from QL061),QL061,0.85
CORP.044,LEGAL.016,influences,CorporateInformationCompleteness influences MaterialContractCount (from QL061),QL061,0.85
LEGAL.016,LEGAL.017,correlates_with,MaterialContractCount correlates_with MaterialContractValue (from QL061),QL061,0.75
LEGAL.016,LEGAL.018,correlates_with,MaterialContractCount correlates_with ContractConcentration (from QL061),QL061,0.75
LEGAL.016,LEGAL.019,correlates_with,MaterialContractCount correlates_with ContractTerminationExposure (from QL061),QL061,0.75
LEGAL.016,LEGAL.020,correlates_with,MaterialContractCount correlates_with ChangeOfControlExposure (from QL061),QL061,0.75
LEGAL.016,CORP.044,correlates_with,MaterialContractCount correlates_with CorporateInformationCompleteness (from QL061),QL061,0.75
LEGAL.017,LEGAL.018,correlates_with,MaterialContractValue correlates_with ContractConcentration (from QL061),QL061,0.75
LEGAL.017,LEGAL.019,correlates_with,MaterialContractValue correlates_with ContractTerminationExposure (from QL061),QL061,0.75
LEGAL.017,LEGAL.020,correlates_with,MaterialContractValue correlates_with ChangeOfControlExposure (from QL061),QL061,0.75
LEGAL.017,CORP.044,correlates_with,MaterialContractValue correlates_with CorporateInformationCompleteness (from QL061),QL061,0.75
LEGAL.018,LEGAL.019,correlates_with,ContractConcentration correlates_with ContractTerminationExposure (from QL061),QL061,0.75
LEGAL.018,LEGAL.020,correlates_with,ContractConcentration correlates_with ChangeOfControlExposure (from QL061),QL061,0.75
LEGAL.018,CORP.044,correlates_with,ContractConcentration correlates_with CorporateInformationCompleteness (from QL061),QL061,0.75
LEGAL.019,LEGAL.020,correlates_with,ContractTerminationExposure correlates_with ChangeOfControlExposure (from QL061),QL061,0.75
LEGAL.019,CORP.044,correlates_with,ContractTerminationExposure correlates_with CorporateInformationCompleteness (from QL061),QL061,0.75
LEGAL.020,CORP.044,correlates_with,ChangeOfControlExposure correlates_with CorporateInformationCompleteness (from QL061),QL061,0.75
LEGAL.024,LEGAL.020,influences,GuaranteeExposure influences ChangeOfControlExposure (from QL062),QL062,0.85
FIN.065,LEGAL.020,influences,TotalDebt influences ChangeOfControlExposure (from QL062),QL062,0.85
FIN.066,LEGAL.020,influences,ShortTermDebt influences ChangeOfControlExposure (from QL062),QL062,0.85
LEGAL.020,LEGAL.024,influences,ChangeOfControlExposure influences GuaranteeExposure (from QL062),QL062,0.75
LEGAL.020,FIN.065,influences,ChangeOfControlExposure influences TotalDebt (from QL062),QL062,0.75
LEGAL.020,FIN.066,influences,ChangeOfControlExposure influences ShortTermDebt (from QL062),QL062,0.75
LEGAL.024,FIN.065,influences,GuaranteeExposure influences TotalDebt (from QL062),QL062,0.75
LEGAL.024,FIN.066,influences,GuaranteeExposure influences ShortTermDebt (from QL062),QL062,0.75
FIN.065,FIN.066,influences,TotalDebt influences ShortTermDebt (from QL062),QL062,0.75
MGMT.019,MGMT.013,influences,KeyManagementVacancy influences ManagementTurnover (from QL063),QL063,0.85
MGMT.036,MGMT.013,influences,KeyRoleVacancy influences ManagementTurnover (from QL063),QL063,0.85
MGMT.037,MGMT.013,influences,ManagementCapabilityGap influences ManagementTurnover (from QL063),QL063,0.85
MGMT.013,MGMT.019,correlates_with,ManagementTurnover correlates_with KeyManagementVacancy (from QL063),QL063,0.75
MGMT.013,MGMT.036,correlates_with,ManagementTurnover correlates_with KeyRoleVacancy (from QL063),QL063,0.75
MGMT.013,MGMT.037,correlates_with,ManagementTurnover correlates_with ManagementCapabilityGap (from QL063),QL063,0.75
MGMT.019,MGMT.036,correlates_with,KeyManagementVacancy correlates_with KeyRoleVacancy (from QL063),QL063,0.75
MGMT.019,MGMT.037,correlates_with,KeyManagementVacancy correlates_with ManagementCapabilityGap (from QL063),QL063,0.75
MGMT.036,MGMT.037,correlates_with,KeyRoleVacancy correlates_with ManagementCapabilityGap (from QL063),QL063,0.75
CORP.042,CORP.031,influences,CorporateRegistrationAnomalies influences SubsidiaryCount (from QL064),QL064,0.85
LEGAL.033,CORP.031,influences,LegalDueDiligenceCompletion influences SubsidiaryCount (from QL064),QL064,0.85
CORP.031,CORP.042,correlates_with,SubsidiaryCount correlates_with CorporateRegistrationAnomalies (from QL064),QL064,0.75
CORP.031,LEGAL.033,correlates_with,SubsidiaryCount correlates_with LegalDueDiligenceCompletion (from QL064),QL064,0.75
CORP.042,LEGAL.033,correlates_with,CorporateRegistrationAnomalies correlates_with LegalDueDiligenceCompletion (from QL064),QL064,0.75
LEGAL.031,LEGAL.016,influences,InternalControlDeficiency influences MaterialContractCount (from QL066),QL066,0.85
LEGAL.016,LEGAL.031,correlates_with,MaterialContractCount correlates_with InternalControlDeficiency (from QL066),QL066,0.75
LEGAL.019,LEGAL.031,correlates_with,ContractTerminationExposure correlates_with InternalControlDeficiency (from QL066),QL066,0.75
LEGAL.015,LEGAL.016,influences,LicenseExpiryExposure influences MaterialContractCount (from QL067),QL067,0.85
LEGAL.016,LEGAL.015,should_be_consistent_with,MaterialContractCount should_be_consistent_with LicenseExpiryExposure (from QL067),QL067,0.75
CORP.008,CORP.007,influences,OperatingAddress influences RegisteredAddress (from QL068),QL068,0.85
CORP.042,CORP.007,influences,CorporateRegistrationAnomalies influences RegisteredAddress (from QL068),QL068,0.85
CORP.007,CORP.008,correlates_with,RegisteredAddress correlates_with OperatingAddress (from QL068),QL068,0.75
CORP.007,CORP.042,correlates_with,RegisteredAddress correlates_with CorporateRegistrationAnomalies (from QL068),QL068,0.75
CORP.008,CORP.042,correlates_with,OperatingAddress correlates_with CorporateRegistrationAnomalies (from QL068),QL068,0.75
TXN.002,TXN.001,influences,EntryEquityValue influences DealSize (from QL069),QL069,0.85
TXN.003,TXN.001,influences,EntryEnterpriseValue influences DealSize (from QL069),QL069,0.85
TXN.018,TXN.001,influences,EntryIRR influences DealSize (from QL069),QL069,0.85
TXN.019,TXN.001,influences,EntryMOIC influences DealSize (from QL069),QL069,0.85
TXN.001,TXN.002,correlates_with,DealSize correlates_with EntryEquityValue (from QL069),QL069,0.75
TXN.001,TXN.003,correlates_with,DealSize correlates_with EntryEnterpriseValue (from QL069),QL069,0.75
TXN.001,TXN.018,correlates_with,DealSize correlates_with EntryIRR (from QL069),QL069,0.75
TXN.001,TXN.019,correlates_with,DealSize correlates_with EntryMOIC (from QL069),QL069,0.75
TXN.002,TXN.003,correlates_with,EntryEquityValue correlates_with EntryEnterpriseValue (from QL069),QL069,0.75
TXN.002,TXN.018,correlates_with,EntryEquityValue correlates_with EntryIRR (from QL069),QL069,0.75
TXN.002,TXN.019,correlates_with,EntryEquityValue correlates_with EntryMOIC (from QL069),QL069,0.75
TXN.003,TXN.018,correlates_with,EntryEnterpriseValue correlates_with EntryIRR (from QL069),QL069,0.75
TXN.003,TXN.019,correlates_with,EntryEnterpriseValue correlates_with EntryMOIC (from QL069),QL069,0.75
TXN.018,TXN.019,correlates_with,EntryIRR correlates_with EntryMOIC (from QL069),QL069,0.75
LEGAL.002,LEGAL.001,influences,LitigationAmount influences LitigationCount (from QL070),QL070,0.85
LEGAL.006,LEGAL.001,influences,ArbitrationCount influences LitigationCount (from QL070),QL070,0.85
LEGAL.007,LEGAL.001,influences,ArbitrationAmount influences LitigationCount (from QL070),QL070,0.85
LEGAL.009,LEGAL.001,influences,AdministrativePenaltyCount influences LitigationCount (from QL070),QL070,0.85
CORP.042,LEGAL.001,influences,CorporateRegistrationAnomalies influences LitigationCount (from QL070),QL070,0.85
LEGAL.001,LEGAL.002,correlates_with,LitigationCount correlates_with LitigationAmount (from QL070),QL070,0.75
LEGAL.001,LEGAL.006,correlates_with,LitigationCount correlates_with ArbitrationCount (from QL070),QL070,0.75
LEGAL.001,LEGAL.007,correlates_with,LitigationCount correlates_with ArbitrationAmount (from QL070),QL070,0.75
LEGAL.001,LEGAL.009,correlates_with,LitigationCount correlates_with AdministrativePenaltyCount (from QL070),QL070,0.75
LEGAL.001,CORP.042,correlates_with,LitigationCount correlates_with CorporateRegistrationAnomalies (from QL070),QL070,0.75
LEGAL.002,LEGAL.006,correlates_with,LitigationAmount correlates_with ArbitrationCount (from QL070),QL070,0.75
LEGAL.002,LEGAL.007,correlates_with,LitigationAmount correlates_with ArbitrationAmount (from QL070),QL070,0.75
LEGAL.002,LEGAL.009,correlates_with,LitigationAmount correlates_with AdministrativePenaltyCount (from QL070),QL070,0.75
LEGAL.002,CORP.042,correlates_with,LitigationAmount correlates_with CorporateRegistrationAnomalies (from QL070),QL070,0.75
LEGAL.006,LEGAL.007,correlates_with,ArbitrationCount correlates_with ArbitrationAmount (from QL070),QL070,0.75
LEGAL.006,LEGAL.009,correlates_with,ArbitrationCount correlates_with AdministrativePenaltyCount (from QL070),QL070,0.75
LEGAL.006,CORP.042,correlates_with,ArbitrationCount correlates_with CorporateRegistrationAnomalies (from QL070),QL070,0.75
LEGAL.007,LEGAL.009,correlates_with,ArbitrationAmount correlates_with AdministrativePenaltyCount (from QL070),QL070,0.75
LEGAL.007,CORP.042,correlates_with,ArbitrationAmount correlates_with CorporateRegistrationAnomalies (from QL070),QL070,0.75
LEGAL.009,CORP.042,correlates_with,AdministrativePenaltyCount correlates_with CorporateRegistrationAnomalies (from QL070),QL070,0.75
MGMT.023,ESG.018,influences,EmployeeTurnoverRate influences LaborComplianceRate (from QL071),QL071,0.85
ESG.018,MGMT.023,correlates_with,LaborComplianceRate correlates_with EmployeeTurnoverRate (from QL071),QL071,0.75
ESG.018,MGMT.021,influences,LaborComplianceRate influences EmployeeCount (from QL072),QL072,0.85
LEGAL.032,MGMT.021,influences,RegulatoryDependency influences EmployeeCount (from QL072),QL072,0.85
MGMT.021,ESG.018,correlates_with,EmployeeCount correlates_with LaborComplianceRate (from QL072),QL072,0.75
MGMT.021,LEGAL.032,correlates_with,EmployeeCount correlates_with RegulatoryDependency (from QL072),QL072,0.75
ESG.018,LEGAL.032,correlates_with,LaborComplianceRate correlates_with RegulatoryDependency (from QL072),QL072,0.75
MGMT.024,MGMT.013,influences,AverageEmployeeTenure influences ManagementTurnover (from QL073),QL073,0.85
MGMT.034,MGMT.013,influences,TalentRetentionCapability influences ManagementTurnover (from QL073),QL073,0.85
MGMT.013,MGMT.024,correlates_with,ManagementTurnover correlates_with AverageEmployeeTenure (from QL073),QL073,0.75
MGMT.013,MGMT.034,correlates_with,ManagementTurnover correlates_with TalentRetentionCapability (from QL073),QL073,0.75
MGMT.019,MGMT.024,correlates_with,KeyManagementVacancy correlates_with AverageEmployeeTenure (from QL073),QL073,0.75
MGMT.019,MGMT.034,correlates_with,KeyManagementVacancy correlates_with TalentRetentionCapability (from QL073),QL073,0.75
MGMT.024,MGMT.034,correlates_with,AverageEmployeeTenure correlates_with TalentRetentionCapability (from QL073),QL073,0.75
LEGAL.028,MGMT.021,influences,LaborDisputeCount influences EmployeeCount (from QL074),QL074,0.85
MGMT.021,MGMT.023,should_be_consistent_with,EmployeeCount should_be_consistent_with EmployeeTurnoverRate (from QL074),QL074,0.75
MGMT.021,LEGAL.028,should_be_consistent_with,EmployeeCount should_be_consistent_with LaborDisputeCount (from QL074),QL074,0.75
MGMT.021,ESG.018,should_be_consistent_with,EmployeeCount should_be_consistent_with LaborComplianceRate (from QL074),QL074,0.75
MGMT.023,LEGAL.028,should_be_consistent_with,EmployeeTurnoverRate should_be_consistent_with LaborDisputeCount (from QL074),QL074,0.75
MGMT.023,ESG.018,should_be_consistent_with,EmployeeTurnoverRate should_be_consistent_with LaborComplianceRate (from QL074),QL074,0.75
LEGAL.028,ESG.018,should_be_consistent_with,LaborDisputeCount should_be_consistent_with LaborComplianceRate (from QL074),QL074,0.75
TXN.006,TXN.001,influences,OwnershipAfterInvestment influences DealSize (from QL075),QL075,0.85
CORP.012,TXN.001,influences,ShareholderCount influences DealSize (from QL075),QL075,0.85
CORP.013,TXN.001,influences,Top1ShareholderRatio influences DealSize (from QL075),QL075,0.85
TXN.001,TXN.006,correlates_with,DealSize correlates_with OwnershipAfterInvestment (from QL075),QL075,0.75
TXN.001,CORP.012,correlates_with,DealSize correlates_with ShareholderCount (from QL075),QL075,0.75
TXN.001,CORP.013,correlates_with,DealSize correlates_with Top1ShareholderRatio (from QL075),QL075,0.75
TXN.006,CORP.012,correlates_with,OwnershipAfterInvestment correlates_with ShareholderCount (from QL075),QL075,0.75
TXN.006,CORP.013,correlates_with,OwnershipAfterInvestment correlates_with Top1ShareholderRatio (from QL075),QL075,0.75
CORP.012,CORP.013,correlates_with,ShareholderCount correlates_with Top1ShareholderRatio (from QL075),QL075,0.75
LEGAL.019,LEGAL.020,influences,ContractTerminationExposure influences ChangeOfControlExposure (from QL076),QL076,0.85
LEGAL.025,LEGAL.020,influences,PledgeExposure influences ChangeOfControlExposure (from QL076),QL076,0.85
LEGAL.026,LEGAL.020,influences,MortgageExposure influences ChangeOfControlExposure (from QL076),QL076,0.85
LEGAL.020,LEGAL.019,correlates_with,ChangeOfControlExposure correlates_with ContractTerminationExposure (from QL076),QL076,0.75
LEGAL.020,LEGAL.024,correlates_with,ChangeOfControlExposure correlates_with GuaranteeExposure (from QL076),QL076,0.75
LEGAL.020,LEGAL.025,correlates_with,ChangeOfControlExposure correlates_with PledgeExposure (from QL076),QL076,0.75
LEGAL.020,LEGAL.026,correlates_with,ChangeOfControlExposure correlates_with MortgageExposure (from QL076),QL076,0.75
LEGAL.019,LEGAL.024,correlates_with,ContractTerminationExposure correlates_with GuaranteeExposure (from QL076),QL076,0.75
LEGAL.019,LEGAL.025,correlates_with,ContractTerminationExposure correlates_with PledgeExposure (from QL076),QL076,0.75
LEGAL.019,LEGAL.026,correlates_with,ContractTerminationExposure correlates_with MortgageExposure (from QL076),QL076,0.75
LEGAL.018,LEGAL.005,influences,ContractConcentration influences PotentialLiability (from QL077),QL077,0.85
LEGAL.020,LEGAL.005,influences,ChangeOfControlExposure influences PotentialLiability (from QL077),QL077,0.85
LEGAL.030,LEGAL.005,influences,RelatedPartyLegalExposure influences PotentialLiability (from QL077),QL077,0.85
LEGAL.005,LEGAL.018,influences,PotentialLiability influences ContractConcentration (from QL077),QL077,0.75
LEGAL.005,LEGAL.020,influences,PotentialLiability influences ChangeOfControlExposure (from QL077),QL077,0.75
LEGAL.005,LEGAL.030,influences,PotentialLiability influences RelatedPartyLegalExposure (from QL077),QL077,0.75
LEGAL.018,LEGAL.020,influences,ContractConcentration influences ChangeOfControlExposure (from QL077),QL077,0.75
LEGAL.018,LEGAL.030,influences,ContractConcentration influences RelatedPartyLegalExposure (from QL077),QL077,0.75
LEGAL.020,LEGAL.030,influences,ChangeOfControlExposure influences RelatedPartyLegalExposure (from QL077),QL077,0.75
LEGAL.023,LEGAL.005,influences,ContractPenaltyExposure influences PotentialLiability (from QL078),QL078,0.85
LEGAL.005,LEGAL.023,trends_with,PotentialLiability trends_with ContractPenaltyExposure (from QL078),QL078,0.75
LEGAL.005,LEGAL.024,trends_with,PotentialLiability trends_with GuaranteeExposure (from QL078),QL078,0.75
LEGAL.023,LEGAL.024,trends_with,ContractPenaltyExposure trends_with GuaranteeExposure (from QL078),QL078,0.75
TXN.006,CORP.021,influences,OwnershipAfterInvestment influences UltimateBeneficialOwner (from QL079),QL079,0.85
TXN.024,CORP.021,influences,ReturnSensitivity influences UltimateBeneficialOwner (from QL079),QL079,0.85
CORP.021,TXN.006,correlates_with,UltimateBeneficialOwner correlates_with OwnershipAfterInvestment (from QL079),QL079,0.75
CORP.021,TXN.024,correlates_with,UltimateBeneficialOwner correlates_with ReturnSensitivity (from QL079),QL079,0.75
CORP.030,TXN.006,correlates_with,ControlStability correlates_with OwnershipAfterInvestment (from QL079),QL079,0.75
CORP.030,TXN.024,correlates_with,ControlStability correlates_with ReturnSensitivity (from QL079),QL079,0.75
TXN.006,TXN.024,correlates_with,OwnershipAfterInvestment correlates_with ReturnSensitivity (from QL079),QL079,0.75
RISK.001,LEGAL.033,influences,StrategicRiskScore influences LegalDueDiligenceCompletion (from QL080),QL080,0.85
RISK.003,LEGAL.033,influences,HIGH influences LegalDueDiligenceCompletion (from QL080),QL080,0.85
RISK.008,LEGAL.033,influences,HIGH influences LegalDueDiligenceCompletion (from QL080),QL080,0.85
RISK.010,LEGAL.033,influences,HIGH influences LegalDueDiligenceCompletion (from QL080),QL080,0.85
LEGAL.033,RISK.001,influences,LegalDueDiligenceCompletion influences StrategicRiskScore (from QL080),QL080,0.75
LEGAL.033,RISK.003,influences,LegalDueDiligenceCompletion influences HIGH (from QL080),QL080,0.75
LEGAL.033,RISK.008,influences,LegalDueDiligenceCompletion influences HIGH (from QL080),QL080,0.75
LEGAL.033,RISK.010,influences,LegalDueDiligenceCompletion influences HIGH (from QL080),QL080,0.75
RISK.001,RISK.003,influences,StrategicRiskScore influences HIGH (from QL080),QL080,0.75
RISK.001,RISK.008,influences,StrategicRiskScore influences HIGH (from QL080),QL080,0.75
RISK.001,RISK.010,influences,StrategicRiskScore influences HIGH (from QL080),QL080,0.75
RISK.003,RISK.008,influences,HIGH influences HIGH (from QL080),QL080,0.75
RISK.003,RISK.010,influences,HIGH influences HIGH (from QL080),QL080,0.75
RISK.008,RISK.010,influences,HIGH influences HIGH (from QL080),QL080,0.75
CORP.044,LEGAL.033,influences,CorporateInformationCompleteness influences LegalDueDiligenceCompletion (from QL081),QL081,0.85
CORP.045,LEGAL.033,influences,CorporateDataConsistency influences LegalDueDiligenceCompletion (from QL081),QL081,0.85
LEGAL.033,CORP.044,correlates_with,LegalDueDiligenceCompletion correlates_with CorporateInformationCompleteness (from QL081),QL081,0.75
LEGAL.033,CORP.045,correlates_with,LegalDueDiligenceCompletion correlates_with CorporateDataConsistency (from QL081),QL081,0.75
CORP.044,CORP.045,correlates_with,CorporateInformationCompleteness correlates_with CorporateDataConsistency (from QL081),QL081,0.75
LEGAL.033,LEGAL.013,influences,LegalDueDiligenceCompletion influences ComplianceRemediationRate (from QL082),QL082,0.85
LEGAL.013,LEGAL.033,correlates_with,ComplianceRemediationRate correlates_with LegalDueDiligenceCompletion (from QL082),QL082,0.75
LEGAL.019,LEGAL.015,influences,ContractTerminationExposure influences LicenseExpiryExposure (from QL083),QL083,0.85
LEGAL.033,LEGAL.015,influences,LegalDueDiligenceCompletion influences LicenseExpiryExposure (from QL083),QL083,0.85
LEGAL.015,LEGAL.019,correlates_with,LicenseExpiryExposure correlates_with ContractTerminationExposure (from QL083),QL083,0.75
LEGAL.015,LEGAL.033,correlates_with,LicenseExpiryExposure correlates_with LegalDueDiligenceCompletion (from QL083),QL083,0.75
LEGAL.019,LEGAL.033,correlates_with,ContractTerminationExposure correlates_with LegalDueDiligenceCompletion (from QL083),QL083,0.75
TECH.023,LEGAL.033,influences,IPEncumbranceCount influences LegalDueDiligenceCompletion (from QL084),QL084,0.85
LEGAL.033,TECH.023,correlates_with,LegalDueDiligenceCompletion correlates_with IPEncumbranceCount (from QL084),QL084,0.75
LEGAL.031,TECH.023,correlates_with,InternalControlDeficiency correlates_with IPEncumbranceCount (from QL084),QL084,0.75
LEGAL.033,CORP.044,influences,LegalDueDiligenceCompletion influences CorporateInformationCompleteness (from QF001),QF001,0.75
LEGAL.013,CORP.044,influences,ComplianceRemediationRate influences CorporateInformationCompleteness (from QF001),QF001,0.75
CORP.021,CORP.030,trends_with,UltimateBeneficialOwner trends_with ControlStability (from QF003),QF003,0.75
CORP.021,CORP.041,trends_with,UltimateBeneficialOwner trends_with CorporateLifecycleStatus (from QF003),QF003,0.75
CORP.030,CORP.041,trends_with,ControlStability trends_with CorporateLifecycleStatus (from QF003),QF003,0.75
CORP.012,CORP.019,trends_with,ShareholderCount trends_with InstitutionalOwnership (from QF004),QF004,0.75
CORP.012,CORP.035,trends_with,ShareholderCount trends_with ConsolidationScope (from QF004),QF004,0.75
CORP.012,LEGAL.032,trends_with,ShareholderCount trends_with RegulatoryDependency (from QF004),QF004,0.75
CORP.019,CORP.035,trends_with,InstitutionalOwnership trends_with ConsolidationScope (from QF004),QF004,0.75
CORP.019,LEGAL.032,trends_with,InstitutionalOwnership trends_with RegulatoryDependency (from QF004),QF004,0.75
CORP.035,LEGAL.032,trends_with,ConsolidationScope trends_with RegulatoryDependency (from QF004),QF004,0.75
CORP.012,CORP.030,correlates_with,ShareholderCount correlates_with ControlStability (from QF005),QF005,0.75
CORP.013,CORP.030,correlates_with,Top1ShareholderRatio correlates_with ControlStability (from QF005),QF005,0.75
CORP.036,CORP.037,indicates_exposure_to,RelatedPartyCount indicates_exposure_to RelatedPartyTransactionRatio (from QF007),QF007,0.75
CORP.036,CORP.038,indicates_exposure_to,RelatedPartyCount indicates_exposure_to RelatedPartyReceivable (from QF007),QF007,0.75
CORP.036,CORP.039,indicates_exposure_to,RelatedPartyCount indicates_exposure_to RelatedPartyPayable (from QF007),QF007,0.75
CORP.036,FIN.033,indicates_exposure_to,RelatedPartyCount indicates_exposure_to AdjustedNetIncome (from QF007),QF007,0.75
CORP.037,CORP.038,indicates_exposure_to,RelatedPartyTransactionRatio indicates_exposure_to RelatedPartyReceivable (from QF007),QF007,0.75
CORP.037,CORP.039,indicates_exposure_to,RelatedPartyTransactionRatio indicates_exposure_to RelatedPartyPayable (from QF007),QF007,0.75
CORP.037,FIN.033,indicates_exposure_to,RelatedPartyTransactionRatio indicates_exposure_to AdjustedNetIncome (from QF007),QF007,0.75
CORP.038,CORP.039,indicates_exposure_to,RelatedPartyReceivable indicates_exposure_to RelatedPartyPayable (from QF007),QF007,0.75
CORP.038,FIN.033,indicates_exposure_to,RelatedPartyReceivable indicates_exposure_to AdjustedNetIncome (from QF007),QF007,0.75
CORP.039,FIN.033,indicates_exposure_to,RelatedPartyPayable indicates_exposure_to AdjustedNetIncome (from QF007),QF007,0.75
CORP.005,CORP.006,indicates_exposure_to,RegisteredCapital indicates_exposure_to PaidInCapital (from QF009),QF009,0.75
CORP.006,CORP.005,indicates_exposure_to,PaidInCapital indicates_exposure_to RegisteredCapital (from QF009),QF009,0.75
CORP.017,CORP.018,influences,ManagementOwnership influences EmployeeOwnership (from QF018),QF018,0.75
CORP.017,CORP.040,influences,ManagementOwnership influences RelatedPartyCapitalOccupation (from QF018),QF018,0.75
CORP.017,FIN.033,influences,ManagementOwnership influences AdjustedNetIncome (from QF018),QF018,0.75
CORP.018,CORP.040,influences,EmployeeOwnership influences RelatedPartyCapitalOccupation (from QF018),QF018,0.75
CORP.040,FIN.033,influences,RelatedPartyCapitalOccupation influences AdjustedNetIncome (from QF018),QF018,0.75
CORP.018,LEGAL.027,correlates_with,EmployeeOwnership correlates_with TaxExposure (from QF020),QF020,0.75
LEGAL.027,FIN.033,correlates_with,TaxExposure correlates_with AdjustedNetIncome (from QF020),QF020,0.75
MGMT.007,MGMT.008,trends_with,FounderOwnership trends_with FounderControl (from QF023),QF023,0.75
MGMT.007,CORP.016,trends_with,FounderOwnership trends_with FounderOwnership (from QF023),QF023,0.75
MGMT.007,CORP.024,trends_with,FounderOwnership trends_with FounderControlRatio (from QF023),QF023,0.75
MGMT.007,TXN.003,trends_with,FounderOwnership trends_with EntryEnterpriseValue (from QF023),QF023,0.75
MGMT.008,CORP.016,trends_with,FounderControl trends_with FounderOwnership (from QF023),QF023,0.75
MGMT.008,CORP.024,trends_with,FounderControl trends_with FounderControlRatio (from QF023),QF023,0.75
MGMT.008,TXN.003,trends_with,FounderControl trends_with EntryEnterpriseValue (from QF023),QF023,0.75
CORP.016,CORP.024,trends_with,FounderOwnership trends_with FounderControlRatio (from QF023),QF023,0.75
CORP.016,TXN.003,trends_with,FounderOwnership trends_with EntryEnterpriseValue (from QF023),QF023,0.75
CORP.024,TXN.003,trends_with,FounderControlRatio trends_with EntryEnterpriseValue (from QF023),QF023,0.75
CORP.036,CUST.019,indicates_exposure_to,RelatedPartyCount indicates_exposure_to RelatedCustomerRevenueRatio (from QF024),QF024,0.75
CORP.036,SUPP.010,indicates_exposure_to,RelatedPartyCount indicates_exposure_to SupplierConcentrationRisk (from QF024),QF024,0.75
CORP.037,CUST.019,indicates_exposure_to,RelatedPartyTransactionRatio indicates_exposure_to RelatedCustomerRevenueRatio (from QF024),QF024,0.75
CORP.037,SUPP.010,indicates_exposure_to,RelatedPartyTransactionRatio indicates_exposure_to SupplierConcentrationRisk (from QF024),QF024,0.75
CUST.019,SUPP.010,indicates_exposure_to,RelatedCustomerRevenueRatio indicates_exposure_to SupplierConcentrationRisk (from QF024),QF024,0.75
CORP.037,CUST.036,influences,RelatedPartyTransactionRatio influences ContractTerminationRate (from QF028),QF028,0.75
CORP.037,CUST.046,influences,RelatedPartyTransactionRatio influences OrderCancellationRate (from QF028),QF028,0.75
CUST.036,CUST.046,influences,ContractTerminationRate influences OrderCancellationRate (from QF028),QF028,0.75
CORP.037,CUST.001,trends_with,RelatedPartyTransactionRatio trends_with CustomerCount (from QF029),QF029,0.75
CORP.037,SUPP.001,trends_with,RelatedPartyTransactionRatio trends_with SupplierCount (from QF029),QF029,0.75
CUST.001,SUPP.001,trends_with,CustomerCount trends_with SupplierCount (from QF029),QF029,0.75
CORP.037,CORP.038,should_be_consistent_with,RelatedPartyTransactionRatio should_be_consistent_with RelatedPartyReceivable (from QF030),QF030,0.75
CORP.037,CORP.039,should_be_consistent_with,RelatedPartyTransactionRatio should_be_consistent_with RelatedPartyPayable (from QF030),QF030,0.75
CORP.038,CORP.039,should_be_consistent_with,RelatedPartyReceivable should_be_consistent_with RelatedPartyPayable (from QF030),QF030,0.75
CORP.036,LEGAL.030,trends_with,RelatedPartyCount trends_with RelatedPartyLegalExposure (from QF031),QF031,0.75
CORP.037,LEGAL.030,trends_with,RelatedPartyTransactionRatio trends_with RelatedPartyLegalExposure (from QF031),QF031,0.75
CORP.036,CUST.019,correlates_with,RelatedPartyCount correlates_with RelatedCustomerRevenueRatio (from QF032),QF032,0.75
CORP.036,SUPP.010,correlates_with,RelatedPartyCount correlates_with SupplierConcentrationRisk (from QF032),QF032,0.75
CORP.043,CUST.019,correlates_with,DormantShellEntityExposure correlates_with RelatedCustomerRevenueRatio (from QF032),QF032,0.75
CORP.043,SUPP.010,correlates_with,DormantShellEntityExposure correlates_with SupplierConcentrationRisk (from QF032),QF032,0.75
LEGAL.005,FIN.056,should_be_consistent_with,PotentialLiability should_be_consistent_with AccountsReceivable (from QF035),QF035,0.75
LEGAL.005,FIN.057,should_be_consistent_with,PotentialLiability should_be_consistent_with InventoryBalance (from QF035),QF035,0.75
FIN.056,FIN.057,should_be_consistent_with,AccountsReceivable should_be_consistent_with InventoryBalance (from QF035),QF035,0.75
LEGAL.011,LEGAL.009,should_be_consistent_with,ComplianceViolationCount should_be_consistent_with AdministrativePenaltyCount (from QF038),QF038,0.75
LEGAL.011,ESG.011,should_be_consistent_with,ComplianceViolationCount should_be_consistent_with EnvironmentalPenaltyCount (from QF038),QF038,0.75
LEGAL.011,ESG.012,should_be_consistent_with,ComplianceViolationCount should_be_consistent_with EnvironmentalIncidentCount (from QF038),QF038,0.75
LEGAL.011,ESG.013,should_be_consistent_with,ComplianceViolationCount should_be_consistent_with EnvironmentalComplianceRate (from QF038),QF038,0.75
LEGAL.009,ESG.011,should_be_consistent_with,AdministrativePenaltyCount should_be_consistent_with EnvironmentalPenaltyCount (from QF038),QF038,0.75
LEGAL.009,ESG.012,should_be_consistent_with,AdministrativePenaltyCount should_be_consistent_with EnvironmentalIncidentCount (from QF038),QF038,0.75
LEGAL.009,ESG.013,should_be_consistent_with,AdministrativePenaltyCount should_be_consistent_with EnvironmentalComplianceRate (from QF038),QF038,0.75
ESG.011,ESG.012,should_be_consistent_with,EnvironmentalPenaltyCount should_be_consistent_with EnvironmentalIncidentCount (from QF038),QF038,0.75
ESG.011,ESG.013,should_be_consistent_with,EnvironmentalPenaltyCount should_be_consistent_with EnvironmentalComplianceRate (from QF038),QF038,0.75
ESG.012,ESG.013,should_be_consistent_with,EnvironmentalIncidentCount should_be_consistent_with EnvironmentalComplianceRate (from QF038),QF038,0.75
LEGAL.014,LEGAL.015,influences,LicenseCount influences LicenseExpiryExposure (from QF039),QF039,0.75
LEGAL.014,ESG.006,influences,LicenseCount influences EnergyConsumption (from QF039),QF039,0.75
LEGAL.014,ESG.007,influences,LicenseCount influences EnergyIntensity (from QF039),QF039,0.75
LEGAL.015,ESG.006,influences,LicenseExpiryExposure influences EnergyConsumption (from QF039),QF039,0.75
LEGAL.015,ESG.007,influences,LicenseExpiryExposure influences EnergyIntensity (from QF039),QF039,0.75
ESG.006,ESG.007,influences,EnergyConsumption influences EnergyIntensity (from QF039),QF039,0.75
LEGAL.014,LEGAL.015,indicates_exposure_to,LicenseCount indicates_exposure_to LicenseExpiryExposure (from QF047),QF047,0.75
LEGAL.014,ESG.013,indicates_exposure_to,LicenseCount indicates_exposure_to EnvironmentalComplianceRate (from QF047),QF047,0.75
LEGAL.015,ESG.013,indicates_exposure_to,LicenseExpiryExposure indicates_exposure_to EnvironmentalComplianceRate (from QF047),QF047,0.75
LEGAL.014,ESG.010,correlates_with,LicenseCount correlates_with WasteGeneration (from QF048),QF048,0.75
LEGAL.031,ESG.010,correlates_with,InternalControlDeficiency correlates_with WasteGeneration (from QF048),QF048,0.75
ESG.010,ESG.013,trends_with,WasteGeneration trends_with EnvironmentalComplianceRate (from QF049),QF049,0.75
LEGAL.011,LEGAL.012,should_be_consistent_with,ComplianceViolationCount should_be_consistent_with RegulatoryInvestigationCount (from QF051),QF051,0.75
LEGAL.011,ESG.014,should_be_consistent_with,ComplianceViolationCount should_be_consistent_with EmployeeSafetyIncidentRate (from QF051),QF051,0.75
LEGAL.011,ESG.015,should_be_consistent_with,ComplianceViolationCount should_be_consistent_with LostTimeInjuryRate (from QF051),QF051,0.75
LEGAL.011,ESG.018,should_be_consistent_with,ComplianceViolationCount should_be_consistent_with LaborComplianceRate (from QF051),QF051,0.75
LEGAL.012,ESG.014,should_be_consistent_with,RegulatoryInvestigationCount should_be_consistent_with EmployeeSafetyIncidentRate (from QF051),QF051,0.75
LEGAL.012,ESG.015,should_be_consistent_with,RegulatoryInvestigationCount should_be_consistent_with LostTimeInjuryRate (from QF051),QF051,0.75
LEGAL.012,ESG.018,should_be_consistent_with,RegulatoryInvestigationCount should_be_consistent_with LaborComplianceRate (from QF051),QF051,0.75
ESG.014,ESG.015,should_be_consistent_with,EmployeeSafetyIncidentRate should_be_consistent_with LostTimeInjuryRate (from QF051),QF051,0.75
ESG.014,ESG.018,should_be_consistent_with,EmployeeSafetyIncidentRate should_be_consistent_with LaborComplianceRate (from QF051),QF051,0.75
ESG.015,ESG.018,should_be_consistent_with,LostTimeInjuryRate should_be_consistent_with LaborComplianceRate (from QF051),QF051,0.75
TECH.001,TECH.010,correlates_with,CoreTechnologyCount correlates_with TechnologyValidationCount (from QF053),QF053,0.75
TECH.001,TECH.021,correlates_with,CoreTechnologyCount correlates_with IPOwnershipRatio (from QF053),QF053,0.75
TECH.001,TECH.022,correlates_with,CoreTechnologyCount correlates_with ThirdPartyLicenseRatio (from QF053),QF053,0.75
TECH.010,TECH.021,correlates_with,TechnologyValidationCount correlates_with IPOwnershipRatio (from QF053),QF053,0.75
TECH.010,TECH.022,correlates_with,TechnologyValidationCount correlates_with ThirdPartyLicenseRatio (from QF053),QF053,0.75
TECH.021,TECH.022,indicates_exposure_to,IPOwnershipRatio indicates_exposure_to ThirdPartyLicenseRatio (from QF054),QF054,0.75
TECH.021,TECH.027,indicates_exposure_to,IPOwnershipRatio indicates_exposure_to FreedomToOperate (from QF054),QF054,0.75
TECH.021,TECH.032,indicates_exposure_to,IPOwnershipRatio indicates_exposure_to ThirdPartyTechnologyDependency (from QF054),QF054,0.75
TECH.022,TECH.027,indicates_exposure_to,ThirdPartyLicenseRatio indicates_exposure_to FreedomToOperate (from QF054),QF054,0.75
TECH.022,TECH.032,indicates_exposure_to,ThirdPartyLicenseRatio indicates_exposure_to ThirdPartyTechnologyDependency (from QF054),QF054,0.75
TECH.027,TECH.032,indicates_exposure_to,FreedomToOperate indicates_exposure_to ThirdPartyTechnologyDependency (from QF054),QF054,0.75
TECH.031,TECH.028,trends_with,CorePersonTechnologyDependency trends_with TradeSecretDependency (from QF055),QF055,0.75
TECH.031,TECH.021,trends_with,CorePersonTechnologyDependency trends_with IPOwnershipRatio (from QF055),QF055,0.75
TECH.028,TECH.021,trends_with,TradeSecretDependency trends_with IPOwnershipRatio (from QF055),QF055,0.75
TECH.028,TECH.031,correlates_with,TradeSecretDependency correlates_with CorePersonTechnologyDependency (from QF057),QF057,0.75
TECH.028,TECH.033,correlates_with,TradeSecretDependency correlates_with OpenSourceDependency (from QF057),QF057,0.75
TECH.031,TECH.033,correlates_with,CorePersonTechnologyDependency correlates_with OpenSourceDependency (from QF057),QF057,0.75
SUPP.006,SUPP.007,correlates_with,SingleSourceSupplierCount correlates_with StrategicSupplierCount (from QF058),QF058,0.75
SUPP.006,SUPP.010,correlates_with,SingleSourceSupplierCount correlates_with SupplierConcentrationRisk (from QF058),QF058,0.75
SUPP.006,SUPP.027,correlates_with,SingleSourceSupplierCount correlates_with AlternativeSupplierCoverage (from QF058),QF058,0.75
SUPP.007,SUPP.010,correlates_with,StrategicSupplierCount correlates_with SupplierConcentrationRisk (from QF058),QF058,0.75
SUPP.007,SUPP.019,correlates_with,StrategicSupplierCount correlates_with LongTermContractCoverage (from QF058),QF058,0.75
SUPP.007,SUPP.027,correlates_with,StrategicSupplierCount correlates_with AlternativeSupplierCoverage (from QF058),QF058,0.75
SUPP.010,SUPP.019,correlates_with,SupplierConcentrationRisk correlates_with LongTermContractCoverage (from QF058),QF058,0.75
SUPP.010,SUPP.027,correlates_with,SupplierConcentrationRisk correlates_with AlternativeSupplierCoverage (from QF058),QF058,0.75
SUPP.019,SUPP.027,correlates_with,LongTermContractCoverage correlates_with AlternativeSupplierCoverage (from QF058),QF058,0.75
SUPP.006,SUPP.019,trends_with,SingleSourceSupplierCount trends_with LongTermContractCoverage (from QF059),QF059,0.75
SUPP.006,SUPP.026,trends_with,SingleSourceSupplierCount trends_with CriticalMaterialCount (from QF059),QF059,0.75
SUPP.006,LEGAL.021,trends_with,SingleSourceSupplierCount trends_with ExclusivityExposure (from QF059),QF059,0.75
SUPP.006,LEGAL.022,trends_with,SingleSourceSupplierCount trends_with MinimumPurchaseExposure (from QF059),QF059,0.75
SUPP.019,SUPP.026,trends_with,LongTermContractCoverage trends_with CriticalMaterialCount (from QF059),QF059,0.75
SUPP.019,LEGAL.021,trends_with,LongTermContractCoverage trends_with ExclusivityExposure (from QF059),QF059,0.75
SUPP.019,LEGAL.022,trends_with,LongTermContractCoverage trends_with MinimumPurchaseExposure (from QF059),QF059,0.75
SUPP.026,LEGAL.021,trends_with,CriticalMaterialCount trends_with ExclusivityExposure (from QF059),QF059,0.75
SUPP.026,LEGAL.022,trends_with,CriticalMaterialCount trends_with MinimumPurchaseExposure (from QF059),QF059,0.75
LEGAL.021,LEGAL.022,trends_with,ExclusivityExposure trends_with MinimumPurchaseExposure (from QF059),QF059,0.75
SUPP.027,SUPP.021,influences,AlternativeSupplierCoverage influences AverageSupplierLeadTime (from QF060),QF060,0.75
SUPP.027,SUPP.030,influences,AlternativeSupplierCoverage influences SupplyChainResilienceScore (from QF060),QF060,0.75
SUPP.021,SUPP.030,influences,AverageSupplierLeadTime influences SupplyChainResilienceScore (from QF060),QF060,0.75
LEGAL.016,LEGAL.017,trends_with,MaterialContractCount trends_with MaterialContractValue (from QF061),QF061,0.75
LEGAL.016,LEGAL.018,trends_with,MaterialContractCount trends_with ContractConcentration (from QF061),QF061,0.75
LEGAL.016,LEGAL.019,trends_with,MaterialContractCount trends_with ContractTerminationExposure (from QF061),QF061,0.75
LEGAL.016,LEGAL.020,trends_with,MaterialContractCount trends_with ChangeOfControlExposure (from QF061),QF061,0.75
LEGAL.016,CORP.044,trends_with,MaterialContractCount trends_with CorporateInformationCompleteness (from QF061),QF061,0.75
LEGAL.017,LEGAL.018,trends_with,MaterialContractValue trends_with ContractConcentration (from QF061),QF061,0.75
LEGAL.017,LEGAL.019,trends_with,MaterialContractValue trends_with ContractTerminationExposure (from QF061),QF061,0.75
LEGAL.017,LEGAL.020,trends_with,MaterialContractValue trends_with ChangeOfControlExposure (from QF061),QF061,0.75
LEGAL.017,CORP.044,trends_with,MaterialContractValue trends_with CorporateInformationCompleteness (from QF061),QF061,0.75
LEGAL.018,LEGAL.019,trends_with,ContractConcentration trends_with ContractTerminationExposure (from QF061),QF061,0.75
LEGAL.018,LEGAL.020,trends_with,ContractConcentration trends_with ChangeOfControlExposure (from QF061),QF061,0.75
LEGAL.018,CORP.044,trends_with,ContractConcentration trends_with CorporateInformationCompleteness (from QF061),QF061,0.75
LEGAL.019,LEGAL.020,trends_with,ContractTerminationExposure trends_with ChangeOfControlExposure (from QF061),QF061,0.75
LEGAL.019,CORP.044,trends_with,ContractTerminationExposure trends_with CorporateInformationCompleteness (from QF061),QF061,0.75
LEGAL.020,CORP.044,trends_with,ChangeOfControlExposure trends_with CorporateInformationCompleteness (from QF061),QF061,0.75
LEGAL.020,LEGAL.024,trends_with,ChangeOfControlExposure trends_with GuaranteeExposure (from QF062),QF062,0.75
LEGAL.020,FIN.065,trends_with,ChangeOfControlExposure trends_with TotalDebt (from QF062),QF062,0.75
LEGAL.020,FIN.066,trends_with,ChangeOfControlExposure trends_with ShortTermDebt (from QF062),QF062,0.75
LEGAL.024,FIN.065,trends_with,GuaranteeExposure trends_with TotalDebt (from QF062),QF062,0.75
LEGAL.024,FIN.066,trends_with,GuaranteeExposure trends_with ShortTermDebt (from QF062),QF062,0.75
FIN.065,FIN.066,trends_with,TotalDebt trends_with ShortTermDebt (from QF062),QF062,0.75
LEGAL.016,LEGAL.019,should_be_consistent_with,MaterialContractCount should_be_consistent_with ContractTerminationExposure (from QF066),QF066,0.75
LEGAL.016,LEGAL.031,should_be_consistent_with,MaterialContractCount should_be_consistent_with InternalControlDeficiency (from QF066),QF066,0.75
LEGAL.019,LEGAL.031,should_be_consistent_with,ContractTerminationExposure should_be_consistent_with InternalControlDeficiency (from QF066),QF066,0.75
LEGAL.001,LEGAL.002,indicates_exposure_to,LitigationCount indicates_exposure_to LitigationAmount (from QF070),QF070,0.75
LEGAL.001,LEGAL.006,indicates_exposure_to,LitigationCount indicates_exposure_to ArbitrationCount (from QF070),QF070,0.75
LEGAL.001,LEGAL.007,indicates_exposure_to,LitigationCount indicates_exposure_to ArbitrationAmount (from QF070),QF070,0.75
LEGAL.001,LEGAL.009,indicates_exposure_to,LitigationCount indicates_exposure_to AdministrativePenaltyCount (from QF070),QF070,0.75
LEGAL.001,CORP.042,indicates_exposure_to,LitigationCount indicates_exposure_to CorporateRegistrationAnomalies (from QF070),QF070,0.75
LEGAL.002,LEGAL.006,indicates_exposure_to,LitigationAmount indicates_exposure_to ArbitrationCount (from QF070),QF070,0.75
LEGAL.002,LEGAL.007,indicates_exposure_to,LitigationAmount indicates_exposure_to ArbitrationAmount (from QF070),QF070,0.75
LEGAL.002,LEGAL.009,indicates_exposure_to,LitigationAmount indicates_exposure_to AdministrativePenaltyCount (from QF070),QF070,0.75
LEGAL.002,CORP.042,indicates_exposure_to,LitigationAmount indicates_exposure_to CorporateRegistrationAnomalies (from QF070),QF070,0.75
LEGAL.006,LEGAL.007,indicates_exposure_to,ArbitrationCount indicates_exposure_to ArbitrationAmount (from QF070),QF070,0.75
LEGAL.006,LEGAL.009,indicates_exposure_to,ArbitrationCount indicates_exposure_to AdministrativePenaltyCount (from QF070),QF070,0.75
LEGAL.006,CORP.042,indicates_exposure_to,ArbitrationCount indicates_exposure_to CorporateRegistrationAnomalies (from QF070),QF070,0.75
LEGAL.007,LEGAL.009,indicates_exposure_to,ArbitrationAmount indicates_exposure_to AdministrativePenaltyCount (from QF070),QF070,0.75
LEGAL.007,CORP.042,indicates_exposure_to,ArbitrationAmount indicates_exposure_to CorporateRegistrationAnomalies (from QF070),QF070,0.75
LEGAL.009,CORP.042,indicates_exposure_to,AdministrativePenaltyCount indicates_exposure_to CorporateRegistrationAnomalies (from QF070),QF070,0.75
MGMT.021,ESG.018,influences,EmployeeCount influences LaborComplianceRate (from QF072),QF072,0.75
MGMT.021,LEGAL.032,influences,EmployeeCount influences RegulatoryDependency (from QF072),QF072,0.75
ESG.018,LEGAL.032,influences,LaborComplianceRate influences RegulatoryDependency (from QF072),QF072,0.75
MGMT.021,LEGAL.028,correlates_with,EmployeeCount correlates_with LaborDisputeCount (from QF074),QF074,0.75
MGMT.023,LEGAL.028,correlates_with,EmployeeTurnoverRate correlates_with LaborDisputeCount (from QF074),QF074,0.75
MGMT.023,ESG.018,correlates_with,EmployeeTurnoverRate correlates_with LaborComplianceRate (from QF074),QF074,0.75
LEGAL.028,ESG.018,correlates_with,LaborDisputeCount correlates_with LaborComplianceRate (from QF074),QF074,0.75
TXN.001,TXN.006,influences,DealSize influences OwnershipAfterInvestment (from QF075),QF075,0.75
TXN.001,CORP.012,influences,DealSize influences ShareholderCount (from QF075),QF075,0.75
TXN.001,CORP.013,influences,DealSize influences Top1ShareholderRatio (from QF075),QF075,0.75
TXN.006,CORP.012,influences,OwnershipAfterInvestment influences ShareholderCount (from QF075),QF075,0.75
TXN.006,CORP.013,influences,OwnershipAfterInvestment influences Top1ShareholderRatio (from QF075),QF075,0.75
CORP.012,CORP.013,influences,ShareholderCount influences Top1ShareholderRatio (from QF075),QF075,0.75
LEGAL.005,LEGAL.018,correlates_with,PotentialLiability correlates_with ContractConcentration (from QF077),QF077,0.75
LEGAL.005,LEGAL.020,correlates_with,PotentialLiability correlates_with ChangeOfControlExposure (from QF077),QF077,0.75
LEGAL.005,LEGAL.030,correlates_with,PotentialLiability correlates_with RelatedPartyLegalExposure (from QF077),QF077,0.75
LEGAL.018,LEGAL.030,correlates_with,ContractConcentration correlates_with RelatedPartyLegalExposure (from QF077),QF077,0.75
LEGAL.020,LEGAL.030,correlates_with,ChangeOfControlExposure correlates_with RelatedPartyLegalExposure (from QF077),QF077,0.75
LEGAL.005,LEGAL.023,correlates_with,PotentialLiability correlates_with ContractPenaltyExposure (from QF078),QF078,0.75
LEGAL.023,LEGAL.024,correlates_with,ContractPenaltyExposure correlates_with GuaranteeExposure (from QF078),QF078,0.75
LEGAL.033,RISK.001,correlates_with,LegalDueDiligenceCompletion correlates_with StrategicRiskScore (from QF080),QF080,0.75
LEGAL.033,RISK.003,correlates_with,LegalDueDiligenceCompletion correlates_with HIGH (from QF080),QF080,0.75
LEGAL.033,RISK.008,correlates_with,LegalDueDiligenceCompletion correlates_with HIGH (from QF080),QF080,0.75
LEGAL.033,RISK.010,correlates_with,LegalDueDiligenceCompletion correlates_with HIGH (from QF080),QF080,0.75
RISK.001,RISK.003,correlates_with,StrategicRiskScore correlates_with HIGH (from QF080),QF080,0.75
RISK.001,RISK.008,correlates_with,StrategicRiskScore correlates_with HIGH (from QF080),QF080,0.75
RISK.001,RISK.010,correlates_with,StrategicRiskScore correlates_with HIGH (from QF080),QF080,0.75
RISK.003,RISK.008,correlates_with,HIGH correlates_with HIGH (from QF080),QF080,0.75
RISK.003,RISK.010,correlates_with,HIGH correlates_with HIGH (from QF080),QF080,0.75
RISK.008,RISK.010,correlates_with,HIGH correlates_with HIGH (from QF080),QF080,0.75
LEGAL.033,CORP.044,should_be_consistent_with,LegalDueDiligenceCompletion should_be_consistent_with CorporateInformationCompleteness (from QF081),QF081,0.75
LEGAL.033,CORP.045,should_be_consistent_with,LegalDueDiligenceCompletion should_be_consistent_with CorporateDataConsistency (from QF081),QF081,0.75
CORP.044,CORP.045,should_be_consistent_with,CorporateInformationCompleteness should_be_consistent_with CorporateDataConsistency (from QF081),QF081,0.75
LEGAL.013,LEGAL.033,trends_with,ComplianceRemediationRate trends_with LegalDueDiligenceCompletion (from QF082),QF082,0.75
LEGAL.015,LEGAL.019,indicates_exposure_to,LicenseExpiryExposure indicates_exposure_to ContractTerminationExposure (from QF083),QF083,0.75
LEGAL.015,LEGAL.033,indicates_exposure_to,LicenseExpiryExposure indicates_exposure_to LegalDueDiligenceCompletion (from QF083),QF083,0.75
LEGAL.019,LEGAL.033,indicates_exposure_to,ContractTerminationExposure indicates_exposure_to LegalDueDiligenceCompletion (from QF083),QF083,0.75
LEGAL.033,LEGAL.031,should_be_consistent_with,LegalDueDiligenceCompletion should_be_consistent_with InternalControlDeficiency (from QF084),QF084,0.75
LEGAL.033,TECH.023,should_be_consistent_with,LegalDueDiligenceCompletion should_be_consistent_with IPEncumbranceCount (from QF084),QF084,0.75
LEGAL.031,TECH.023,should_be_consistent_with,InternalControlDeficiency should_be_consistent_with IPEncumbranceCount (from QF084),QF084,0.75
LEGAL.013,CORP.044,correlates_with,ComplianceRemediationRate correlates_with CorporateInformationCompleteness (from QF085),QF085,0.75
FIN.003,FIN.002,influences,RevenueCAGR [derived: CAGR of FIN.001] influences RevenueGrowthRate [derived: (FIN.001_t - FIN.001_t-1) / FIN.001_t-1] (from QF086),QF086,0.85
FIN.008,FIN.002,influences,OrganicRevenueGrowth influences RevenueGrowthRate [derived: (FIN.001_t - FIN.001_t-1) / FIN.001_t-1] (from QF086),QF086,0.85
FIN.009,FIN.002,influences,AcquisitionDrivenGrowth influences RevenueGrowthRate [derived: (FIN.001_t - FIN.001_t-1) / FIN.001_t-1] (from QF086),QF086,0.85
FIN.001,FIN.002,influences,Revenue influences RevenueGrowthRate [derived: (FIN.001_t - FIN.001_t-1) / FIN.001_t-1] (from QF086),QF086,0.85
FIN.002,FIN.003,correlates_with,RevenueGrowthRate [derived: (FIN.001_t - FIN.001_t-1) / FIN.001_t-1] correlates_with RevenueCAGR [derived: CAGR of FIN.001] (from QF086),QF086,0.75
FIN.002,FIN.008,correlates_with,RevenueGrowthRate [derived: (FIN.001_t - FIN.001_t-1) / FIN.001_t-1] correlates_with OrganicRevenueGrowth (from QF086),QF086,0.75
FIN.002,FIN.009,correlates_with,RevenueGrowthRate [derived: (FIN.001_t - FIN.001_t-1) / FIN.001_t-1] correlates_with AcquisitionDrivenGrowth (from QF086),QF086,0.75
FIN.002,FIN.001,correlates_with,RevenueGrowthRate [derived: (FIN.001_t - FIN.001_t-1) / FIN.001_t-1] correlates_with Revenue (from QF086),QF086,0.75
FIN.003,FIN.008,correlates_with,RevenueCAGR [derived: CAGR of FIN.001] correlates_with OrganicRevenueGrowth (from QF086),QF086,0.75
FIN.003,FIN.009,correlates_with,RevenueCAGR [derived: CAGR of FIN.001] correlates_with AcquisitionDrivenGrowth (from QF086),QF086,0.75
FIN.003,FIN.001,correlates_with,RevenueCAGR [derived: CAGR of FIN.001] correlates_with Revenue (from QF086),QF086,0.75
FIN.008,FIN.009,correlates_with,OrganicRevenueGrowth correlates_with AcquisitionDrivenGrowth (from QF086),QF086,0.75
FIN.008,FIN.001,correlates_with,OrganicRevenueGrowth correlates_with Revenue (from QF086),QF086,0.75
FIN.009,FIN.001,correlates_with,AcquisitionDrivenGrowth correlates_with Revenue (from QF086),QF086,0.75
BMOD.011,FIN.006,influences,ProductRevenueRatio influences RevenueConcentration (from QF087),QF087,0.85
BMOD.012,FIN.006,influences,ServiceRevenueRatio influences RevenueConcentration (from QF087),QF087,0.85
PROD.011,FIN.006,influences,CoreProductRevenueRatio influences RevenueConcentration (from QF087),QF087,0.85
PROD.005,FIN.006,influences,ProductRevenueConcentration influences RevenueConcentration (from QF087),QF087,0.85
FIN.006,BMOD.011,correlates_with,RevenueConcentration correlates_with ProductRevenueRatio (from QF087),QF087,0.75
FIN.006,BMOD.012,correlates_with,RevenueConcentration correlates_with ServiceRevenueRatio (from QF087),QF087,0.75
FIN.006,PROD.011,correlates_with,RevenueConcentration correlates_with CoreProductRevenueRatio (from QF087),QF087,0.75
FIN.006,PROD.005,correlates_with,RevenueConcentration correlates_with ProductRevenueConcentration (from QF087),QF087,0.75
BMOD.011,BMOD.012,correlates_with,ProductRevenueRatio correlates_with ServiceRevenueRatio (from QF087),QF087,0.75
BMOD.011,PROD.011,correlates_with,ProductRevenueRatio correlates_with CoreProductRevenueRatio (from QF087),QF087,0.75
BMOD.011,PROD.005,correlates_with,ProductRevenueRatio correlates_with ProductRevenueConcentration (from QF087),QF087,0.75
BMOD.012,PROD.011,correlates_with,ServiceRevenueRatio correlates_with CoreProductRevenueRatio (from QF087),QF087,0.75
BMOD.012,PROD.005,correlates_with,ServiceRevenueRatio correlates_with ProductRevenueConcentration (from QF087),QF087,0.75
PROD.011,PROD.005,correlates_with,CoreProductRevenueRatio correlates_with ProductRevenueConcentration (from QF087),QF087,0.75
FIN.048,CUST.024,influences,DSO [derived: (FIN.056 / FIN.001) * 365] influences CustomerPaymentDays (from QF088),QF088,0.85
CUST.025,CUST.024,influences,CustomerAR influences CustomerPaymentDays (from QF088),QF088,0.85
CUST.026,CUST.024,influences,CustomerOverdueRatio influences CustomerPaymentDays (from QF088),QF088,0.85
CUST.024,FIN.048,correlates_with,CustomerPaymentDays correlates_with DSO [derived: (FIN.056 / FIN.001) * 365] (from QF088),QF088,0.75
CUST.024,CUST.025,correlates_with,CustomerPaymentDays correlates_with CustomerAR (from QF088),QF088,0.75
CUST.024,CUST.026,correlates_with,CustomerPaymentDays correlates_with CustomerOverdueRatio (from QF088),QF088,0.75
FIN.048,CUST.025,correlates_with,DSO [derived: (FIN.056 / FIN.001) * 365] correlates_with CustomerAR (from QF088),QF088,0.75
FIN.048,CUST.026,correlates_with,DSO [derived: (FIN.056 / FIN.001) * 365] correlates_with CustomerOverdueRatio (from QF088),QF088,0.75
CUST.013,CUST.011,influences,Top5CustomerRevenueRatio influences Top1CustomerRevenueRatio (from QF089),QF089,0.85
CUST.019,CUST.011,influences,RelatedCustomerRevenueRatio influences Top1CustomerRevenueRatio (from QF089),QF089,0.85
CORP.036,CUST.011,influences,RelatedPartyCount influences Top1CustomerRevenueRatio (from QF089),QF089,0.85
CUST.011,CUST.013,correlates_with,Top1CustomerRevenueRatio correlates_with Top5CustomerRevenueRatio (from QF089),QF089,0.75
CUST.011,CUST.019,correlates_with,Top1CustomerRevenueRatio correlates_with RelatedCustomerRevenueRatio (from QF089),QF089,0.75
CUST.011,CORP.036,correlates_with,Top1CustomerRevenueRatio correlates_with RelatedPartyCount (from QF089),QF089,0.75
CUST.013,CUST.019,correlates_with,Top5CustomerRevenueRatio correlates_with RelatedCustomerRevenueRatio (from QF089),QF089,0.75
CUST.013,CORP.036,correlates_with,Top5CustomerRevenueRatio correlates_with RelatedPartyCount (from QF089),QF089,0.75
CUST.019,CORP.036,correlates_with,RelatedCustomerRevenueRatio correlates_with RelatedPartyCount (from QF089),QF089,0.75
CUST.021,CUST.011,influences,CustomerCreditQuality influences Top1CustomerRevenueRatio (from QF090),QF090,0.85
CUST.022,CUST.011,influences,CustomerProfitability influences Top1CustomerRevenueRatio (from QF090),QF090,0.85
FIN.006,CUST.011,influences,RevenueConcentration influences Top1CustomerRevenueRatio (from QF090),QF090,0.85
CUST.011,CUST.021,correlates_with,Top1CustomerRevenueRatio correlates_with CustomerCreditQuality (from QF090),QF090,0.75
CUST.011,CUST.022,correlates_with,Top1CustomerRevenueRatio correlates_with CustomerProfitability (from QF090),QF090,0.75
CUST.011,FIN.006,correlates_with,Top1CustomerRevenueRatio correlates_with RevenueConcentration (from QF090),QF090,0.75
CUST.021,CUST.022,correlates_with,CustomerCreditQuality correlates_with CustomerProfitability (from QF090),QF090,0.75
CUST.021,FIN.006,correlates_with,CustomerCreditQuality correlates_with RevenueConcentration (from QF090),QF090,0.75
CUST.022,FIN.006,correlates_with,CustomerProfitability correlates_with RevenueConcentration (from QF090),QF090,0.75
FIN.056,CUST.021,influences,AccountsReceivable influences CustomerCreditQuality (from QF091),QF091,0.85
CUST.021,FIN.056,correlates_with,CustomerCreditQuality correlates_with AccountsReceivable (from QF091),QF091,0.75
CUST.026,FIN.056,correlates_with,CustomerOverdueRatio correlates_with AccountsReceivable (from QF091),QF091,0.75
CUST.015,CUST.011,influences,CustomerHHI influences Top1CustomerRevenueRatio (from QF092),QF092,0.85
CUST.030,CUST.011,influences,CustomerDependencyScore influences Top1CustomerRevenueRatio (from QF092),QF092,0.85
CUST.011,CUST.013,should_be_consistent_with,Top1CustomerRevenueRatio should_be_consistent_with Top5CustomerRevenueRatio (from QF092),QF092,0.75
CUST.011,CUST.015,should_be_consistent_with,Top1CustomerRevenueRatio should_be_consistent_with CustomerHHI (from QF092),QF092,0.75
CUST.011,CUST.030,should_be_consistent_with,Top1CustomerRevenueRatio should_be_consistent_with CustomerDependencyScore (from QF092),QF092,0.75
CUST.013,CUST.015,should_be_consistent_with,Top5CustomerRevenueRatio should_be_consistent_with CustomerHHI (from QF092),QF092,0.75
CUST.013,CUST.030,should_be_consistent_with,Top5CustomerRevenueRatio should_be_consistent_with CustomerDependencyScore (from QF092),QF092,0.75
CUST.015,CUST.030,should_be_consistent_with,CustomerHHI should_be_consistent_with CustomerDependencyScore (from QF092),QF092,0.75
PROD.039,PROD.008,influences,UnitProductionCost influences ProductAveragePrice (from QF093),QF093,0.85
PROD.040,PROD.008,influences,ManufacturingCostRatio influences ProductAveragePrice (from QF093),QF093,0.85
PROD.023,PROD.008,influences,FactoryCapacity influences ProductAveragePrice (from QF093),QF093,0.85
PROD.026,PROD.008,influences,CapacityUtilization influences ProductAveragePrice (from QF093),QF093,0.85
PROD.008,PROD.039,influences,ProductAveragePrice influences UnitProductionCost (from QF093),QF093,0.75
PROD.008,PROD.040,influences,ProductAveragePrice influences ManufacturingCostRatio (from QF093),QF093,0.75
PROD.008,PROD.023,influences,ProductAveragePrice influences FactoryCapacity (from QF093),QF093,0.75
PROD.008,PROD.026,influences,ProductAveragePrice influences CapacityUtilization (from QF093),QF093,0.75
PROD.039,PROD.040,influences,UnitProductionCost influences ManufacturingCostRatio (from QF093),QF093,0.75
PROD.039,PROD.023,influences,UnitProductionCost influences FactoryCapacity (from QF093),QF093,0.75
PROD.039,PROD.026,influences,UnitProductionCost influences CapacityUtilization (from QF093),QF093,0.75
PROD.040,PROD.023,influences,ManufacturingCostRatio influences FactoryCapacity (from QF093),QF093,0.75
PROD.040,PROD.026,influences,ManufacturingCostRatio influences CapacityUtilization (from QF093),QF093,0.75
PROD.023,PROD.026,influences,FactoryCapacity influences CapacityUtilization (from QF093),QF093,0.75
CUST.025,FIN.001,influences,CustomerAR influences Revenue (from QF094),QF094,0.85
FIN.055,FIN.001,influences,CashBalance influences Revenue (from QF094),QF094,0.85
FIN.056,FIN.001,influences,AccountsReceivable influences Revenue (from QF094),QF094,0.85
FIN.001,CUST.025,correlates_with,Revenue correlates_with CustomerAR (from QF094),QF094,0.75
FIN.001,FIN.055,correlates_with,Revenue correlates_with CashBalance (from QF094),QF094,0.75
FIN.001,FIN.056,correlates_with,Revenue correlates_with AccountsReceivable (from QF094),QF094,0.75
CUST.025,FIN.055,correlates_with,CustomerAR correlates_with CashBalance (from QF094),QF094,0.75
FIN.055,FIN.056,correlates_with,CashBalance correlates_with AccountsReceivable (from QF094),QF094,0.75
FIN.006,CORP.037,influences,RevenueConcentration influences RelatedPartyTransactionRatio (from QF095),QF095,0.85
FIN.001,CORP.037,influences,Revenue influences RelatedPartyTransactionRatio (from QF095),QF095,0.85
CORP.037,FIN.006,correlates_with,RelatedPartyTransactionRatio correlates_with RevenueConcentration (from QF095),QF095,0.75
CORP.037,FIN.001,correlates_with,RelatedPartyTransactionRatio correlates_with Revenue (from QF095),QF095,0.75
CUST.019,FIN.006,correlates_with,RelatedCustomerRevenueRatio correlates_with RevenueConcentration (from QF095),QF095,0.75
CUST.019,FIN.001,correlates_with,RelatedCustomerRevenueRatio correlates_with Revenue (from QF095),QF095,0.75
FIN.006,FIN.001,correlates_with,RevenueConcentration correlates_with Revenue (from QF095),QF095,0.75
CUST.046,CUST.036,influences,OrderCancellationRate influences ContractTerminationRate (from QF096),QF096,0.85
PROD.009,CUST.036,influences,ProductReturnRate influences ContractTerminationRate (from QF096),QF096,0.85
PROD.044,CUST.036,influences,ProductReturnRate influences ContractTerminationRate (from QF096),QF096,0.85
PROD.045,CUST.036,influences,WarrantyClaimRate influences ContractTerminationRate (from QF096),QF096,0.85
CUST.036,CUST.046,correlates_with,ContractTerminationRate correlates_with OrderCancellationRate (from QF096),QF096,0.75
CUST.036,PROD.009,correlates_with,ContractTerminationRate correlates_with ProductReturnRate (from QF096),QF096,0.75
CUST.036,PROD.044,correlates_with,ContractTerminationRate correlates_with ProductReturnRate (from QF096),QF096,0.75
CUST.036,PROD.045,correlates_with,ContractTerminationRate correlates_with WarrantyClaimRate (from QF096),QF096,0.75
CUST.046,PROD.009,correlates_with,OrderCancellationRate correlates_with ProductReturnRate (from QF096),QF096,0.75
CUST.046,PROD.044,correlates_with,OrderCancellationRate correlates_with ProductReturnRate (from QF096),QF096,0.75
CUST.046,PROD.045,correlates_with,OrderCancellationRate correlates_with WarrantyClaimRate (from QF096),QF096,0.75
PROD.009,PROD.044,correlates_with,ProductReturnRate correlates_with ProductReturnRate (from QF096),QF096,0.75
PROD.009,PROD.045,correlates_with,ProductReturnRate correlates_with WarrantyClaimRate (from QF096),QF096,0.75
PROD.044,PROD.045,correlates_with,ProductReturnRate correlates_with WarrantyClaimRate (from QF096),QF096,0.75
CUST.032,FIN.001,influences,ContractValue influences Revenue (from QF097),QF097,0.85
CUST.041,FIN.001,influences,OrderCount influences Revenue (from QF097),QF097,0.85
CUST.047,FIN.001,influences,OrderFulfillmentRate influences Revenue (from QF097),QF097,0.85
FIN.001,CUST.032,should_be_consistent_with,Revenue should_be_consistent_with ContractValue (from QF097),QF097,0.75
FIN.001,CUST.041,should_be_consistent_with,Revenue should_be_consistent_with OrderCount (from QF097),QF097,0.75
FIN.001,CUST.047,should_be_consistent_with,Revenue should_be_consistent_with OrderFulfillmentRate (from QF097),QF097,0.75
FIN.001,FIN.056,should_be_consistent_with,Revenue should_be_consistent_with AccountsReceivable (from QF097),QF097,0.75
CUST.032,CUST.041,should_be_consistent_with,ContractValue should_be_consistent_with OrderCount (from QF097),QF097,0.75
CUST.032,CUST.047,should_be_consistent_with,ContractValue should_be_consistent_with OrderFulfillmentRate (from QF097),QF097,0.75
CUST.032,FIN.056,should_be_consistent_with,ContractValue should_be_consistent_with AccountsReceivable (from QF097),QF097,0.75
CUST.041,CUST.047,should_be_consistent_with,OrderCount should_be_consistent_with OrderFulfillmentRate (from QF097),QF097,0.75
CUST.041,FIN.056,should_be_consistent_with,OrderCount should_be_consistent_with AccountsReceivable (from QF097),QF097,0.75
CUST.047,FIN.056,should_be_consistent_with,OrderFulfillmentRate should_be_consistent_with AccountsReceivable (from QF097),QF097,0.75
FIN.034,FIN.033,influences,NonRecurringProfitRatio [derived: (FIN.030 - FIN.033) / FIN.030] influences AdjustedNetIncome (from QF098),QF098,0.85
FIN.035,FIN.033,influences,OperatingCashFlow influences AdjustedNetIncome (from QF098),QF098,0.85
FIN.056,FIN.033,influences,AccountsReceivable influences AdjustedNetIncome (from QF098),QF098,0.85
FIN.033,FIN.034,influences,AdjustedNetIncome influences NonRecurringProfitRatio [derived: (FIN.030 - FIN.033) / FIN.030] (from QF098),QF098,0.75
FIN.033,FIN.030,influences,AdjustedNetIncome influences NetIncome (from QF098),QF098,0.75
FIN.033,FIN.035,influences,AdjustedNetIncome influences OperatingCashFlow (from QF098),QF098,0.75
FIN.033,FIN.056,influences,AdjustedNetIncome influences AccountsReceivable (from QF098),QF098,0.75
FIN.034,FIN.030,influences,NonRecurringProfitRatio [derived: (FIN.030 - FIN.033) / FIN.030] influences NetIncome (from QF098),QF098,0.75
FIN.034,FIN.035,influences,NonRecurringProfitRatio [derived: (FIN.030 - FIN.033) / FIN.030] influences OperatingCashFlow (from QF098),QF098,0.75
FIN.034,FIN.056,influences,NonRecurringProfitRatio [derived: (FIN.030 - FIN.033) / FIN.030] influences AccountsReceivable (from QF098),QF098,0.75
FIN.030,FIN.035,influences,NetIncome influences OperatingCashFlow (from QF098),QF098,0.75
FIN.030,FIN.056,influences,NetIncome influences AccountsReceivable (from QF098),QF098,0.75
FIN.035,FIN.056,influences,OperatingCashFlow influences AccountsReceivable (from QF098),QF098,0.75
FIN.030,FIN.033,correlates_with,NetIncome correlates_with AdjustedNetIncome (from QF099),QF099,0.75
FIN.030,FIN.034,correlates_with,NetIncome correlates_with NonRecurringProfitRatio [derived: (FIN.030 - FIN.033) / FIN.030] (from QF099),QF099,0.75
FIN.033,FIN.034,correlates_with,AdjustedNetIncome correlates_with NonRecurringProfitRatio [derived: (FIN.030 - FIN.033) / FIN.030] (from QF099),QF099,0.75
FIN.030,LEGAL.027,influences,NetIncome influences TaxExposure (from QF100),QF100,0.85
FIN.095,LEGAL.027,influences,RevenueForecast influences TaxExposure (from QF100),QF100,0.85
FIN.098,LEGAL.027,influences,NetIncomeForecast influences TaxExposure (from QF100),QF100,0.85
LEGAL.027,FIN.030,indicates_exposure_to,TaxExposure indicates_exposure_to NetIncome (from QF100),QF100,0.75
LEGAL.027,FIN.095,indicates_exposure_to,TaxExposure indicates_exposure_to RevenueForecast (from QF100),QF100,0.75
LEGAL.027,FIN.098,indicates_exposure_to,TaxExposure indicates_exposure_to NetIncomeForecast (from QF100),QF100,0.75
FIN.030,FIN.095,indicates_exposure_to,NetIncome indicates_exposure_to RevenueForecast (from QF100),QF100,0.75
FIN.030,FIN.098,indicates_exposure_to,NetIncome indicates_exposure_to NetIncomeForecast (from QF100),QF100,0.75
FIN.095,FIN.098,indicates_exposure_to,RevenueForecast indicates_exposure_to NetIncomeForecast (from QF100),QF100,0.75
CORP.036,CORP.041,linked_through,CORP.036 → CORP.021 → CORP.041 (linked by QF016 + QF003),QF016+QF003,0.65
CORP.036,CORP.030,linked_through,CORP.036 → CORP.021 → CORP.030 (linked by QF016 + QF003),QF016+QF003,0.65
CORP.043,CORP.041,linked_through,CORP.043 → CORP.021 → CORP.041 (linked by QF016 + QF003),QF016+QF003,0.65
CORP.043,CORP.030,linked_through,CORP.043 → CORP.021 → CORP.030 (linked by QF016 + QF003),QF016+QF003,0.65
CORP.036,CORP.036,linked_through,CORP.036 → CORP.021 → CORP.036 (linked by QF016 + QL016),QF016+QL016,0.65
CORP.036,CORP.043,linked_through,CORP.036 → CORP.021 → CORP.043 (linked by QF016 + QL016),QF016+QL016,0.65
CORP.043,CORP.036,linked_through,CORP.043 → CORP.021 → CORP.036 (linked by QF016 + QL016),QF016+QL016,0.65
CORP.043,CORP.043,linked_through,CORP.043 → CORP.021 → CORP.043 (linked by QF016 + QL016),QF016+QL016,0.65
CORP.036,CORP.022,linked_through,CORP.036 → CORP.021 → CORP.022 (linked by QF016 + QL002),QF016+QL002,0.65
CORP.036,CORP.027,linked_through,CORP.036 → CORP.021 → CORP.027 (linked by QF016 + QL002),QF016+QL002,0.65
CORP.036,CORP.026,linked_through,CORP.036 → CORP.021 → CORP.026 (linked by QF016 + QL002),QF016+QL002,0.65
CORP.036,CORP.023,linked_through,CORP.036 → CORP.021 → CORP.023 (linked by QF016 + QL002),QF016+QL002,0.65
CORP.036,CORP.029,linked_through,CORP.036 → CORP.021 → CORP.029 (linked by QF016 + QL002),QF016+QL002,0.65
CORP.036,CORP.028,linked_through,CORP.036 → CORP.021 → CORP.028 (linked by QF016 + QL002),QF016+QL002,0.65
CORP.036,CORP.025,linked_through,CORP.036 → CORP.021 → CORP.025 (linked by QF016 + QL002),QF016+QL002,0.65
CORP.043,CORP.022,linked_through,CORP.043 → CORP.021 → CORP.022 (linked by QF016 + QL002),QF016+QL002,0.65
CORP.043,CORP.027,linked_through,CORP.043 → CORP.021 → CORP.027 (linked by QF016 + QL002),QF016+QL002,0.65
CORP.043,CORP.026,linked_through,CORP.043 → CORP.021 → CORP.026 (linked by QF016 + QL002),QF016+QL002,0.65
CORP.043,CORP.023,linked_through,CORP.043 → CORP.021 → CORP.023 (linked by QF016 + QL002),QF016+QL002,0.65
CORP.043,CORP.029,linked_through,CORP.043 → CORP.021 → CORP.029 (linked by QF016 + QL002),QF016+QL002,0.65
CORP.043,CORP.028,linked_through,CORP.043 → CORP.021 → CORP.028 (linked by QF016 + QL002),QF016+QL002,0.65
CORP.043,CORP.025,linked_through,CORP.043 → CORP.021 → CORP.025 (linked by QF016 + QL002),QF016+QL002,0.65
CORP.036,TXN.006,linked_through,CORP.036 → CORP.021 → TXN.006 (linked by QF016 + QF079),QF016+QF079,0.65
CORP.036,TXN.024,linked_through,CORP.036 → CORP.021 → TXN.024 (linked by QF016 + QF079),QF016+QF079,0.65
CORP.043,TXN.006,linked_through,CORP.043 → CORP.021 → TXN.006 (linked by QF016 + QF079),QF016+QF079,0.65
CORP.043,TXN.024,linked_through,CORP.043 → CORP.021 → TXN.024 (linked by QF016 + QF079),QF016+QF079,0.65
CORP.041,CORP.036,linked_through,CORP.041 → CORP.021 → CORP.036 (linked by QF003 + QL016),QF003+QL016,0.65
CORP.041,CORP.043,linked_through,CORP.041 → CORP.021 → CORP.043 (linked by QF003 + QL016),QF003+QL016,0.65
CORP.030,CORP.036,linked_through,CORP.030 → CORP.021 → CORP.036 (linked by QF003 + QL016),QF003+QL016,0.65
CORP.030,CORP.043,linked_through,CORP.030 → CORP.021 → CORP.043 (linked by QF003 + QL016),QF003+QL016,0.65
CORP.041,CORP.022,linked_through,CORP.041 → CORP.021 → CORP.022 (linked by QF003 + QL002),QF003+QL002,0.65
CORP.041,CORP.027,linked_through,CORP.041 → CORP.021 → CORP.027 (linked by QF003 + QL002),QF003+QL002,0.65
CORP.041,CORP.030,linked_through,CORP.041 → CORP.021 → CORP.030 (linked by QF003 + QL002),QF003+QL002,0.65
CORP.041,CORP.026,linked_through,CORP.041 → CORP.021 → CORP.026 (linked by QF003 + QL002),QF003+QL002,0.65
CORP.041,CORP.023,linked_through,CORP.041 → CORP.021 → CORP.023 (linked by QF003 + QL002),QF003+QL002,0.65
CORP.041,CORP.029,linked_through,CORP.041 → CORP.021 → CORP.029 (linked by QF003 + QL002),QF003+QL002,0.65
CORP.041,CORP.028,linked_through,CORP.041 → CORP.021 → CORP.028 (linked by QF003 + QL002),QF003+QL002,0.65
CORP.041,CORP.025,linked_through,CORP.041 → CORP.021 → CORP.025 (linked by QF003 + QL002),QF003+QL002,0.65
CORP.030,CORP.022,linked_through,CORP.030 → CORP.021 → CORP.022 (linked by QF003 + QL002),QF003+QL002,0.65
CORP.030,CORP.027,linked_through,CORP.030 → CORP.021 → CORP.027 (linked by QF003 + QL002),QF003+QL002,0.65
CORP.030,CORP.030,linked_through,CORP.030 → CORP.021 → CORP.030 (linked by QF003 + QL002),QF003+QL002,0.65
CORP.030,CORP.026,linked_through,CORP.030 → CORP.021 → CORP.026 (linked by QF003 + QL002),QF003+QL002,0.65
CORP.030,CORP.023,linked_through,CORP.030 → CORP.021 → CORP.023 (linked by QF003 + QL002),QF003+QL002,0.65
CORP.030,CORP.029,linked_through,CORP.030 → CORP.021 → CORP.029 (linked by QF003 + QL002),QF003+QL002,0.65
CORP.030,CORP.028,linked_through,CORP.030 → CORP.021 → CORP.028 (linked by QF003 + QL002),QF003+QL002,0.65
CORP.030,CORP.025,linked_through,CORP.030 → CORP.021 → CORP.025 (linked by QF003 + QL002),QF003+QL002,0.65
CORP.041,TXN.006,linked_through,CORP.041 → CORP.021 → TXN.006 (linked by QF003 + QF079),QF003+QF079,0.65
CORP.041,TXN.024,linked_through,CORP.041 → CORP.021 → TXN.024 (linked by QF003 + QF079),QF003+QF079,0.65
CORP.030,TXN.006,linked_through,CORP.030 → CORP.021 → TXN.006 (linked by QF003 + QF079),QF003+QF079,0.65
CORP.030,TXN.024,linked_through,CORP.030 → CORP.021 → TXN.024 (linked by QF003 + QF079),QF003+QF079,0.65
CORP.041,CORP.041,linked_through,CORP.041 → CORP.021 → CORP.041 (linked by QF003 + QL003),QF003+QL003,0.65
CORP.030,CORP.041,linked_through,CORP.030 → CORP.021 → CORP.041 (linked by QF003 + QL003),QF003+QL003,0.65
CORP.022,TXN.006,linked_through,CORP.022 → CORP.021 → TXN.006 (linked by QL002 + QF079),QL002+QF079,0.65
CORP.022,CORP.030,linked_through,CORP.022 → CORP.021 → CORP.030 (linked by QL002 + QF079),QL002+QF079,0.65
CORP.022,TXN.024,linked_through,CORP.022 → CORP.021 → TXN.024 (linked by QL002 + QF079),QL002+QF079,0.65
CORP.027,TXN.006,linked_through,CORP.027 → CORP.021 → TXN.006 (linked by QL002 + QF079),QL002+QF079,0.65
CORP.027,CORP.030,linked_through,CORP.027 → CORP.021 → CORP.030 (linked by QL002 + QF079),QL002+QF079,0.65
CORP.027,TXN.024,linked_through,CORP.027 → CORP.021 → TXN.024 (linked by QL002 + QF079),QL002+QF079,0.65
CORP.026,TXN.006,linked_through,CORP.026 → CORP.021 → TXN.006 (linked by QL002 + QF079),QL002+QF079,0.65
CORP.026,CORP.030,linked_through,CORP.026 → CORP.021 → CORP.030 (linked by QL002 + QF079),QL002+QF079,0.65
CORP.026,TXN.024,linked_through,CORP.026 → CORP.021 → TXN.024 (linked by QL002 + QF079),QL002+QF079,0.65
CORP.023,TXN.006,linked_through,CORP.023 → CORP.021 → TXN.006 (linked by QL002 + QF079),QL002+QF079,0.65
CORP.023,CORP.030,linked_through,CORP.023 → CORP.021 → CORP.030 (linked by QL002 + QF079),QL002+QF079,0.65
CORP.023,TXN.024,linked_through,CORP.023 → CORP.021 → TXN.024 (linked by QL002 + QF079),QL002+QF079,0.65
CORP.029,TXN.006,linked_through,CORP.029 → CORP.021 → TXN.006 (linked by QL002 + QF079),QL002+QF079,0.65
CORP.029,CORP.030,linked_through,CORP.029 → CORP.021 → CORP.030 (linked by QL002 + QF079),QL002+QF079,0.65
CORP.029,TXN.024,linked_through,CORP.029 → CORP.021 → TXN.024 (linked by QL002 + QF079),QL002+QF079,0.65
CORP.028,TXN.006,linked_through,CORP.028 → CORP.021 → TXN.006 (linked by QL002 + QF079),QL002+QF079,0.65
CORP.028,CORP.030,linked_through,CORP.028 → CORP.021 → CORP.030 (linked by QL002 + QF079),QL002+QF079,0.65
CORP.028,TXN.024,linked_through,CORP.028 → CORP.021 → TXN.024 (linked by QL002 + QF079),QL002+QF079,0.65
CORP.025,TXN.006,linked_through,CORP.025 → CORP.021 → TXN.006 (linked by QL002 + QF079),QL002+QF079,0.65
CORP.025,CORP.030,linked_through,CORP.025 → CORP.021 → CORP.030 (linked by QL002 + QF079),QL002+QF079,0.65
CORP.025,TXN.024,linked_through,CORP.025 → CORP.021 → TXN.024 (linked by QL002 + QF079),QL002+QF079,0.65
CORP.022,CORP.022,linked_through,CORP.022 → CORP.021 → CORP.022 (linked by QL002 + QF002),QL002+QF002,0.65
CORP.022,CORP.027,linked_through,CORP.022 → CORP.021 → CORP.027 (linked by QL002 + QF002),QL002+QF002,0.65
CORP.022,CORP.026,linked_through,CORP.022 → CORP.021 → CORP.026 (linked by QL002 + QF002),QL002+QF002,0.65
CORP.022,CORP.023,linked_through,CORP.022 → CORP.021 → CORP.023 (linked by QL002 + QF002),QL002+QF002,0.65
CORP.022,CORP.029,linked_through,CORP.022 → CORP.021 → CORP.029 (linked by QL002 + QF002),QL002+QF002,0.65
CORP.022,CORP.028,linked_through,CORP.022 → CORP.021 → CORP.028 (linked by QL002 + QF002),QL002+QF002,0.65
CORP.022,CORP.025,linked_through,CORP.022 → CORP.021 → CORP.025 (linked by QL002 + QF002),QL002+QF002,0.65
CORP.027,CORP.022,linked_through,CORP.027 → CORP.021 → CORP.022 (linked by QL002 + QF002),QL002+QF002,0.65
CORP.027,CORP.027,linked_through,CORP.027 → CORP.021 → CORP.027 (linked by QL002 + QF002),QL002+QF002,0.65
CORP.027,CORP.026,linked_through,CORP.027 → CORP.021 → CORP.026 (linked by QL002 + QF002),QL002+QF002,0.65
CORP.027,CORP.023,linked_through,CORP.027 → CORP.021 → CORP.023 (linked by QL002 + QF002),QL002+QF002,0.65
CORP.027,CORP.029,linked_through,CORP.027 → CORP.021 → CORP.029 (linked by QL002 + QF002),QL002+QF002,0.65
CORP.027,CORP.028,linked_through,CORP.027 → CORP.021 → CORP.028 (linked by QL002 + QF002),QL002+QF002,0.65
CORP.027,CORP.025,linked_through,CORP.027 → CORP.021 → CORP.025 (linked by QL002 + QF002),QL002+QF002,0.65
CORP.026,CORP.022,linked_through,CORP.026 → CORP.021 → CORP.022 (linked by QL002 + QF002),QL002+QF002,0.65
CORP.026,CORP.027,linked_through,CORP.026 → CORP.021 → CORP.027 (linked by QL002 + QF002),QL002+QF002,0.65
CORP.026,CORP.026,linked_through,CORP.026 → CORP.021 → CORP.026 (linked by QL002 + QF002),QL002+QF002,0.65
CORP.026,CORP.023,linked_through,CORP.026 → CORP.021 → CORP.023 (linked by QL002 + QF002),QL002+QF002,0.65
CORP.026,CORP.029,linked_through,CORP.026 → CORP.021 → CORP.029 (linked by QL002 + QF002),QL002+QF002,0.65
CORP.026,CORP.028,linked_through,CORP.026 → CORP.021 → CORP.028 (linked by QL002 + QF002),QL002+QF002,0.65
CORP.026,CORP.025,linked_through,CORP.026 → CORP.021 → CORP.025 (linked by QL002 + QF002),QL002+QF002,0.65
CORP.023,CORP.022,linked_through,CORP.023 → CORP.021 → CORP.022 (linked by QL002 + QF002),QL002+QF002,0.65
CORP.023,CORP.027,linked_through,CORP.023 → CORP.021 → CORP.027 (linked by QL002 + QF002),QL002+QF002,0.65
CORP.023,CORP.026,linked_through,CORP.023 → CORP.021 → CORP.026 (linked by QL002 + QF002),QL002+QF002,0.65
CORP.023,CORP.023,linked_through,CORP.023 → CORP.021 → CORP.023 (linked by QL002 + QF002),QL002+QF002,0.65
CORP.023,CORP.029,linked_through,CORP.023 → CORP.021 → CORP.029 (linked by QL002 + QF002),QL002+QF002,0.65
CORP.023,CORP.028,linked_through,CORP.023 → CORP.021 → CORP.028 (linked by QL002 + QF002),QL002+QF002,0.65
CORP.023,CORP.025,linked_through,CORP.023 → CORP.021 → CORP.025 (linked by QL002 + QF002),QL002+QF002,0.65
CORP.029,CORP.022,linked_through,CORP.029 → CORP.021 → CORP.022 (linked by QL002 + QF002),QL002+QF002,0.65
CORP.029,CORP.027,linked_through,CORP.029 → CORP.021 → CORP.027 (linked by QL002 + QF002),QL002+QF002,0.65
CORP.029,CORP.026,linked_through,CORP.029 → CORP.021 → CORP.026 (linked by QL002 + QF002),QL002+QF002,0.65
CORP.029,CORP.023,linked_through,CORP.029 → CORP.021 → CORP.023 (linked by QL002 + QF002),QL002+QF002,0.65
CORP.029,CORP.029,linked_through,CORP.029 → CORP.021 → CORP.029 (linked by QL002 + QF002),QL002+QF002,0.65
CORP.029,CORP.028,linked_through,CORP.029 → CORP.021 → CORP.028 (linked by QL002 + QF002),QL002+QF002,0.65
CORP.029,CORP.025,linked_through,CORP.029 → CORP.021 → CORP.025 (linked by QL002 + QF002),QL002+QF002,0.65
CORP.028,CORP.022,linked_through,CORP.028 → CORP.021 → CORP.022 (linked by QL002 + QF002),QL002+QF002,0.65
CORP.028,CORP.027,linked_through,CORP.028 → CORP.021 → CORP.027 (linked by QL002 + QF002),QL002+QF002,0.65
CORP.028,CORP.026,linked_through,CORP.028 → CORP.021 → CORP.026 (linked by QL002 + QF002),QL002+QF002,0.65
CORP.028,CORP.023,linked_through,CORP.028 → CORP.021 → CORP.023 (linked by QL002 + QF002),QL002+QF002,0.65
CORP.028,CORP.029,linked_through,CORP.028 → CORP.021 → CORP.029 (linked by QL002 + QF002),QL002+QF002,0.65
CORP.028,CORP.028,linked_through,CORP.028 → CORP.021 → CORP.028 (linked by QL002 + QF002),QL002+QF002,0.65
CORP.028,CORP.025,linked_through,CORP.028 → CORP.021 → CORP.025 (linked by QL002 + QF002),QL002+QF002,0.65
CORP.025,CORP.022,linked_through,CORP.025 → CORP.021 → CORP.022 (linked by QL002 + QF002),QL002+QF002,0.65
CORP.025,CORP.027,linked_through,CORP.025 → CORP.021 → CORP.027 (linked by QL002 + QF002),QL002+QF002,0.65
CORP.025,CORP.026,linked_through,CORP.025 → CORP.021 → CORP.026 (linked by QL002 + QF002),QL002+QF002,0.65
CORP.025,CORP.023,linked_through,CORP.025 → CORP.021 → CORP.023 (linked by QL002 + QF002),QL002+QF002,0.65
CORP.025,CORP.029,linked_through,CORP.025 → CORP.021 → CORP.029 (linked by QL002 + QF002),QL002+QF002,0.65
CORP.025,CORP.028,linked_through,CORP.025 → CORP.021 → CORP.028 (linked by QL002 + QF002),QL002+QF002,0.65
CORP.025,CORP.025,linked_through,CORP.025 → CORP.021 → CORP.025 (linked by QL002 + QF002),QL002+QF002,0.65
CORP.022,CORP.041,linked_through,CORP.022 → CORP.021 → CORP.041 (linked by QL002 + QL003),QL002+QL003,0.65
CORP.027,CORP.041,linked_through,CORP.027 → CORP.021 → CORP.041 (linked by QL002 + QL003),QL002+QL003,0.65
CORP.026,CORP.041,linked_through,CORP.026 → CORP.021 → CORP.041 (linked by QL002 + QL003),QL002+QL003,0.65
CORP.023,CORP.041,linked_through,CORP.023 → CORP.021 → CORP.041 (linked by QL002 + QL003),QL002+QL003,0.65
CORP.029,CORP.041,linked_through,CORP.029 → CORP.021 → CORP.041 (linked by QL002 + QL003),QL002+QL003,0.65
CORP.028,CORP.041,linked_through,CORP.028 → CORP.021 → CORP.041 (linked by QL002 + QL003),QL002+QL003,0.65
CORP.025,CORP.041,linked_through,CORP.025 → CORP.021 → CORP.041 (linked by QL002 + QL003),QL002+QL003,0.65
TXN.006,CORP.022,linked_through,TXN.006 → CORP.021 → CORP.022 (linked by QF079 + QF002),QF079+QF002,0.65
TXN.006,CORP.027,linked_through,TXN.006 → CORP.021 → CORP.027 (linked by QF079 + QF002),QF079+QF002,0.65
TXN.006,CORP.030,linked_through,TXN.006 → CORP.021 → CORP.030 (linked by QF079 + QF002),QF079+QF002,0.65
TXN.006,CORP.026,linked_through,TXN.006 → CORP.021 → CORP.026 (linked by QF079 + QF002),QF079+QF002,0.65
TXN.006,CORP.023,linked_through,TXN.006 → CORP.021 → CORP.023 (linked by QF079 + QF002),QF079+QF002,0.65
TXN.006,CORP.029,linked_through,TXN.006 → CORP.021 → CORP.029 (linked by QF079 + QF002),QF079+QF002,0.65
TXN.006,CORP.028,linked_through,TXN.006 → CORP.021 → CORP.028 (linked by QF079 + QF002),QF079+QF002,0.65
TXN.006,CORP.025,linked_through,TXN.006 → CORP.021 → CORP.025 (linked by QF079 + QF002),QF079+QF002,0.65
TXN.024,CORP.022,linked_through,TXN.024 → CORP.021 → CORP.022 (linked by QF079 + QF002),QF079+QF002,0.65
TXN.024,CORP.027,linked_through,TXN.024 → CORP.021 → CORP.027 (linked by QF079 + QF002),QF079+QF002,0.65
TXN.024,CORP.030,linked_through,TXN.024 → CORP.021 → CORP.030 (linked by QF079 + QF002),QF079+QF002,0.65
TXN.024,CORP.026,linked_through,TXN.024 → CORP.021 → CORP.026 (linked by QF079 + QF002),QF079+QF002,0.65
TXN.024,CORP.023,linked_through,TXN.024 → CORP.021 → CORP.023 (linked by QF079 + QF002),QF079+QF002,0.65
TXN.024,CORP.029,linked_through,TXN.024 → CORP.021 → CORP.029 (linked by QF079 + QF002),QF079+QF002,0.65
TXN.024,CORP.028,linked_through,TXN.024 → CORP.021 → CORP.028 (linked by QF079 + QF002),QF079+QF002,0.65
TXN.024,CORP.025,linked_through,TXN.024 → CORP.021 → CORP.025 (linked by QF079 + QF002),QF079+QF002,0.65
TXN.006,CORP.041,linked_through,TXN.006 → CORP.021 → CORP.041 (linked by QF079 + QL003),QF079+QL003,0.65
TXN.024,CORP.041,linked_through,TXN.024 → CORP.021 → CORP.041 (linked by QF079 + QL003),QF079+QL003,0.65
TXN.006,TXN.006,linked_through,TXN.006 → CORP.021 → TXN.006 (linked by QF079 + QL079),QF079+QL079,0.65
TXN.006,TXN.024,linked_through,TXN.006 → CORP.021 → TXN.024 (linked by QF079 + QL079),QF079+QL079,0.65
TXN.024,TXN.006,linked_through,TXN.024 → CORP.021 → TXN.006 (linked by QF079 + QL079),QF079+QL079,0.65
TXN.024,TXN.024,linked_through,TXN.024 → CORP.021 → TXN.024 (linked by QF079 + QL079),QF079+QL079,0.65
CORP.021,CORP.021,linked_through,CORP.021 → CORP.022 → CORP.021 (linked by QL002 + QF002),QL002+QF002,0.65
CORP.021,CORP.027,linked_through,CORP.021 → CORP.022 → CORP.027 (linked by QL002 + QF002),QL002+QF002,0.65
CORP.021,CORP.030,linked_through,CORP.021 → CORP.022 → CORP.030 (linked by QL002 + QF002),QL002+QF002,0.65
CORP.021,CORP.026,linked_through,CORP.021 → CORP.022 → CORP.026 (linked by QL002 + QF002),QL002+QF002,0.65
CORP.021,CORP.023,linked_through,CORP.021 → CORP.022 → CORP.023 (linked by QL002 + QF002),QL002+QF002,0.65
CORP.021,CORP.029,linked_through,CORP.021 → CORP.022 → CORP.029 (linked by QL002 + QF002),QL002+QF002,0.65
CORP.021,CORP.028,linked_through,CORP.021 → CORP.022 → CORP.028 (linked by QL002 + QF002),QL002+QF002,0.65
CORP.021,CORP.025,linked_through,CORP.021 → CORP.022 → CORP.025 (linked by QL002 + QF002),QL002+QF002,0.65
CORP.027,CORP.021,linked_through,CORP.027 → CORP.022 → CORP.021 (linked by QL002 + QF002),QL002+QF002,0.65
CORP.030,CORP.021,linked_through,CORP.030 → CORP.022 → CORP.021 (linked by QL002 + QF002),QL002+QF002,0.65
CORP.026,CORP.021,linked_through,CORP.026 → CORP.022 → CORP.021 (linked by QL002 + QF002),QL002+QF002,0.65
CORP.023,CORP.021,linked_through,CORP.023 → CORP.022 → CORP.021 (linked by QL002 + QF002),QL002+QF002,0.65
CORP.029,CORP.021,linked_through,CORP.029 → CORP.022 → CORP.021 (linked by QL002 + QF002),QL002+QF002,0.65
CORP.028,CORP.021,linked_through,CORP.028 → CORP.022 → CORP.021 (linked by QL002 + QF002),QL002+QF002,0.65
CORP.025,CORP.021,linked_through,CORP.025 → CORP.022 → CORP.021 (linked by QL002 + QF002),QL002+QF002,0.65
CORP.021,CORP.022,linked_through,CORP.021 → CORP.023 → CORP.022 (linked by QL002 + QF002),QL002+QF002,0.65
CORP.022,CORP.021,linked_through,CORP.022 → CORP.023 → CORP.021 (linked by QL002 + QF002),QL002+QF002,0.65
CORP.041,CORP.021,linked_through,CORP.041 → CORP.030 → CORP.021 (linked by QF003 + QL002),QF003+QL002,0.65
CORP.041,CORP.012,linked_through,CORP.041 → CORP.030 → CORP.012 (linked by QF003 + QL005),QF003+QL005,0.65
CORP.041,CORP.013,linked_through,CORP.041 → CORP.030 → CORP.013 (linked by QF003 + QL005),QF003+QL005,0.65
CORP.021,CORP.012,linked_through,CORP.021 → CORP.030 → CORP.012 (linked by QF003 + QL005),QF003+QL005,0.65
CORP.021,CORP.013,linked_through,CORP.021 → CORP.030 → CORP.013 (linked by QF003 + QL005),QF003+QL005,0.65
CORP.021,TXN.006,linked_through,CORP.021 → CORP.030 → TXN.006 (linked by QF003 + QF079),QF003+QF079,0.65
CORP.021,TXN.024,linked_through,CORP.021 → CORP.030 → TXN.024 (linked by QF003 + QF079),QF003+QF079,0.65
CORP.021,CORP.041,linked_through,CORP.021 → CORP.030 → CORP.041 (linked by QF003 + QL003),QF003+QL003,0.65
CORP.022,CORP.012,linked_through,CORP.022 → CORP.030 → CORP.012 (linked by QL002 + QL005),QL002+QL005,0.65
CORP.022,CORP.013,linked_through,CORP.022 → CORP.030 → CORP.013 (linked by QL002 + QL005),QL002+QL005,0.65
CORP.027,CORP.012,linked_through,CORP.027 → CORP.030 → CORP.012 (linked by QL002 + QL005),QL002+QL005,0.65
CORP.027,CORP.013,linked_through,CORP.027 → CORP.030 → CORP.013 (linked by QL002 + QL005),QL002+QL005,0.65
CORP.026,CORP.012,linked_through,CORP.026 → CORP.030 → CORP.012 (linked by QL002 + QL005),QL002+QL005,0.65
CORP.026,CORP.013,linked_through,CORP.026 → CORP.030 → CORP.013 (linked by QL002 + QL005),QL002+QL005,0.65
CORP.023,CORP.012,linked_through,CORP.023 → CORP.030 → CORP.012 (linked by QL002 + QL005),QL002+QL005,0.65
CORP.023,CORP.013,linked_through,CORP.023 → CORP.030 → CORP.013 (linked by QL002 + QL005),QL002+QL005,0.65
CORP.029,CORP.012,linked_through,CORP.029 → CORP.030 → CORP.012 (linked by QL002 + QL005),QL002+QL005,0.65
CORP.029,CORP.013,linked_through,CORP.029 → CORP.030 → CORP.013 (linked by QL002 + QL005),QL002+QL005,0.65
CORP.028,CORP.012,linked_through,CORP.028 → CORP.030 → CORP.012 (linked by QL002 + QL005),QL002+QL005,0.65
CORP.028,CORP.013,linked_through,CORP.028 → CORP.030 → CORP.013 (linked by QL002 + QL005),QL002+QL005,0.65
CORP.025,CORP.012,linked_through,CORP.025 → CORP.030 → CORP.012 (linked by QL002 + QL005),QL002+QL005,0.65
CORP.025,CORP.013,linked_through,CORP.025 → CORP.030 → CORP.013 (linked by QL002 + QL005),QL002+QL005,0.65
CORP.012,TXN.006,linked_through,CORP.012 → CORP.030 → TXN.006 (linked by QL005 + QF079),QL005+QF079,0.65
CORP.012,CORP.021,linked_through,CORP.012 → CORP.030 → CORP.021 (linked by QL005 + QF079),QL005+QF079,0.65
CORP.012,TXN.024,linked_through,CORP.012 → CORP.030 → TXN.024 (linked by QL005 + QF079),QL005+QF079,0.65
CORP.013,TXN.006,linked_through,CORP.013 → CORP.030 → TXN.006 (linked by QL005 + QF079),QL005+QF079,0.65
CORP.013,CORP.021,linked_through,CORP.013 → CORP.030 → CORP.021 (linked by QL005 + QF079),QL005+QF079,0.65
CORP.013,TXN.024,linked_through,CORP.013 → CORP.030 → TXN.024 (linked by QL005 + QF079),QL005+QF079,0.65
CORP.012,CORP.022,linked_through,CORP.012 → CORP.030 → CORP.022 (linked by QL005 + QF002),QL005+QF002,0.65
CORP.012,CORP.027,linked_through,CORP.012 → CORP.030 → CORP.027 (linked by QL005 + QF002),QL005+QF002,0.65
CORP.012,CORP.026,linked_through,CORP.012 → CORP.030 → CORP.026 (linked by QL005 + QF002),QL005+QF002,0.65
CORP.012,CORP.023,linked_through,CORP.012 → CORP.030 → CORP.023 (linked by QL005 + QF002),QL005+QF002,0.65
CORP.012,CORP.029,linked_through,CORP.012 → CORP.030 → CORP.029 (linked by QL005 + QF002),QL005+QF002,0.65
CORP.012,CORP.028,linked_through,CORP.012 → CORP.030 → CORP.028 (linked by QL005 + QF002),QL005+QF002,0.65
CORP.012,CORP.025,linked_through,CORP.012 → CORP.030 → CORP.025 (linked by QL005 + QF002),QL005+QF002,0.65
CORP.013,CORP.022,linked_through,CORP.013 → CORP.030 → CORP.022 (linked by QL005 + QF002),QL005+QF002,0.65
CORP.013,CORP.027,linked_through,CORP.013 → CORP.030 → CORP.027 (linked by QL005 + QF002),QL005+QF002,0.65
CORP.013,CORP.026,linked_through,CORP.013 → CORP.030 → CORP.026 (linked by QL005 + QF002),QL005+QF002,0.65
CORP.013,CORP.023,linked_through,CORP.013 → CORP.030 → CORP.023 (linked by QL005 + QF002),QL005+QF002,0.65
CORP.013,CORP.029,linked_through,CORP.013 → CORP.030 → CORP.029 (linked by QL005 + QF002),QL005+QF002,0.65
CORP.013,CORP.028,linked_through,CORP.013 → CORP.030 → CORP.028 (linked by QL005 + QF002),QL005+QF002,0.65
CORP.013,CORP.025,linked_through,CORP.013 → CORP.030 → CORP.025 (linked by QL005 + QF002),QL005+QF002,0.65
CORP.012,CORP.041,linked_through,CORP.012 → CORP.030 → CORP.041 (linked by QL005 + QL003),QL005+QL003,0.65
CORP.013,CORP.041,linked_through,CORP.013 → CORP.030 → CORP.041 (linked by QL005 + QL003),QL005+QL003,0.65
CORP.012,CORP.012,linked_through,CORP.012 → CORP.030 → CORP.012 (linked by QL005 + QF005),QL005+QF005,0.65
CORP.012,CORP.013,linked_through,CORP.012 → CORP.030 → CORP.013 (linked by QL005 + QF005),QL005+QF005,0.65
CORP.013,CORP.012,linked_through,CORP.013 → CORP.030 → CORP.012 (linked by QL005 + QF005),QL005+QF005,0.65
CORP.013,CORP.013,linked_through,CORP.013 → CORP.030 → CORP.013 (linked by QL005 + QF005),QL005+QF005,0.65
TXN.006,CORP.021,linked_through,TXN.006 → CORP.030 → CORP.021 (linked by QF079 + QF002),QF079+QF002,0.65
TXN.024,CORP.021,linked_through,TXN.024 → CORP.030 → CORP.021 (linked by QF079 + QF002),QF079+QF002,0.65
TXN.006,CORP.012,linked_through,TXN.006 → CORP.030 → CORP.012 (linked by QF079 + QF005),QF079+QF005,0.65
TXN.006,CORP.013,linked_through,TXN.006 → CORP.030 → CORP.013 (linked by QF079 + QF005),QF079+QF005,0.65
TXN.024,CORP.012,linked_through,TXN.024 → CORP.030 → CORP.012 (linked by QF079 + QF005),QF079+QF005,0.65
TXN.024,CORP.013,linked_through,TXN.024 → CORP.030 → CORP.013 (linked by QF079 + QF005),QF079+QF005,0.65
LEGAL.032,LEGAL.032,linked_through,LEGAL.032 → CORP.012 → LEGAL.032 (linked by QL004 + QF004),QL004+QF004,0.65
LEGAL.032,CORP.019,linked_through,LEGAL.032 → CORP.012 → CORP.019 (linked by QL004 + QF004),QL004+QF004,0.65
LEGAL.032,CORP.035,linked_through,LEGAL.032 → CORP.012 → CORP.035 (linked by QL004 + QF004),QL004+QF004,0.65
CORP.019,LEGAL.032,linked_through,CORP.019 → CORP.012 → LEGAL.032 (linked by QL004 + QF004),QL004+QF004,0.65
CORP.019,CORP.019,linked_through,CORP.019 → CORP.012 → CORP.019 (linked by QL004 + QF004),QL004+QF004,0.65
CORP.019,CORP.035,linked_through,CORP.019 → CORP.012 → CORP.035 (linked by QL004 + QF004),QL004+QF004,0.65
CORP.035,LEGAL.032,linked_through,CORP.035 → CORP.012 → LEGAL.032 (linked by QL004 + QF004),QL004+QF004,0.65
CORP.035,CORP.019,linked_through,CORP.035 → CORP.012 → CORP.019 (linked by QL004 + QF004),QL004+QF004,0.65
CORP.035,CORP.035,linked_through,CORP.035 → CORP.012 → CORP.035 (linked by QL004 + QF004),QL004+QF004,0.65
LEGAL.032,CORP.013,linked_through,LEGAL.032 → CORP.012 → CORP.013 (linked by QL004 + QL005),QL004+QL005,0.65
LEGAL.032,CORP.030,linked_through,LEGAL.032 → CORP.012 → CORP.030 (linked by QL004 + QL005),QL004+QL005,0.65
CORP.019,CORP.013,linked_through,CORP.019 → CORP.012 → CORP.013 (linked by QL004 + QL005),QL004+QL005,0.65
CORP.019,CORP.030,linked_through,CORP.019 → CORP.012 → CORP.030 (linked by QL004 + QL005),QL004+QL005,0.65
CORP.035,CORP.013,linked_through,CORP.035 → CORP.012 → CORP.013 (linked by QL004 + QL005),QL004+QL005,0.65
CORP.035,CORP.030,linked_through,CORP.035 → CORP.012 → CORP.030 (linked by QL004 + QL005),QL004+QL005,0.65
LEGAL.032,TXN.006,linked_through,LEGAL.032 → CORP.012 → TXN.006 (linked by QL004 + QF075),QL004+QF075,0.65
LEGAL.032,TXN.001,linked_through,LEGAL.032 → CORP.012 → TXN.001 (linked by QL004 + QF075),QL004+QF075,0.65
CORP.019,TXN.006,linked_through,CORP.019 → CORP.012 → TXN.006 (linked by QL004 + QF075),QL004+QF075,0.65
CORP.019,TXN.001,linked_through,CORP.019 → CORP.012 → TXN.001 (linked by QL004 + QF075),QL004+QF075,0.65
CORP.035,TXN.006,linked_through,CORP.035 → CORP.012 → TXN.006 (linked by QL004 + QF075),QL004+QF075,0.65
CORP.035,TXN.001,linked_through,CORP.035 → CORP.012 → TXN.001 (linked by QL004 + QF075),QL004+QF075,0.65
CORP.013,TXN.001,linked_through,CORP.013 → CORP.012 → TXN.001 (linked by QL005 + QF075),QL005+QF075,0.65
CORP.030,TXN.001,linked_through,CORP.030 → CORP.012 → TXN.001 (linked by QL005 + QF075),QL005+QF075,0.65
CORP.030,CORP.013,linked_through,CORP.030 → CORP.012 → CORP.013 (linked by QL005 + QF075),QL005+QF075,0.65
CORP.013,CORP.030,linked_through,CORP.013 → CORP.012 → CORP.030 (linked by QL005 + QF005),QL005+QF005,0.65
TXN.001,CORP.013,linked_through,TXN.001 → CORP.012 → CORP.013 (linked by QF075 + QF005),QF075+QF005,0.65
TXN.001,CORP.030,linked_through,TXN.001 → CORP.012 → CORP.030 (linked by QF075 + QF005),QF075+QF005,0.65
TXN.006,TXN.001,linked_through,TXN.006 → CORP.012 → TXN.001 (linked by QF075 + QL075),QF075+QL075,0.65
TXN.001,TXN.006,linked_through,TXN.001 → CORP.012 → TXN.006 (linked by QF075 + QL075),QF075+QL075,0.65
TXN.001,TXN.001,linked_through,TXN.001 → CORP.012 → TXN.001 (linked by QF075 + QL075),QF075+QL075,0.65
CORP.012,LEGAL.032,linked_through,CORP.012 → CORP.019 → LEGAL.032 (linked by QL004 + QF004),QL004+QF004,0.65
CORP.012,CORP.035,linked_through,CORP.012 → CORP.019 → CORP.035 (linked by QL004 + QF004),QL004+QF004,0.65
LEGAL.032,CORP.012,linked_through,LEGAL.032 → CORP.019 → CORP.012 (linked by QL004 + QF004),QL004+QF004,0.65
CORP.035,CORP.012,linked_through,CORP.035 → CORP.019 → CORP.012 (linked by QL004 + QF004),QL004+QF004,0.65
CORP.012,CORP.019,linked_through,CORP.012 → CORP.035 → CORP.019 (linked by QL004 + QF004),QL004+QF004,0.65
CORP.019,CORP.012,linked_through,CORP.019 → CORP.035 → CORP.012 (linked by QL004 + QF004),QL004+QF004,0.65
CORP.012,MGMT.021,linked_through,CORP.012 → LEGAL.032 → MGMT.021 (linked by QL004 + QF072),QL004+QF072,0.65
CORP.012,ESG.018,linked_through,CORP.012 → LEGAL.032 → ESG.018 (linked by QL004 + QF072),QL004+QF072,0.65
CORP.019,MGMT.021,linked_through,CORP.019 → LEGAL.032 → MGMT.021 (linked by QL004 + QF072),QL004+QF072,0.65
CORP.019,ESG.018,linked_through,CORP.019 → LEGAL.032 → ESG.018 (linked by QL004 + QF072),QL004+QF072,0.65
CORP.035,MGMT.021,linked_through,CORP.035 → LEGAL.032 → MGMT.021 (linked by QL004 + QF072),QL004+QF072,0.65
CORP.035,ESG.018,linked_through,CORP.035 → LEGAL.032 → ESG.018 (linked by QL004 + QF072),QL004+QF072,0.65
MGMT.021,MGMT.021,linked_through,MGMT.021 → LEGAL.032 → MGMT.021 (linked by QF072 + QL072),QF072+QL072,0.65
MGMT.021,ESG.018,linked_through,MGMT.021 → LEGAL.032 → ESG.018 (linked by QF072 + QL072),QF072+QL072,0.65
ESG.018,MGMT.021,linked_through,ESG.018 → LEGAL.032 → MGMT.021 (linked by QF072 + QL072),QF072+QL072,0.65
ESG.018,ESG.018,linked_through,ESG.018 → LEGAL.032 → ESG.018 (linked by QF072 + QL072),QF072+QL072,0.65
TXN.017,TXN.017,linked_through,TXN.017 → CORP.013 → TXN.017 (linked by QL006 + QF006),QL006+QF006,0.65
TXN.017,TXN.003,linked_through,TXN.017 → CORP.013 → TXN.003 (linked by QL006 + QF006),QL006+QF006,0.65
TXN.017,CORP.014,linked_through,TXN.017 → CORP.013 → CORP.014 (linked by QL006 + QF006),QL006+QF006,0.65
TXN.017,CORP.015,linked_through,TXN.017 → CORP.013 → CORP.015 (linked by QL006 + QF006),QL006+QF006,0.65
TXN.003,TXN.017,linked_through,TXN.003 → CORP.013 → TXN.017 (linked by QL006 + QF006),QL006+QF006,0.65
TXN.003,TXN.003,linked_through,TXN.003 → CORP.013 → TXN.003 (linked by QL006 + QF006),QL006+QF006,0.65
TXN.003,CORP.014,linked_through,TXN.003 → CORP.013 → CORP.014 (linked by QL006 + QF006),QL006+QF006,0.65
TXN.003,CORP.015,linked_through,TXN.003 → CORP.013 → CORP.015 (linked by QL006 + QF006),QL006+QF006,0.65
CORP.014,TXN.017,linked_through,CORP.014 → CORP.013 → TXN.017 (linked by QL006 + QF006),QL006+QF006,0.65
CORP.014,TXN.003,linked_through,CORP.014 → CORP.013 → TXN.003 (linked by QL006 + QF006),QL006+QF006,0.65
CORP.014,CORP.014,linked_through,CORP.014 → CORP.013 → CORP.014 (linked by QL006 + QF006),QL006+QF006,0.65
CORP.014,CORP.015,linked_through,CORP.014 → CORP.013 → CORP.015 (linked by QL006 + QF006),QL006+QF006,0.65
CORP.015,TXN.017,linked_through,CORP.015 → CORP.013 → TXN.017 (linked by QL006 + QF006),QL006+QF006,0.65
CORP.015,TXN.003,linked_through,CORP.015 → CORP.013 → TXN.003 (linked by QL006 + QF006),QL006+QF006,0.65
CORP.015,CORP.014,linked_through,CORP.015 → CORP.013 → CORP.014 (linked by QL006 + QF006),QL006+QF006,0.65
CORP.015,CORP.015,linked_through,CORP.015 → CORP.013 → CORP.015 (linked by QL006 + QF006),QL006+QF006,0.65
TXN.017,CORP.012,linked_through,TXN.017 → CORP.013 → CORP.012 (linked by QL006 + QL005),QL006+QL005,0.65
TXN.017,CORP.030,linked_through,TXN.017 → CORP.013 → CORP.030 (linked by QL006 + QL005),QL006+QL005,0.65
TXN.003,CORP.012,linked_through,TXN.003 → CORP.013 → CORP.012 (linked by QL006 + QL005),QL006+QL005,0.65
TXN.003,CORP.030,linked_through,TXN.003 → CORP.013 → CORP.030 (linked by QL006 + QL005),QL006+QL005,0.65
CORP.014,CORP.012,linked_through,CORP.014 → CORP.013 → CORP.012 (linked by QL006 + QL005),QL006+QL005,0.65
CORP.014,CORP.030,linked_through,CORP.014 → CORP.013 → CORP.030 (linked by QL006 + QL005),QL006+QL005,0.65
CORP.015,CORP.012,linked_through,CORP.015 → CORP.013 → CORP.012 (linked by QL006 + QL005),QL006+QL005,0.65
CORP.015,CORP.030,linked_through,CORP.015 → CORP.013 → CORP.030 (linked by QL006 + QL005),QL006+QL005,0.65
TXN.017,TXN.006,linked_through,TXN.017 → CORP.013 → TXN.006 (linked by QL006 + QF075),QL006+QF075,0.65
TXN.017,TXN.001,linked_through,TXN.017 → CORP.013 → TXN.001 (linked by QL006 + QF075),QL006+QF075,0.65
TXN.003,TXN.006,linked_through,TXN.003 → CORP.013 → TXN.006 (linked by QL006 + QF075),QL006+QF075,0.65
TXN.003,TXN.001,linked_through,TXN.003 → CORP.013 → TXN.001 (linked by QL006 + QF075),QL006+QF075,0.65
CORP.014,TXN.006,linked_through,CORP.014 → CORP.013 → TXN.006 (linked by QL006 + QF075),QL006+QF075,0.65
CORP.014,TXN.001,linked_through,CORP.014 → CORP.013 → TXN.001 (linked by QL006 + QF075),QL006+QF075,0.65
CORP.015,TXN.006,linked_through,CORP.015 → CORP.013 → TXN.006 (linked by QL006 + QF075),QL006+QF075,0.65
CORP.015,TXN.001,linked_through,CORP.015 → CORP.013 → TXN.001 (linked by QL006 + QF075),QL006+QF075,0.65
CORP.012,TXN.001,linked_through,CORP.012 → CORP.013 → TXN.001 (linked by QL005 + QF075),QL005+QF075,0.65
CORP.030,CORP.012,linked_through,CORP.030 → CORP.013 → CORP.012 (linked by QL005 + QF075),QL005+QF075,0.65
CORP.012,CORP.030,linked_through,CORP.012 → CORP.013 → CORP.030 (linked by QL005 + QF005),QL005+QF005,0.65
TXN.001,CORP.012,linked_through,TXN.001 → CORP.013 → CORP.012 (linked by QF075 + QF005),QF075+QF005,0.65
TXN.017,CORP.013,linked_through,TXN.017 → CORP.014 → CORP.013 (linked by QL006 + QF006),QL006+QF006,0.65
TXN.003,CORP.013,linked_through,TXN.003 → CORP.014 → CORP.013 (linked by QL006 + QF006),QL006+QF006,0.65
CORP.013,TXN.017,linked_through,CORP.013 → CORP.014 → TXN.017 (linked by QL006 + QF006),QL006+QF006,0.65
CORP.013,TXN.003,linked_through,CORP.013 → CORP.014 → TXN.003 (linked by QL006 + QF006),QL006+QF006,0.65
CORP.013,CORP.015,linked_through,CORP.013 → CORP.014 → CORP.015 (linked by QL006 + QF006),QL006+QF006,0.65
CORP.015,CORP.013,linked_through,CORP.015 → CORP.014 → CORP.013 (linked by QL006 + QF006),QL006+QF006,0.65
CORP.013,CORP.014,linked_through,CORP.013 → CORP.015 → CORP.014 (linked by QL006 + QF006),QL006+QF006,0.65
CORP.014,CORP.013,linked_through,CORP.014 → CORP.015 → CORP.013 (linked by QL006 + QF006),QL006+QF006,0.65
CORP.024,CORP.024,linked_through,CORP.024 → TXN.003 → CORP.024 (linked by QF023 + QL023),QF023+QL023,0.65
CORP.024,MGMT.008,linked_through,CORP.024 → TXN.003 → MGMT.008 (linked by QF023 + QL023),QF023+QL023,0.65
CORP.024,CORP.016,linked_through,CORP.024 → TXN.003 → CORP.016 (linked by QF023 + QL023),QF023+QL023,0.65
CORP.024,MGMT.007,linked_through,CORP.024 → TXN.003 → MGMT.007 (linked by QF023 + QL023),QF023+QL023,0.65
MGMT.008,CORP.024,linked_through,MGMT.008 → TXN.003 → CORP.024 (linked by QF023 + QL023),QF023+QL023,0.65
MGMT.008,MGMT.008,linked_through,MGMT.008 → TXN.003 → MGMT.008 (linked by QF023 + QL023),QF023+QL023,0.65
MGMT.008,CORP.016,linked_through,MGMT.008 → TXN.003 → CORP.016 (linked by QF023 + QL023),QF023+QL023,0.65
MGMT.008,MGMT.007,linked_through,MGMT.008 → TXN.003 → MGMT.007 (linked by QF023 + QL023),QF023+QL023,0.65
CORP.016,CORP.024,linked_through,CORP.016 → TXN.003 → CORP.024 (linked by QF023 + QL023),QF023+QL023,0.65
CORP.016,MGMT.008,linked_through,CORP.016 → TXN.003 → MGMT.008 (linked by QF023 + QL023),QF023+QL023,0.65
CORP.016,CORP.016,linked_through,CORP.016 → TXN.003 → CORP.016 (linked by QF023 + QL023),QF023+QL023,0.65
CORP.016,MGMT.007,linked_through,CORP.016 → TXN.003 → MGMT.007 (linked by QF023 + QL023),QF023+QL023,0.65
MGMT.007,CORP.024,linked_through,MGMT.007 → TXN.003 → CORP.024 (linked by QF023 + QL023),QF023+QL023,0.65
MGMT.007,MGMT.008,linked_through,MGMT.007 → TXN.003 → MGMT.008 (linked by QF023 + QL023),QF023+QL023,0.65
MGMT.007,CORP.016,linked_through,MGMT.007 → TXN.003 → CORP.016 (linked by QF023 + QL023),QF023+QL023,0.65
MGMT.007,MGMT.007,linked_through,MGMT.007 → TXN.003 → MGMT.007 (linked by QF023 + QL023),QF023+QL023,0.65
CORP.024,TXN.017,linked_through,CORP.024 → TXN.003 → TXN.017 (linked by QF023 + QL006),QF023+QL006,0.65
CORP.024,CORP.013,linked_through,CORP.024 → TXN.003 → CORP.013 (linked by QF023 + QL006),QF023+QL006,0.65
CORP.024,CORP.014,linked_through,CORP.024 → TXN.003 → CORP.014 (linked by QF023 + QL006),QF023+QL006,0.65
CORP.024,CORP.015,linked_through,CORP.024 → TXN.003 → CORP.015 (linked by QF023 + QL006),QF023+QL006,0.65
MGMT.008,TXN.017,linked_through,MGMT.008 → TXN.003 → TXN.017 (linked by QF023 + QL006),QF023+QL006,0.65
MGMT.008,CORP.013,linked_through,MGMT.008 → TXN.003 → CORP.013 (linked by QF023 + QL006),QF023+QL006,0.65
MGMT.008,CORP.014,linked_through,MGMT.008 → TXN.003 → CORP.014 (linked by QF023 + QL006),QF023+QL006,0.65
MGMT.008,CORP.015,linked_through,MGMT.008 → TXN.003 → CORP.015 (linked by QF023 + QL006),QF023+QL006,0.65
CORP.016,TXN.017,linked_through,CORP.016 → TXN.003 → TXN.017 (linked by QF023 + QL006),QF023+QL006,0.65
CORP.016,CORP.013,linked_through,CORP.016 → TXN.003 → CORP.013 (linked by QF023 + QL006),QF023+QL006,0.65
CORP.016,CORP.014,linked_through,CORP.016 → TXN.003 → CORP.014 (linked by QF023 + QL006),QF023+QL006,0.65
CORP.016,CORP.015,linked_through,CORP.016 → TXN.003 → CORP.015 (linked by QF023 + QL006),QF023+QL006,0.65
MGMT.007,TXN.017,linked_through,MGMT.007 → TXN.003 → TXN.017 (linked by QF023 + QL006),QF023+QL006,0.65
MGMT.007,CORP.013,linked_through,MGMT.007 → TXN.003 → CORP.013 (linked by QF023 + QL006),QF023+QL006,0.65
MGMT.007,CORP.014,linked_through,MGMT.007 → TXN.003 → CORP.014 (linked by QF023 + QL006),QF023+QL006,0.65
MGMT.007,CORP.015,linked_through,MGMT.007 → TXN.003 → CORP.015 (linked by QF023 + QL006),QF023+QL006,0.65
CORP.024,TXN.018,linked_through,CORP.024 → TXN.003 → TXN.018 (linked by QF023 + QL069),QF023+QL069,0.65
CORP.024,TXN.001,linked_through,CORP.024 → TXN.003 → TXN.001 (linked by QF023 + QL069),QF023+QL069,0.65
CORP.024,TXN.002,linked_through,CORP.024 → TXN.003 → TXN.002 (linked by QF023 + QL069),QF023+QL069,0.65
CORP.024,TXN.019,linked_through,CORP.024 → TXN.003 → TXN.019 (linked by QF023 + QL069),QF023+QL069,0.65
MGMT.008,TXN.018,linked_through,MGMT.008 → TXN.003 → TXN.018 (linked by QF023 + QL069),QF023+QL069,0.65
MGMT.008,TXN.001,linked_through,MGMT.008 → TXN.003 → TXN.001 (linked by QF023 + QL069),QF023+QL069,0.65
MGMT.008,TXN.002,linked_through,MGMT.008 → TXN.003 → TXN.002 (linked by QF023 + QL069),QF023+QL069,0.65
MGMT.008,TXN.019,linked_through,MGMT.008 → TXN.003 → TXN.019 (linked by QF023 + QL069),QF023+QL069,0.65
CORP.016,TXN.018,linked_through,CORP.016 → TXN.003 → TXN.018 (linked by QF023 + QL069),QF023+QL069,0.65
CORP.016,TXN.001,linked_through,CORP.016 → TXN.003 → TXN.001 (linked by QF023 + QL069),QF023+QL069,0.65
CORP.016,TXN.002,linked_through,CORP.016 → TXN.003 → TXN.002 (linked by QF023 + QL069),QF023+QL069,0.65
CORP.016,TXN.019,linked_through,CORP.016 → TXN.003 → TXN.019 (linked by QF023 + QL069),QF023+QL069,0.65
MGMT.007,TXN.018,linked_through,MGMT.007 → TXN.003 → TXN.018 (linked by QF023 + QL069),QF023+QL069,0.65
MGMT.007,TXN.001,linked_through,MGMT.007 → TXN.003 → TXN.001 (linked by QF023 + QL069),QF023+QL069,0.65
MGMT.007,TXN.002,linked_through,MGMT.007 → TXN.003 → TXN.002 (linked by QF023 + QL069),QF023+QL069,0.65
MGMT.007,TXN.019,linked_through,MGMT.007 → TXN.003 → TXN.019 (linked by QF023 + QL069),QF023+QL069,0.65
TXN.017,TXN.018,linked_through,TXN.017 → TXN.003 → TXN.018 (linked by QL006 + QL069),QL006+QL069,0.65
TXN.017,TXN.002,linked_through,TXN.017 → TXN.003 → TXN.002 (linked by QL006 + QL069),QL006+QL069,0.65
TXN.017,TXN.019,linked_through,TXN.017 → TXN.003 → TXN.019 (linked by QL006 + QL069),QL006+QL069,0.65
CORP.013,TXN.018,linked_through,CORP.013 → TXN.003 → TXN.018 (linked by QL006 + QL069),QL006+QL069,0.65
CORP.013,TXN.002,linked_through,CORP.013 → TXN.003 → TXN.002 (linked by QL006 + QL069),QL006+QL069,0.65
CORP.013,TXN.019,linked_through,CORP.013 → TXN.003 → TXN.019 (linked by QL006 + QL069),QL006+QL069,0.65
CORP.014,TXN.018,linked_through,CORP.014 → TXN.003 → TXN.018 (linked by QL006 + QL069),QL006+QL069,0.65
CORP.014,TXN.002,linked_through,CORP.014 → TXN.003 → TXN.002 (linked by QL006 + QL069),QL006+QL069,0.65
CORP.014,TXN.019,linked_through,CORP.014 → TXN.003 → TXN.019 (linked by QL006 + QL069),QL006+QL069,0.65
CORP.015,TXN.018,linked_through,CORP.015 → TXN.003 → TXN.018 (linked by QL006 + QL069),QL006+QL069,0.65
CORP.015,TXN.002,linked_through,CORP.015 → TXN.003 → TXN.002 (linked by QL006 + QL069),QL006+QL069,0.65
CORP.015,TXN.019,linked_through,CORP.015 → TXN.003 → TXN.019 (linked by QL006 + QL069),QL006+QL069,0.65
TXN.018,TXN.018,linked_through,TXN.018 → TXN.003 → TXN.018 (linked by QL069 + QF069),QL069+QF069,0.65
TXN.018,TXN.001,linked_through,TXN.018 → TXN.003 → TXN.001 (linked by QL069 + QF069),QL069+QF069,0.65
TXN.018,TXN.002,linked_through,TXN.018 → TXN.003 → TXN.002 (linked by QL069 + QF069),QL069+QF069,0.65
TXN.018,TXN.019,linked_through,TXN.018 → TXN.003 → TXN.019 (linked by QL069 + QF069),QL069+QF069,0.65
TXN.001,TXN.018,linked_through,TXN.001 → TXN.003 → TXN.018 (linked by QL069 + QF069),QL069+QF069,0.65
TXN.001,TXN.002,linked_through,TXN.001 → TXN.003 → TXN.002 (linked by QL069 + QF069),QL069+QF069,0.65
TXN.001,TXN.019,linked_through,TXN.001 → TXN.003 → TXN.019 (linked by QL069 + QF069),QL069+QF069,0.65
TXN.002,TXN.018,linked_through,TXN.002 → TXN.003 → TXN.018 (linked by QL069 + QF069),QL069+QF069,0.65
TXN.002,TXN.001,linked_through,TXN.002 → TXN.003 → TXN.001 (linked by QL069 + QF069),QL069+QF069,0.65
TXN.002,TXN.002,linked_through,TXN.002 → TXN.003 → TXN.002 (linked by QL069 + QF069),QL069+QF069,0.65
TXN.002,TXN.019,linked_through,TXN.002 → TXN.003 → TXN.019 (linked by QL069 + QF069),QL069+QF069,0.65
TXN.019,TXN.018,linked_through,TXN.019 → TXN.003 → TXN.018 (linked by QL069 + QF069),QL069+QF069,0.65
TXN.019,TXN.001,linked_through,TXN.019 → TXN.003 → TXN.001 (linked by QL069 + QF069),QL069+QF069,0.65
TXN.019,TXN.002,linked_through,TXN.019 → TXN.003 → TXN.002 (linked by QL069 + QF069),QL069+QF069,0.65
TXN.019,TXN.019,linked_through,TXN.019 → TXN.003 → TXN.019 (linked by QL069 + QF069),QL069+QF069,0.65
TXN.018,TXN.017,linked_through,TXN.018 → TXN.003 → TXN.017 (linked by QL069 + QF006),QL069+QF006,0.65
TXN.018,CORP.013,linked_through,TXN.018 → TXN.003 → CORP.013 (linked by QL069 + QF006),QL069+QF006,0.65
TXN.018,CORP.014,linked_through,TXN.018 → TXN.003 → CORP.014 (linked by QL069 + QF006),QL069+QF006,0.65
TXN.018,CORP.015,linked_through,TXN.018 → TXN.003 → CORP.015 (linked by QL069 + QF006),QL069+QF006,0.65
TXN.001,TXN.017,linked_through,TXN.001 → TXN.003 → TXN.017 (linked by QL069 + QF006),QL069+QF006,0.65
TXN.001,CORP.014,linked_through,TXN.001 → TXN.003 → CORP.014 (linked by QL069 + QF006),QL069+QF006,0.65
TXN.001,CORP.015,linked_through,TXN.001 → TXN.003 → CORP.015 (linked by QL069 + QF006),QL069+QF006,0.65
TXN.002,TXN.017,linked_through,TXN.002 → TXN.003 → TXN.017 (linked by QL069 + QF006),QL069+QF006,0.65
TXN.002,CORP.013,linked_through,TXN.002 → TXN.003 → CORP.013 (linked by QL069 + QF006),QL069+QF006,0.65
TXN.002,CORP.014,linked_through,TXN.002 → TXN.003 → CORP.014 (linked by QL069 + QF006),QL069+QF006,0.65
TXN.002,CORP.015,linked_through,TXN.002 → TXN.003 → CORP.015 (linked by QL069 + QF006),QL069+QF006,0.65
TXN.019,TXN.017,linked_through,TXN.019 → TXN.003 → TXN.017 (linked by QL069 + QF006),QL069+QF006,0.65
TXN.019,CORP.013,linked_through,TXN.019 → TXN.003 → CORP.013 (linked by QL069 + QF006),QL069+QF006,0.65
TXN.019,CORP.014,linked_through,TXN.019 → TXN.003 → CORP.014 (linked by QL069 + QF006),QL069+QF006,0.65
TXN.019,CORP.015,linked_through,TXN.019 → TXN.003 → CORP.015 (linked by QL069 + QF006),QL069+QF006,0.65
CUST.019,CORP.021,linked_through,CUST.019 → CORP.036 → CORP.021 (linked by QL024 + QF016),QL024+QF016,0.65
CUST.019,CORP.043,linked_through,CUST.019 → CORP.036 → CORP.043 (linked by QL024 + QF016),QL024+QF016,0.65
CORP.037,CORP.021,linked_through,CORP.037 → CORP.036 → CORP.021 (linked by QL024 + QF016),QL024+QF016,0.65
CORP.037,CORP.043,linked_through,CORP.037 → CORP.036 → CORP.043 (linked by QL024 + QF016),QL024+QF016,0.65
SUPP.010,CORP.021,linked_through,SUPP.010 → CORP.036 → CORP.021 (linked by QL024 + QF016),QL024+QF016,0.65
SUPP.010,CORP.043,linked_through,SUPP.010 → CORP.036 → CORP.043 (linked by QL024 + QF016),QL024+QF016,0.65
CUST.019,CORP.039,linked_through,CUST.019 → CORP.036 → CORP.039 (linked by QL024 + QL007),QL024+QL007,0.65
CUST.019,FIN.033,linked_through,CUST.019 → CORP.036 → FIN.033 (linked by QL024 + QL007),QL024+QL007,0.65
CUST.019,CORP.038,linked_through,CUST.019 → CORP.036 → CORP.038 (linked by QL024 + QL007),QL024+QL007,0.65
CUST.019,CORP.037,linked_through,CUST.019 → CORP.036 → CORP.037 (linked by QL024 + QL007),QL024+QL007,0.65
CORP.037,CORP.039,linked_through,CORP.037 → CORP.036 → CORP.039 (linked by QL024 + QL007),QL024+QL007,0.65
CORP.037,FIN.033,linked_through,CORP.037 → CORP.036 → FIN.033 (linked by QL024 + QL007),QL024+QL007,0.65
CORP.037,CORP.038,linked_through,CORP.037 → CORP.036 → CORP.038 (linked by QL024 + QL007),QL024+QL007,0.65
CORP.037,CORP.037,linked_through,CORP.037 → CORP.036 → CORP.037 (linked by QL024 + QL007),QL024+QL007,0.65
SUPP.010,CORP.039,linked_through,SUPP.010 → CORP.036 → CORP.039 (linked by QL024 + QL007),QL024+QL007,0.65
SUPP.010,FIN.033,linked_through,SUPP.010 → CORP.036 → FIN.033 (linked by QL024 + QL007),QL024+QL007,0.65
SUPP.010,CORP.038,linked_through,SUPP.010 → CORP.036 → CORP.038 (linked by QL024 + QL007),QL024+QL007,0.65
SUPP.010,CORP.037,linked_through,SUPP.010 → CORP.036 → CORP.037 (linked by QL024 + QL007),QL024+QL007,0.65
CUST.019,CUST.019,linked_through,CUST.019 → CORP.036 → CUST.019 (linked by QL024 + QF024),QL024+QF024,0.65
CUST.019,SUPP.010,linked_through,CUST.019 → CORP.036 → SUPP.010 (linked by QL024 + QF024),QL024+QF024,0.65
CORP.037,CUST.019,linked_through,CORP.037 → CORP.036 → CUST.019 (linked by QL024 + QF024),QL024+QF024,0.65
CORP.037,SUPP.010,linked_through,CORP.037 → CORP.036 → SUPP.010 (linked by QL024 + QF024),QL024+QF024,0.65
SUPP.010,CUST.019,linked_through,SUPP.010 → CORP.036 → CUST.019 (linked by QL024 + QF024),QL024+QF024,0.65
SUPP.010,SUPP.010,linked_through,SUPP.010 → CORP.036 → SUPP.010 (linked by QL024 + QF024),QL024+QF024,0.65
CUST.019,LEGAL.030,linked_through,CUST.019 → CORP.036 → LEGAL.030 (linked by QL024 + QL031),QL024+QL031,0.65
CORP.037,LEGAL.030,linked_through,CORP.037 → CORP.036 → LEGAL.030 (linked by QL024 + QL031),QL024+QL031,0.65
SUPP.010,LEGAL.030,linked_through,SUPP.010 → CORP.036 → LEGAL.030 (linked by QL024 + QL031),QL024+QL031,0.65
CUST.019,CUST.011,linked_through,CUST.019 → CORP.036 → CUST.011 (linked by QL024 + QF089),QL024+QF089,0.65
CUST.019,CUST.013,linked_through,CUST.019 → CORP.036 → CUST.013 (linked by QL024 + QF089),QL024+QF089,0.65
CORP.037,CUST.011,linked_through,CORP.037 → CORP.036 → CUST.011 (linked by QL024 + QF089),QL024+QF089,0.65
CORP.037,CUST.013,linked_through,CORP.037 → CORP.036 → CUST.013 (linked by QL024 + QF089),QL024+QF089,0.65
SUPP.010,CUST.011,linked_through,SUPP.010 → CORP.036 → CUST.011 (linked by QL024 + QF089),QL024+QF089,0.65
SUPP.010,CUST.013,linked_through,SUPP.010 → CORP.036 → CUST.013 (linked by QL024 + QF089),QL024+QF089,0.65
CORP.021,CORP.039,linked_through,CORP.021 → CORP.036 → CORP.039 (linked by QF016 + QL007),QF016+QL007,0.65
CORP.021,FIN.033,linked_through,CORP.021 → CORP.036 → FIN.033 (linked by QF016 + QL007),QF016+QL007,0.65
CORP.021,CORP.038,linked_through,CORP.021 → CORP.036 → CORP.038 (linked by QF016 + QL007),QF016+QL007,0.65
CORP.021,CORP.037,linked_through,CORP.021 → CORP.036 → CORP.037 (linked by QF016 + QL007),QF016+QL007,0.65
CORP.043,CORP.039,linked_through,CORP.043 → CORP.036 → CORP.039 (linked by QF016 + QL007),QF016+QL007,0.65
CORP.043,FIN.033,linked_through,CORP.043 → CORP.036 → FIN.033 (linked by QF016 + QL007),QF016+QL007,0.65
CORP.043,CORP.038,linked_through,CORP.043 → CORP.036 → CORP.038 (linked by QF016 + QL007),QF016+QL007,0.65
CORP.043,CORP.037,linked_through,CORP.043 → CORP.036 → CORP.037 (linked by QF016 + QL007),QF016+QL007,0.65
CORP.021,CUST.019,linked_through,CORP.021 → CORP.036 → CUST.019 (linked by QF016 + QF024),QF016+QF024,0.65
CORP.021,SUPP.010,linked_through,CORP.021 → CORP.036 → SUPP.010 (linked by QF016 + QF024),QF016+QF024,0.65
CORP.043,CUST.019,linked_through,CORP.043 → CORP.036 → CUST.019 (linked by QF016 + QF024),QF016+QF024,0.65
CORP.043,SUPP.010,linked_through,CORP.043 → CORP.036 → SUPP.010 (linked by QF016 + QF024),QF016+QF024,0.65
CORP.021,LEGAL.030,linked_through,CORP.021 → CORP.036 → LEGAL.030 (linked by QF016 + QL031),QF016+QL031,0.65
CORP.043,LEGAL.030,linked_through,CORP.043 → CORP.036 → LEGAL.030 (linked by QF016 + QL031),QF016+QL031,0.65
CORP.021,CORP.043,linked_through,CORP.021 → CORP.036 → CORP.043 (linked by QF016 + QL032),QF016+QL032,0.65
CORP.043,CORP.021,linked_through,CORP.043 → CORP.036 → CORP.021 (linked by QF016 + QL016),QF016+QL016,0.65
CORP.021,CUST.011,linked_through,CORP.021 → CORP.036 → CUST.011 (linked by QF016 + QF089),QF016+QF089,0.65
CORP.021,CUST.013,linked_through,CORP.021 → CORP.036 → CUST.013 (linked by QF016 + QF089),QF016+QF089,0.65
CORP.043,CUST.011,linked_through,CORP.043 → CORP.036 → CUST.011 (linked by QF016 + QF089),QF016+QF089,0.65
CORP.043,CUST.013,linked_through,CORP.043 → CORP.036 → CUST.013 (linked by QF016 + QF089),QF016+QF089,0.65
CORP.039,CUST.019,linked_through,CORP.039 → CORP.036 → CUST.019 (linked by QL007 + QF024),QL007+QF024,0.65
CORP.039,CORP.037,linked_through,CORP.039 → CORP.036 → CORP.037 (linked by QL007 + QF024),QL007+QF024,0.65
CORP.039,SUPP.010,linked_through,CORP.039 → CORP.036 → SUPP.010 (linked by QL007 + QF024),QL007+QF024,0.65
FIN.033,CUST.019,linked_through,FIN.033 → CORP.036 → CUST.019 (linked by QL007 + QF024),QL007+QF024,0.65
FIN.033,CORP.037,linked_through,FIN.033 → CORP.036 → CORP.037 (linked by QL007 + QF024),QL007+QF024,0.65
FIN.033,SUPP.010,linked_through,FIN.033 → CORP.036 → SUPP.010 (linked by QL007 + QF024),QL007+QF024,0.65
CORP.038,CUST.019,linked_through,CORP.038 → CORP.036 → CUST.019 (linked by QL007 + QF024),QL007+QF024,0.65
CORP.038,CORP.037,linked_through,CORP.038 → CORP.036 → CORP.037 (linked by QL007 + QF024),QL007+QF024,0.65
CORP.038,SUPP.010,linked_through,CORP.038 → CORP.036 → SUPP.010 (linked by QL007 + QF024),QL007+QF024,0.65
CORP.039,LEGAL.030,linked_through,CORP.039 → CORP.036 → LEGAL.030 (linked by QL007 + QL031),QL007+QL031,0.65
FIN.033,LEGAL.030,linked_through,FIN.033 → CORP.036 → LEGAL.030 (linked by QL007 + QL031),QL007+QL031,0.65
CORP.038,LEGAL.030,linked_through,CORP.038 → CORP.036 → LEGAL.030 (linked by QL007 + QL031),QL007+QL031,0.65
CORP.039,CORP.039,linked_through,CORP.039 → CORP.036 → CORP.039 (linked by QL007 + QF007),QL007+QF007,0.65
CORP.039,FIN.033,linked_through,CORP.039 → CORP.036 → FIN.033 (linked by QL007 + QF007),QL007+QF007,0.65
CORP.039,CORP.038,linked_through,CORP.039 → CORP.036 → CORP.038 (linked by QL007 + QF007),QL007+QF007,0.65
FIN.033,CORP.039,linked_through,FIN.033 → CORP.036 → CORP.039 (linked by QL007 + QF007),QL007+QF007,0.65
FIN.033,FIN.033,linked_through,FIN.033 → CORP.036 → FIN.033 (linked by QL007 + QF007),QL007+QF007,0.65
FIN.033,CORP.038,linked_through,FIN.033 → CORP.036 → CORP.038 (linked by QL007 + QF007),QL007+QF007,0.65
CORP.038,CORP.039,linked_through,CORP.038 → CORP.036 → CORP.039 (linked by QL007 + QF007),QL007+QF007,0.65
CORP.038,FIN.033,linked_through,CORP.038 → CORP.036 → FIN.033 (linked by QL007 + QF007),QL007+QF007,0.65
CORP.038,CORP.038,linked_through,CORP.038 → CORP.036 → CORP.038 (linked by QL007 + QF007),QL007+QF007,0.65
CORP.039,CORP.043,linked_through,CORP.039 → CORP.036 → CORP.043 (linked by QL007 + QL032),QL007+QL032,0.65
FIN.033,CORP.043,linked_through,FIN.033 → CORP.036 → CORP.043 (linked by QL007 + QL032),QL007+QL032,0.65
CORP.038,CORP.043,linked_through,CORP.038 → CORP.036 → CORP.043 (linked by QL007 + QL032),QL007+QL032,0.65
CORP.039,CORP.021,linked_through,CORP.039 → CORP.036 → CORP.021 (linked by QL007 + QL016),QL007+QL016,0.65
FIN.033,CORP.021,linked_through,FIN.033 → CORP.036 → CORP.021 (linked by QL007 + QL016),QL007+QL016,0.65
CORP.038,CORP.021,linked_through,CORP.038 → CORP.036 → CORP.021 (linked by QL007 + QL016),QL007+QL016,0.65
CORP.039,CUST.011,linked_through,CORP.039 → CORP.036 → CUST.011 (linked by QL007 + QF089),QL007+QF089,0.65
CORP.039,CUST.013,linked_through,CORP.039 → CORP.036 → CUST.013 (linked by QL007 + QF089),QL007+QF089,0.65
FIN.033,CUST.011,linked_through,FIN.033 → CORP.036 → CUST.011 (linked by QL007 + QF089),QL007+QF089,0.65
FIN.033,CUST.013,linked_through,FIN.033 → CORP.036 → CUST.013 (linked by QL007 + QF089),QL007+QF089,0.65
CORP.038,CUST.011,linked_through,CORP.038 → CORP.036 → CUST.011 (linked by QL007 + QF089),QL007+QF089,0.65
CORP.038,CUST.013,linked_through,CORP.038 → CORP.036 → CUST.013 (linked by QL007 + QF089),QL007+QF089,0.65
LEGAL.030,CORP.039,linked_through,LEGAL.030 → CORP.036 → CORP.039 (linked by QL031 + QF007),QL031+QF007,0.65
LEGAL.030,FIN.033,linked_through,LEGAL.030 → CORP.036 → FIN.033 (linked by QL031 + QF007),QL031+QF007,0.65
LEGAL.030,CORP.038,linked_through,LEGAL.030 → CORP.036 → CORP.038 (linked by QL031 + QF007),QL031+QF007,0.65
LEGAL.030,CORP.037,linked_through,LEGAL.030 → CORP.036 → CORP.037 (linked by QL031 + QF007),QL031+QF007,0.65
LEGAL.030,CUST.019,linked_through,LEGAL.030 → CORP.036 → CUST.019 (linked by QL031 + QL032),QL031+QL032,0.65
LEGAL.030,CORP.043,linked_through,LEGAL.030 → CORP.036 → CORP.043 (linked by QL031 + QL032),QL031+QL032,0.65
LEGAL.030,SUPP.010,linked_through,LEGAL.030 → CORP.036 → SUPP.010 (linked by QL031 + QL032),QL031+QL032,0.65
LEGAL.030,LEGAL.030,linked_through,LEGAL.030 → CORP.036 → LEGAL.030 (linked by QL031 + QF031),QL031+QF031,0.65
LEGAL.030,CORP.021,linked_through,LEGAL.030 → CORP.036 → CORP.021 (linked by QL031 + QL016),QL031+QL016,0.65
LEGAL.030,CUST.011,linked_through,LEGAL.030 → CORP.036 → CUST.011 (linked by QL031 + QF089),QL031+QF089,0.65
LEGAL.030,CUST.013,linked_through,LEGAL.030 → CORP.036 → CUST.013 (linked by QL031 + QF089),QL031+QF089,0.65
CORP.039,SUPP.001,linked_through,CORP.039 → CORP.037 → SUPP.001 (linked by QF007 + QL029),QF007+QL029,0.65
CORP.039,CUST.001,linked_through,CORP.039 → CORP.037 → CUST.001 (linked by QF007 + QL029),QF007+QL029,0.65
FIN.033,SUPP.001,linked_through,FIN.033 → CORP.037 → SUPP.001 (linked by QF007 + QL029),QF007+QL029,0.65
FIN.033,CUST.001,linked_through,FIN.033 → CORP.037 → CUST.001 (linked by QF007 + QL029),QF007+QL029,0.65
CORP.038,SUPP.001,linked_through,CORP.038 → CORP.037 → SUPP.001 (linked by QF007 + QL029),QF007+QL029,0.65
CORP.038,CUST.001,linked_through,CORP.038 → CORP.037 → CUST.001 (linked by QF007 + QL029),QF007+QL029,0.65
CORP.036,SUPP.001,linked_through,CORP.036 → CORP.037 → SUPP.001 (linked by QF007 + QL029),QF007+QL029,0.65
CORP.036,CUST.001,linked_through,CORP.036 → CORP.037 → CUST.001 (linked by QF007 + QL029),QF007+QL029,0.65
CORP.039,CUST.022,linked_through,CORP.039 → CORP.037 → CUST.022 (linked by QF007 + QF027),QF007+QF027,0.65
FIN.033,CUST.022,linked_through,FIN.033 → CORP.037 → CUST.022 (linked by QF007 + QF027),QF007+QF027,0.65
CORP.038,CUST.022,linked_through,CORP.038 → CORP.037 → CUST.022 (linked by QF007 + QF027),QF007+QF027,0.65
CORP.036,CUST.022,linked_through,CORP.036 → CORP.037 → CUST.022 (linked by QF007 + QF027),QF007+QF027,0.65
CORP.036,SUPP.010,linked_through,CORP.036 → CORP.037 → SUPP.010 (linked by QF007 + QF027),QF007+QF027,0.65
CORP.039,CUST.036,linked_through,CORP.039 → CORP.037 → CUST.036 (linked by QF007 + QL028),QF007+QL028,0.65
CORP.039,CUST.046,linked_through,CORP.039 → CORP.037 → CUST.046 (linked by QF007 + QL028),QF007+QL028,0.65
FIN.033,CUST.036,linked_through,FIN.033 → CORP.037 → CUST.036 (linked by QF007 + QL028),QF007+QL028,0.65
FIN.033,CUST.046,linked_through,FIN.033 → CORP.037 → CUST.046 (linked by QF007 + QL028),QF007+QL028,0.65
CORP.038,CUST.036,linked_through,CORP.038 → CORP.037 → CUST.036 (linked by QF007 + QL028),QF007+QL028,0.65
CORP.038,CUST.046,linked_through,CORP.038 → CORP.037 → CUST.046 (linked by QF007 + QL028),QF007+QL028,0.65
CORP.036,CUST.036,linked_through,CORP.036 → CORP.037 → CUST.036 (linked by QF007 + QL028),QF007+QL028,0.65
CORP.036,CUST.046,linked_through,CORP.036 → CORP.037 → CUST.046 (linked by QF007 + QL028),QF007+QL028,0.65
CORP.036,CUST.019,linked_through,CORP.036 → CORP.037 → CUST.019 (linked by QF007 + QF025),QF007+QF025,0.65
CORP.039,ESG.021,linked_through,CORP.039 → CORP.037 → ESG.021 (linked by QF007 + QL026),QF007+QL026,0.65
FIN.033,ESG.021,linked_through,FIN.033 → CORP.037 → ESG.021 (linked by QF007 + QL026),QF007+QL026,0.65
CORP.038,ESG.021,linked_through,CORP.038 → CORP.037 → ESG.021 (linked by QF007 + QL026),QF007+QL026,0.65
CORP.036,ESG.021,linked_through,CORP.036 → CORP.037 → ESG.021 (linked by QF007 + QL026),QF007+QL026,0.65
CORP.036,LEGAL.030,linked_through,CORP.036 → CORP.037 → LEGAL.030 (linked by QF007 + QL026),QF007+QL026,0.65
CORP.039,FIN.001,linked_through,CORP.039 → CORP.037 → FIN.001 (linked by QF007 + QF095),QF007+QF095,0.65
CORP.039,FIN.006,linked_through,CORP.039 → CORP.037 → FIN.006 (linked by QF007 + QF095),QF007+QF095,0.65
FIN.033,FIN.001,linked_through,FIN.033 → CORP.037 → FIN.001 (linked by QF007 + QF095),QF007+QF095,0.65
FIN.033,FIN.006,linked_through,FIN.033 → CORP.037 → FIN.006 (linked by QF007 + QF095),QF007+QF095,0.65
CORP.038,FIN.001,linked_through,CORP.038 → CORP.037 → FIN.001 (linked by QF007 + QF095),QF007+QF095,0.65
CORP.038,FIN.006,linked_through,CORP.038 → CORP.037 → FIN.006 (linked by QF007 + QF095),QF007+QF095,0.65
CORP.036,FIN.001,linked_through,CORP.036 → CORP.037 → FIN.001 (linked by QF007 + QF095),QF007+QF095,0.65
CORP.036,FIN.006,linked_through,CORP.036 → CORP.037 → FIN.006 (linked by QF007 + QF095),QF007+QF095,0.65
CORP.039,CORP.036,linked_through,CORP.039 → CORP.037 → CORP.036 (linked by QF007 + QL031),QF007+QL031,0.65
FIN.033,CORP.036,linked_through,FIN.033 → CORP.037 → CORP.036 (linked by QF007 + QL031),QF007+QL031,0.65
CORP.038,CORP.036,linked_through,CORP.038 → CORP.037 → CORP.036 (linked by QF007 + QL031),QF007+QL031,0.65
CORP.036,CORP.039,linked_through,CORP.036 → CORP.037 → CORP.039 (linked by QF007 + QF030),QF007+QF030,0.65
CORP.036,CORP.038,linked_through,CORP.036 → CORP.037 → CORP.038 (linked by QF007 + QF030),QF007+QF030,0.65
CORP.036,FIN.033,linked_through,CORP.036 → CORP.037 → FIN.033 (linked by QF007 + QL007),QF007+QL007,0.65
SUPP.001,CUST.022,linked_through,SUPP.001 → CORP.037 → CUST.022 (linked by QL029 + QF027),QL029+QF027,0.65
SUPP.001,SUPP.010,linked_through,SUPP.001 → CORP.037 → SUPP.010 (linked by QL029 + QF027),QL029+QF027,0.65
CUST.001,CUST.022,linked_through,CUST.001 → CORP.037 → CUST.022 (linked by QL029 + QF027),QL029+QF027,0.65
CUST.001,SUPP.010,linked_through,CUST.001 → CORP.037 → SUPP.010 (linked by QL029 + QF027),QL029+QF027,0.65
SUPP.001,CUST.036,linked_through,SUPP.001 → CORP.037 → CUST.036 (linked by QL029 + QL028),QL029+QL028,0.65
SUPP.001,CUST.046,linked_through,SUPP.001 → CORP.037 → CUST.046 (linked by QL029 + QL028),QL029+QL028,0.65
CUST.001,CUST.036,linked_through,CUST.001 → CORP.037 → CUST.036 (linked by QL029 + QL028),QL029+QL028,0.65
CUST.001,CUST.046,linked_through,CUST.001 → CORP.037 → CUST.046 (linked by QL029 + QL028),QL029+QL028,0.65
SUPP.001,CUST.019,linked_through,SUPP.001 → CORP.037 → CUST.019 (linked by QL029 + QF025),QL029+QF025,0.65
CUST.001,CUST.019,linked_through,CUST.001 → CORP.037 → CUST.019 (linked by QL029 + QF025),QL029+QF025,0.65
SUPP.001,SUPP.001,linked_through,SUPP.001 → CORP.037 → SUPP.001 (linked by QL029 + QF029),QL029+QF029,0.65
SUPP.001,CUST.001,linked_through,SUPP.001 → CORP.037 → CUST.001 (linked by QL029 + QF029),QL029+QF029,0.65
CUST.001,SUPP.001,linked_through,CUST.001 → CORP.037 → SUPP.001 (linked by QL029 + QF029),QL029+QF029,0.65
CUST.001,CUST.001,linked_through,CUST.001 → CORP.037 → CUST.001 (linked by QL029 + QF029),QL029+QF029,0.65
SUPP.001,ESG.021,linked_through,SUPP.001 → CORP.037 → ESG.021 (linked by QL029 + QL026),QL029+QL026,0.65
SUPP.001,LEGAL.030,linked_through,SUPP.001 → CORP.037 → LEGAL.030 (linked by QL029 + QL026),QL029+QL026,0.65
CUST.001,ESG.021,linked_through,CUST.001 → CORP.037 → ESG.021 (linked by QL029 + QL026),QL029+QL026,0.65
CUST.001,LEGAL.030,linked_through,CUST.001 → CORP.037 → LEGAL.030 (linked by QL029 + QL026),QL029+QL026,0.65
SUPP.001,FIN.001,linked_through,SUPP.001 → CORP.037 → FIN.001 (linked by QL029 + QF095),QL029+QF095,0.65
SUPP.001,FIN.006,linked_through,SUPP.001 → CORP.037 → FIN.006 (linked by QL029 + QF095),QL029+QF095,0.65
CUST.001,FIN.001,linked_through,CUST.001 → CORP.037 → FIN.001 (linked by QL029 + QF095),QL029+QF095,0.65
CUST.001,FIN.006,linked_through,CUST.001 → CORP.037 → FIN.006 (linked by QL029 + QF095),QL029+QF095,0.65
SUPP.001,CORP.036,linked_through,SUPP.001 → CORP.037 → CORP.036 (linked by QL029 + QL031),QL029+QL031,0.65
CUST.001,CORP.036,linked_through,CUST.001 → CORP.037 → CORP.036 (linked by QL029 + QL031),QL029+QL031,0.65
SUPP.001,CORP.039,linked_through,SUPP.001 → CORP.037 → CORP.039 (linked by QL029 + QF030),QL029+QF030,0.65
SUPP.001,CORP.038,linked_through,SUPP.001 → CORP.037 → CORP.038 (linked by QL029 + QF030),QL029+QF030,0.65
CUST.001,CORP.039,linked_through,CUST.001 → CORP.037 → CORP.039 (linked by QL029 + QF030),QL029+QF030,0.65
CUST.001,CORP.038,linked_through,CUST.001 → CORP.037 → CORP.038 (linked by QL029 + QF030),QL029+QF030,0.65
SUPP.001,FIN.033,linked_through,SUPP.001 → CORP.037 → FIN.033 (linked by QL029 + QL007),QL029+QL007,0.65
CUST.001,FIN.033,linked_through,CUST.001 → CORP.037 → FIN.033 (linked by QL029 + QL007),QL029+QL007,0.65
CUST.022,CUST.036,linked_through,CUST.022 → CORP.037 → CUST.036 (linked by QF027 + QL028),QF027+QL028,0.65
CUST.022,CUST.046,linked_through,CUST.022 → CORP.037 → CUST.046 (linked by QF027 + QL028),QF027+QL028,0.65
SUPP.010,CUST.036,linked_through,SUPP.010 → CORP.037 → CUST.036 (linked by QF027 + QL028),QF027+QL028,0.65
SUPP.010,CUST.046,linked_through,SUPP.010 → CORP.037 → CUST.046 (linked by QF027 + QL028),QF027+QL028,0.65
CUST.022,CUST.019,linked_through,CUST.022 → CORP.037 → CUST.019 (linked by QF027 + QF025),QF027+QF025,0.65
CUST.022,SUPP.010,linked_through,CUST.022 → CORP.037 → SUPP.010 (linked by QF027 + QF025),QF027+QF025,0.65
CUST.022,SUPP.001,linked_through,CUST.022 → CORP.037 → SUPP.001 (linked by QF027 + QF029),QF027+QF029,0.65
CUST.022,CUST.001,linked_through,CUST.022 → CORP.037 → CUST.001 (linked by QF027 + QF029),QF027+QF029,0.65
SUPP.010,SUPP.001,linked_through,SUPP.010 → CORP.037 → SUPP.001 (linked by QF027 + QF029),QF027+QF029,0.65
SUPP.010,CUST.001,linked_through,SUPP.010 → CORP.037 → CUST.001 (linked by QF027 + QF029),QF027+QF029,0.65
CUST.022,ESG.021,linked_through,CUST.022 → CORP.037 → ESG.021 (linked by QF027 + QL026),QF027+QL026,0.65
CUST.022,LEGAL.030,linked_through,CUST.022 → CORP.037 → LEGAL.030 (linked by QF027 + QL026),QF027+QL026,0.65
SUPP.010,ESG.021,linked_through,SUPP.010 → CORP.037 → ESG.021 (linked by QF027 + QL026),QF027+QL026,0.65
CUST.022,FIN.001,linked_through,CUST.022 → CORP.037 → FIN.001 (linked by QF027 + QF095),QF027+QF095,0.65
CUST.022,FIN.006,linked_through,CUST.022 → CORP.037 → FIN.006 (linked by QF027 + QF095),QF027+QF095,0.65
SUPP.010,FIN.001,linked_through,SUPP.010 → CORP.037 → FIN.001 (linked by QF027 + QF095),QF027+QF095,0.65
SUPP.010,FIN.006,linked_through,SUPP.010 → CORP.037 → FIN.006 (linked by QF027 + QF095),QF027+QF095,0.65
CUST.022,CORP.036,linked_through,CUST.022 → CORP.037 → CORP.036 (linked by QF027 + QL031),QF027+QL031,0.65
SUPP.010,CORP.036,linked_through,SUPP.010 → CORP.037 → CORP.036 (linked by QF027 + QL031),QF027+QL031,0.65
CUST.022,CORP.039,linked_through,CUST.022 → CORP.037 → CORP.039 (linked by QF027 + QF030),QF027+QF030,0.65
CUST.022,CORP.038,linked_through,CUST.022 → CORP.037 → CORP.038 (linked by QF027 + QF030),QF027+QF030,0.65
CUST.022,CUST.022,linked_through,CUST.022 → CORP.037 → CUST.022 (linked by QF027 + QL027),QF027+QL027,0.65
SUPP.010,CUST.022,linked_through,SUPP.010 → CORP.037 → CUST.022 (linked by QF027 + QL027),QF027+QL027,0.65
CUST.022,FIN.033,linked_through,CUST.022 → CORP.037 → FIN.033 (linked by QF027 + QL007),QF027+QL007,0.65
CUST.036,CUST.019,linked_through,CUST.036 → CORP.037 → CUST.019 (linked by QL028 + QF025),QL028+QF025,0.65
CUST.036,SUPP.010,linked_through,CUST.036 → CORP.037 → SUPP.010 (linked by QL028 + QF025),QL028+QF025,0.65
CUST.046,CUST.019,linked_through,CUST.046 → CORP.037 → CUST.019 (linked by QL028 + QF025),QL028+QF025,0.65
CUST.046,SUPP.010,linked_through,CUST.046 → CORP.037 → SUPP.010 (linked by QL028 + QF025),QL028+QF025,0.65
CUST.036,SUPP.001,linked_through,CUST.036 → CORP.037 → SUPP.001 (linked by QL028 + QF029),QL028+QF029,0.65
CUST.036,CUST.001,linked_through,CUST.036 → CORP.037 → CUST.001 (linked by QL028 + QF029),QL028+QF029,0.65
CUST.046,SUPP.001,linked_through,CUST.046 → CORP.037 → SUPP.001 (linked by QL028 + QF029),QL028+QF029,0.65
CUST.046,CUST.001,linked_through,CUST.046 → CORP.037 → CUST.001 (linked by QL028 + QF029),QL028+QF029,0.65
CUST.036,ESG.021,linked_through,CUST.036 → CORP.037 → ESG.021 (linked by QL028 + QL026),QL028+QL026,0.65
CUST.036,LEGAL.030,linked_through,CUST.036 → CORP.037 → LEGAL.030 (linked by QL028 + QL026),QL028+QL026,0.65
CUST.046,ESG.021,linked_through,CUST.046 → CORP.037 → ESG.021 (linked by QL028 + QL026),QL028+QL026,0.65
CUST.046,LEGAL.030,linked_through,CUST.046 → CORP.037 → LEGAL.030 (linked by QL028 + QL026),QL028+QL026,0.65
CUST.036,CUST.036,linked_through,CUST.036 → CORP.037 → CUST.036 (linked by QL028 + QF028),QL028+QF028,0.65
CUST.036,CUST.046,linked_through,CUST.036 → CORP.037 → CUST.046 (linked by QL028 + QF028),QL028+QF028,0.65
CUST.046,CUST.036,linked_through,CUST.046 → CORP.037 → CUST.036 (linked by QL028 + QF028),QL028+QF028,0.65
CUST.046,CUST.046,linked_through,CUST.046 → CORP.037 → CUST.046 (linked by QL028 + QF028),QL028+QF028,0.65
CUST.036,FIN.001,linked_through,CUST.036 → CORP.037 → FIN.001 (linked by QL028 + QF095),QL028+QF095,0.65
CUST.036,FIN.006,linked_through,CUST.036 → CORP.037 → FIN.006 (linked by QL028 + QF095),QL028+QF095,0.65
CUST.046,FIN.001,linked_through,CUST.046 → CORP.037 → FIN.001 (linked by QL028 + QF095),QL028+QF095,0.65
CUST.046,FIN.006,linked_through,CUST.046 → CORP.037 → FIN.006 (linked by QL028 + QF095),QL028+QF095,0.65
CUST.036,CORP.036,linked_through,CUST.036 → CORP.037 → CORP.036 (linked by QL028 + QL031),QL028+QL031,0.65
CUST.046,CORP.036,linked_through,CUST.046 → CORP.037 → CORP.036 (linked by QL028 + QL031),QL028+QL031,0.65
CUST.036,CORP.039,linked_through,CUST.036 → CORP.037 → CORP.039 (linked by QL028 + QF030),QL028+QF030,0.65
CUST.036,CORP.038,linked_through,CUST.036 → CORP.037 → CORP.038 (linked by QL028 + QF030),QL028+QF030,0.65
CUST.046,CORP.039,linked_through,CUST.046 → CORP.037 → CORP.039 (linked by QL028 + QF030),QL028+QF030,0.65
CUST.046,CORP.038,linked_through,CUST.046 → CORP.037 → CORP.038 (linked by QL028 + QF030),QL028+QF030,0.65
CUST.036,CUST.022,linked_through,CUST.036 → CORP.037 → CUST.022 (linked by QL028 + QL027),QL028+QL027,0.65
CUST.046,CUST.022,linked_through,CUST.046 → CORP.037 → CUST.022 (linked by QL028 + QL027),QL028+QL027,0.65
CUST.036,FIN.033,linked_through,CUST.036 → CORP.037 → FIN.033 (linked by QL028 + QL007),QL028+QL007,0.65
CUST.046,FIN.033,linked_through,CUST.046 → CORP.037 → FIN.033 (linked by QL028 + QL007),QL028+QL007,0.65
CUST.019,SUPP.001,linked_through,CUST.019 → CORP.037 → SUPP.001 (linked by QF025 + QF029),QF025+QF029,0.65
CUST.019,CUST.001,linked_through,CUST.019 → CORP.037 → CUST.001 (linked by QF025 + QF029),QF025+QF029,0.65
CUST.019,ESG.021,linked_through,CUST.019 → CORP.037 → ESG.021 (linked by QF025 + QL026),QF025+QL026,0.65
CUST.019,CUST.036,linked_through,CUST.019 → CORP.037 → CUST.036 (linked by QF025 + QF028),QF025+QF028,0.65
CUST.019,CUST.046,linked_through,CUST.019 → CORP.037 → CUST.046 (linked by QF025 + QF028),QF025+QF028,0.65
CUST.019,FIN.001,linked_through,CUST.019 → CORP.037 → FIN.001 (linked by QF025 + QF095),QF025+QF095,0.65
CUST.019,FIN.006,linked_through,CUST.019 → CORP.037 → FIN.006 (linked by QF025 + QF095),QF025+QF095,0.65
CUST.019,CORP.036,linked_through,CUST.019 → CORP.037 → CORP.036 (linked by QF025 + QL031),QF025+QL031,0.65
CUST.019,CUST.022,linked_through,CUST.019 → CORP.037 → CUST.022 (linked by QF025 + QL027),QF025+QL027,0.65
ESG.021,CUST.036,linked_through,ESG.021 → CORP.037 → CUST.036 (linked by QL026 + QF028),QL026+QF028,0.65
ESG.021,CUST.046,linked_through,ESG.021 → CORP.037 → CUST.046 (linked by QL026 + QF028),QL026+QF028,0.65
LEGAL.030,CUST.036,linked_through,LEGAL.030 → CORP.037 → CUST.036 (linked by QL026 + QF028),QL026+QF028,0.65
LEGAL.030,CUST.046,linked_through,LEGAL.030 → CORP.037 → CUST.046 (linked by QL026 + QF028),QL026+QF028,0.65
ESG.021,FIN.001,linked_through,ESG.021 → CORP.037 → FIN.001 (linked by QL026 + QF095),QL026+QF095,0.65
ESG.021,FIN.006,linked_through,ESG.021 → CORP.037 → FIN.006 (linked by QL026 + QF095),QL026+QF095,0.65
ESG.021,CUST.019,linked_through,ESG.021 → CORP.037 → CUST.019 (linked by QL026 + QF095),QL026+QF095,0.65
LEGAL.030,FIN.001,linked_through,LEGAL.030 → CORP.037 → FIN.001 (linked by QL026 + QF095),QL026+QF095,0.65
LEGAL.030,FIN.006,linked_through,LEGAL.030 → CORP.037 → FIN.006 (linked by QL026 + QF095),QL026+QF095,0.65
ESG.021,ESG.021,linked_through,ESG.021 → CORP.037 → ESG.021 (linked by QL026 + QF026),QL026+QF026,0.65
ESG.021,LEGAL.030,linked_through,ESG.021 → CORP.037 → LEGAL.030 (linked by QL026 + QF026),QL026+QF026,0.65
LEGAL.030,ESG.021,linked_through,LEGAL.030 → CORP.037 → ESG.021 (linked by QL026 + QF026),QL026+QF026,0.65
ESG.021,CORP.036,linked_through,ESG.021 → CORP.037 → CORP.036 (linked by QL026 + QL031),QL026+QL031,0.65
LEGAL.030,CORP.036,linked_through,LEGAL.030 → CORP.037 → CORP.036 (linked by QL026 + QL031),QL026+QL031,0.65
ESG.021,CORP.039,linked_through,ESG.021 → CORP.037 → CORP.039 (linked by QL026 + QF030),QL026+QF030,0.65
ESG.021,CORP.038,linked_through,ESG.021 → CORP.037 → CORP.038 (linked by QL026 + QF030),QL026+QF030,0.65
ESG.021,CUST.022,linked_through,ESG.021 → CORP.037 → CUST.022 (linked by QL026 + QL027),QL026+QL027,0.65
ESG.021,SUPP.010,linked_through,ESG.021 → CORP.037 → SUPP.010 (linked by QL026 + QL027),QL026+QL027,0.65
LEGAL.030,CUST.022,linked_through,LEGAL.030 → CORP.037 → CUST.022 (linked by QL026 + QL027),QL026+QL027,0.65
ESG.021,FIN.033,linked_through,ESG.021 → CORP.037 → FIN.033 (linked by QL026 + QL007),QL026+QL007,0.65
FIN.001,ESG.021,linked_through,FIN.001 → CORP.037 → ESG.021 (linked by QF095 + QF026),QF095+QF026,0.65
FIN.001,LEGAL.030,linked_through,FIN.001 → CORP.037 → LEGAL.030 (linked by QF095 + QF026),QF095+QF026,0.65
FIN.006,ESG.021,linked_through,FIN.006 → CORP.037 → ESG.021 (linked by QF095 + QF026),QF095+QF026,0.65
FIN.006,LEGAL.030,linked_through,FIN.006 → CORP.037 → LEGAL.030 (linked by QF095 + QF026),QF095+QF026,0.65
FIN.001,CORP.036,linked_through,FIN.001 → CORP.037 → CORP.036 (linked by QF095 + QL031),QF095+QL031,0.65
FIN.006,CORP.036,linked_through,FIN.006 → CORP.037 → CORP.036 (linked by QF095 + QL031),QF095+QL031,0.65
FIN.001,CORP.039,linked_through,FIN.001 → CORP.037 → CORP.039 (linked by QF095 + QF030),QF095+QF030,0.65
FIN.001,CORP.038,linked_through,FIN.001 → CORP.037 → CORP.038 (linked by QF095 + QF030),QF095+QF030,0.65
FIN.006,CORP.039,linked_through,FIN.006 → CORP.037 → CORP.039 (linked by QF095 + QF030),QF095+QF030,0.65
FIN.006,CORP.038,linked_through,FIN.006 → CORP.037 → CORP.038 (linked by QF095 + QF030),QF095+QF030,0.65
FIN.001,CUST.022,linked_through,FIN.001 → CORP.037 → CUST.022 (linked by QF095 + QL027),QF095+QL027,0.65
FIN.001,SUPP.010,linked_through,FIN.001 → CORP.037 → SUPP.010 (linked by QF095 + QL027),QF095+QL027,0.65
FIN.006,CUST.022,linked_through,FIN.006 → CORP.037 → CUST.022 (linked by QF095 + QL027),QF095+QL027,0.65
FIN.006,SUPP.010,linked_through,FIN.006 → CORP.037 → SUPP.010 (linked by QF095 + QL027),QF095+QL027,0.65
FIN.001,CUST.019,linked_through,FIN.001 → CORP.037 → CUST.019 (linked by QF095 + QL024),QF095+QL024,0.65
FIN.006,CUST.019,linked_through,FIN.006 → CORP.037 → CUST.019 (linked by QF095 + QL024),QF095+QL024,0.65
FIN.001,FIN.033,linked_through,FIN.001 → CORP.037 → FIN.033 (linked by QF095 + QL007),QF095+QL007,0.65
FIN.006,FIN.033,linked_through,FIN.006 → CORP.037 → FIN.033 (linked by QF095 + QL007),QF095+QL007,0.65
FIN.055,CORP.039,linked_through,FIN.055 → CORP.038 → CORP.039 (linked by QL015 + QL007),QL015+QL007,0.65
FIN.055,FIN.033,linked_through,FIN.055 → CORP.038 → FIN.033 (linked by QL015 + QL007),QL015+QL007,0.65
FIN.055,CORP.036,linked_through,FIN.055 → CORP.038 → CORP.036 (linked by QL015 + QL007),QL015+QL007,0.65
FIN.055,CORP.037,linked_through,FIN.055 → CORP.038 → CORP.037 (linked by QL015 + QL007),QL015+QL007,0.65
CORP.040,CORP.039,linked_through,CORP.040 → CORP.038 → CORP.039 (linked by QL015 + QL007),QL015+QL007,0.65
CORP.040,FIN.033,linked_through,CORP.040 → CORP.038 → FIN.033 (linked by QL015 + QL007),QL015+QL007,0.65
CORP.040,CORP.036,linked_through,CORP.040 → CORP.038 → CORP.036 (linked by QL015 + QL007),QL015+QL007,0.65
CORP.040,CORP.037,linked_through,CORP.040 → CORP.038 → CORP.037 (linked by QL015 + QL007),QL015+QL007,0.65
CORP.039,FIN.055,linked_through,CORP.039 → CORP.038 → FIN.055 (linked by QL015 + QF015),QL015+QF015,0.65
CORP.039,CORP.040,linked_through,CORP.039 → CORP.038 → CORP.040 (linked by QL015 + QF015),QL015+QF015,0.65
FIN.055,FIN.055,linked_through,FIN.055 → CORP.038 → FIN.055 (linked by QL015 + QF015),QL015+QF015,0.65
FIN.055,CORP.040,linked_through,FIN.055 → CORP.038 → CORP.040 (linked by QL015 + QF015),QL015+QF015,0.65
CORP.040,FIN.055,linked_through,CORP.040 → CORP.038 → FIN.055 (linked by QL015 + QF015),QL015+QF015,0.65
CORP.040,CORP.040,linked_through,CORP.040 → CORP.038 → CORP.040 (linked by QL015 + QF015),QL015+QF015,0.65
CORP.039,CUST.025,linked_through,CORP.039 → CORP.038 → CUST.025 (linked by QL015 + QL034),QL015+QL034,0.65
CORP.039,FIN.056,linked_through,CORP.039 → CORP.038 → FIN.056 (linked by QL015 + QL034),QL015+QL034,0.65
FIN.055,CUST.025,linked_through,FIN.055 → CORP.038 → CUST.025 (linked by QL015 + QL034),QL015+QL034,0.65
FIN.055,FIN.056,linked_through,FIN.055 → CORP.038 → FIN.056 (linked by QL015 + QL034),QL015+QL034,0.65
CORP.040,CUST.025,linked_through,CORP.040 → CORP.038 → CUST.025 (linked by QL015 + QL034),QL015+QL034,0.65
CORP.040,FIN.056,linked_through,CORP.040 → CORP.038 → FIN.056 (linked by QL015 + QL034),QL015+QL034,0.65
CORP.036,CORP.037,linked_through,CORP.036 → CORP.038 → CORP.037 (linked by QL007 + QF007),QL007+QF007,0.65
CORP.037,CORP.036,linked_through,CORP.037 → CORP.038 → CORP.036 (linked by QL007 + QF007),QL007+QF007,0.65
FIN.033,FIN.055,linked_through,FIN.033 → CORP.038 → FIN.055 (linked by QL007 + QF015),QL007+QF015,0.65
FIN.033,CORP.040,linked_through,FIN.033 → CORP.038 → CORP.040 (linked by QL007 + QF015),QL007+QF015,0.65
CORP.036,FIN.055,linked_through,CORP.036 → CORP.038 → FIN.055 (linked by QL007 + QF015),QL007+QF015,0.65
CORP.036,CORP.040,linked_through,CORP.036 → CORP.038 → CORP.040 (linked by QL007 + QF015),QL007+QF015,0.65
CORP.037,FIN.055,linked_through,CORP.037 → CORP.038 → FIN.055 (linked by QL007 + QF015),QL007+QF015,0.65
CORP.037,CORP.040,linked_through,CORP.037 → CORP.038 → CORP.040 (linked by QL007 + QF015),QL007+QF015,0.65
FIN.033,CUST.025,linked_through,FIN.033 → CORP.038 → CUST.025 (linked by QL007 + QL034),QL007+QL034,0.65
FIN.033,FIN.056,linked_through,FIN.033 → CORP.038 → FIN.056 (linked by QL007 + QL034),QL007+QL034,0.65
CORP.036,CUST.025,linked_through,CORP.036 → CORP.038 → CUST.025 (linked by QL007 + QL034),QL007+QL034,0.65
CORP.036,FIN.056,linked_through,CORP.036 → CORP.038 → FIN.056 (linked by QL007 + QL034),QL007+QL034,0.65
CORP.037,CUST.025,linked_through,CORP.037 → CORP.038 → CUST.025 (linked by QL007 + QL034),QL007+QL034,0.65
CORP.037,FIN.056,linked_through,CORP.037 → CORP.038 → FIN.056 (linked by QL007 + QL034),QL007+QL034,0.65
CUST.025,CORP.039,linked_through,CUST.025 → CORP.038 → CORP.039 (linked by QL034 + QL030),QL034+QL030,0.65
CUST.025,CORP.037,linked_through,CUST.025 → CORP.038 → CORP.037 (linked by QL034 + QL030),QL034+QL030,0.65
FIN.056,CORP.039,linked_through,FIN.056 → CORP.038 → CORP.039 (linked by QL034 + QL030),QL034+QL030,0.65
FIN.056,CORP.037,linked_through,FIN.056 → CORP.038 → CORP.037 (linked by QL034 + QL030),QL034+QL030,0.65
CUST.025,CUST.025,linked_through,CUST.025 → CORP.038 → CUST.025 (linked by QL034 + QF034),QL034+QF034,0.65
CUST.025,FIN.056,linked_through,CUST.025 → CORP.038 → FIN.056 (linked by QL034 + QF034),QL034+QF034,0.65
FIN.056,CUST.025,linked_through,FIN.056 → CORP.038 → CUST.025 (linked by QL034 + QF034),QL034+QF034,0.65
FIN.056,FIN.056,linked_through,FIN.056 → CORP.038 → FIN.056 (linked by QL034 + QF034),QL034+QF034,0.65
FIN.055,CORP.038,linked_through,FIN.055 → CORP.039 → CORP.038 (linked by QL015 + QL007),QL015+QL007,0.65
CORP.040,CORP.038,linked_through,CORP.040 → CORP.039 → CORP.038 (linked by QL015 + QL007),QL015+QL007,0.65
CORP.038,FIN.055,linked_through,CORP.038 → CORP.039 → FIN.055 (linked by QL015 + QF015),QL015+QF015,0.65
CORP.038,CORP.040,linked_through,CORP.038 → CORP.039 → CORP.040 (linked by QL015 + QF015),QL015+QF015,0.65
CORP.038,CUST.025,linked_through,CORP.038 → CORP.039 → CUST.025 (linked by QL015 + QL034),QL015+QL034,0.65
CORP.038,FIN.056,linked_through,CORP.038 → CORP.039 → FIN.056 (linked by QL015 + QL034),QL015+QL034,0.65
CUST.025,CORP.038,linked_through,CUST.025 → CORP.039 → CORP.038 (linked by QL034 + QL030),QL034+QL030,0.65
FIN.056,CORP.038,linked_through,FIN.056 → CORP.039 → CORP.038 (linked by QL034 + QL030),QL034+QL030,0.65
FIN.030,CORP.017,linked_through,FIN.030 → FIN.033 → CORP.017 (linked by QF099 + QF018),QF099+QF018,0.65
FIN.030,CORP.018,linked_through,FIN.030 → FIN.033 → CORP.018 (linked by QF099 + QF018),QF099+QF018,0.65
FIN.030,CORP.040,linked_through,FIN.030 → FIN.033 → CORP.040 (linked by QF099 + QF018),QF099+QF018,0.65
FIN.034,CORP.017,linked_through,FIN.034 → FIN.033 → CORP.017 (linked by QF099 + QF018),QF099+QF018,0.65
FIN.034,CORP.018,linked_through,FIN.034 → FIN.033 → CORP.018 (linked by QF099 + QF018),QF099+QF018,0.65
FIN.034,CORP.040,linked_through,FIN.034 → FIN.033 → CORP.040 (linked by QF099 + QF018),QF099+QF018,0.65
FIN.030,CORP.039,linked_through,FIN.030 → FIN.033 → CORP.039 (linked by QF099 + QL007),QF099+QL007,0.65
FIN.030,CORP.038,linked_through,FIN.030 → FIN.033 → CORP.038 (linked by QF099 + QL007),QF099+QL007,0.65
FIN.030,CORP.036,linked_through,FIN.030 → FIN.033 → CORP.036 (linked by QF099 + QL007),QF099+QL007,0.65
FIN.030,CORP.037,linked_through,FIN.030 → FIN.033 → CORP.037 (linked by QF099 + QL007),QF099+QL007,0.65
FIN.034,CORP.039,linked_through,FIN.034 → FIN.033 → CORP.039 (linked by QF099 + QL007),QF099+QL007,0.65
FIN.034,CORP.038,linked_through,FIN.034 → FIN.033 → CORP.038 (linked by QF099 + QL007),QF099+QL007,0.65
FIN.034,CORP.036,linked_through,FIN.034 → FIN.033 → CORP.036 (linked by QF099 + QL007),QF099+QL007,0.65
FIN.034,CORP.037,linked_through,FIN.034 → FIN.033 → CORP.037 (linked by QF099 + QL007),QF099+QL007,0.65
FIN.030,FIN.030,linked_through,FIN.030 → FIN.033 → FIN.030 (linked by QF099 + QL021),QF099+QL021,0.65
FIN.030,FIN.031,linked_through,FIN.030 → FIN.033 → FIN.031 (linked by QF099 + QL021),QF099+QL021,0.65
FIN.034,FIN.030,linked_through,FIN.034 → FIN.033 → FIN.030 (linked by QF099 + QL021),QF099+QL021,0.65
FIN.034,FIN.031,linked_through,FIN.034 → FIN.033 → FIN.031 (linked by QF099 + QL021),QF099+QL021,0.65
FIN.030,LEGAL.027,linked_through,FIN.030 → FIN.033 → LEGAL.027 (linked by QF099 + QF020),QF099+QF020,0.65
FIN.034,LEGAL.027,linked_through,FIN.034 → FIN.033 → LEGAL.027 (linked by QF099 + QF020),QF099+QF020,0.65
FIN.030,FIN.034,linked_through,FIN.030 → FIN.033 → FIN.034 (linked by QF099 + QF098),QF099+QF098,0.65
FIN.030,FIN.056,linked_through,FIN.030 → FIN.033 → FIN.056 (linked by QF099 + QF098),QF099+QF098,0.65
FIN.030,FIN.035,linked_through,FIN.030 → FIN.033 → FIN.035 (linked by QF099 + QF098),QF099+QF098,0.65
FIN.034,FIN.034,linked_through,FIN.034 → FIN.033 → FIN.034 (linked by QF099 + QF098),QF099+QF098,0.65
FIN.034,FIN.056,linked_through,FIN.034 → FIN.033 → FIN.056 (linked by QF099 + QF098),QF099+QF098,0.65
FIN.034,FIN.035,linked_through,FIN.034 → FIN.033 → FIN.035 (linked by QF099 + QF098),QF099+QF098,0.65
CORP.017,CORP.039,linked_through,CORP.017 → FIN.033 → CORP.039 (linked by QF018 + QL007),QF018+QL007,0.65
CORP.017,CORP.038,linked_through,CORP.017 → FIN.033 → CORP.038 (linked by QF018 + QL007),QF018+QL007,0.65
CORP.017,CORP.036,linked_through,CORP.017 → FIN.033 → CORP.036 (linked by QF018 + QL007),QF018+QL007,0.65
CORP.017,CORP.037,linked_through,CORP.017 → FIN.033 → CORP.037 (linked by QF018 + QL007),QF018+QL007,0.65
CORP.018,CORP.039,linked_through,CORP.018 → FIN.033 → CORP.039 (linked by QF018 + QL007),QF018+QL007,0.65
CORP.018,CORP.038,linked_through,CORP.018 → FIN.033 → CORP.038 (linked by QF018 + QL007),QF018+QL007,0.65
CORP.018,CORP.036,linked_through,CORP.018 → FIN.033 → CORP.036 (linked by QF018 + QL007),QF018+QL007,0.65
CORP.018,CORP.037,linked_through,CORP.018 → FIN.033 → CORP.037 (linked by QF018 + QL007),QF018+QL007,0.65
CORP.017,FIN.030,linked_through,CORP.017 → FIN.033 → FIN.030 (linked by QF018 + QL021),QF018+QL021,0.65
CORP.017,FIN.031,linked_through,CORP.017 → FIN.033 → FIN.031 (linked by QF018 + QL021),QF018+QL021,0.65
CORP.018,FIN.030,linked_through,CORP.018 → FIN.033 → FIN.030 (linked by QF018 + QL021),QF018+QL021,0.65
CORP.018,FIN.031,linked_through,CORP.018 → FIN.033 → FIN.031 (linked by QF018 + QL021),QF018+QL021,0.65
CORP.040,FIN.030,linked_through,CORP.040 → FIN.033 → FIN.030 (linked by QF018 + QL021),QF018+QL021,0.65
CORP.040,FIN.031,linked_through,CORP.040 → FIN.033 → FIN.031 (linked by QF018 + QL021),QF018+QL021,0.65
CORP.017,CORP.018,linked_through,CORP.017 → FIN.033 → CORP.018 (linked by QF018 + QF020),QF018+QF020,0.65
CORP.017,LEGAL.027,linked_through,CORP.017 → FIN.033 → LEGAL.027 (linked by QF018 + QF020),QF018+QF020,0.65
CORP.018,CORP.018,linked_through,CORP.018 → FIN.033 → CORP.018 (linked by QF018 + QF020),QF018+QF020,0.65
CORP.018,LEGAL.027,linked_through,CORP.018 → FIN.033 → LEGAL.027 (linked by QF018 + QF020),QF018+QF020,0.65
CORP.040,CORP.018,linked_through,CORP.040 → FIN.033 → CORP.018 (linked by QF018 + QF020),QF018+QF020,0.65
CORP.040,LEGAL.027,linked_through,CORP.040 → FIN.033 → LEGAL.027 (linked by QF018 + QF020),QF018+QF020,0.65
CORP.017,FIN.034,linked_through,CORP.017 → FIN.033 → FIN.034 (linked by QF018 + QF098),QF018+QF098,0.65
CORP.017,FIN.056,linked_through,CORP.017 → FIN.033 → FIN.056 (linked by QF018 + QF098),QF018+QF098,0.65
CORP.017,FIN.035,linked_through,CORP.017 → FIN.033 → FIN.035 (linked by QF018 + QF098),QF018+QF098,0.65
CORP.018,FIN.034,linked_through,CORP.018 → FIN.033 → FIN.034 (linked by QF018 + QF098),QF018+QF098,0.65
CORP.018,FIN.056,linked_through,CORP.018 → FIN.033 → FIN.056 (linked by QF018 + QF098),QF018+QF098,0.65
CORP.018,FIN.035,linked_through,CORP.018 → FIN.033 → FIN.035 (linked by QF018 + QF098),QF018+QF098,0.65
CORP.040,FIN.034,linked_through,CORP.040 → FIN.033 → FIN.034 (linked by QF018 + QF098),QF018+QF098,0.65
CORP.040,FIN.035,linked_through,CORP.040 → FIN.033 → FIN.035 (linked by QF018 + QF098),QF018+QF098,0.65
CORP.017,CORP.017,linked_through,CORP.017 → FIN.033 → CORP.017 (linked by QF018 + QL018),QF018+QL018,0.65
CORP.017,CORP.040,linked_through,CORP.017 → FIN.033 → CORP.040 (linked by QF018 + QL018),QF018+QL018,0.65
CORP.018,CORP.017,linked_through,CORP.018 → FIN.033 → CORP.017 (linked by QF018 + QL018),QF018+QL018,0.65
CORP.018,CORP.040,linked_through,CORP.018 → FIN.033 → CORP.040 (linked by QF018 + QL018),QF018+QL018,0.65
CORP.040,CORP.017,linked_through,CORP.040 → FIN.033 → CORP.017 (linked by QF018 + QL018),QF018+QL018,0.65
CORP.039,FIN.030,linked_through,CORP.039 → FIN.033 → FIN.030 (linked by QL007 + QL021),QL007+QL021,0.65
CORP.039,FIN.031,linked_through,CORP.039 → FIN.033 → FIN.031 (linked by QL007 + QL021),QL007+QL021,0.65
CORP.038,FIN.030,linked_through,CORP.038 → FIN.033 → FIN.030 (linked by QL007 + QL021),QL007+QL021,0.65
CORP.038,FIN.031,linked_through,CORP.038 → FIN.033 → FIN.031 (linked by QL007 + QL021),QL007+QL021,0.65
CORP.036,FIN.030,linked_through,CORP.036 → FIN.033 → FIN.030 (linked by QL007 + QL021),QL007+QL021,0.65
CORP.036,FIN.031,linked_through,CORP.036 → FIN.033 → FIN.031 (linked by QL007 + QL021),QL007+QL021,0.65
CORP.037,FIN.030,linked_through,CORP.037 → FIN.033 → FIN.030 (linked by QL007 + QL021),QL007+QL021,0.65
CORP.037,FIN.031,linked_through,CORP.037 → FIN.033 → FIN.031 (linked by QL007 + QL021),QL007+QL021,0.65
CORP.039,CORP.018,linked_through,CORP.039 → FIN.033 → CORP.018 (linked by QL007 + QF020),QL007+QF020,0.65
CORP.039,LEGAL.027,linked_through,CORP.039 → FIN.033 → LEGAL.027 (linked by QL007 + QF020),QL007+QF020,0.65
CORP.038,CORP.018,linked_through,CORP.038 → FIN.033 → CORP.018 (linked by QL007 + QF020),QL007+QF020,0.65
CORP.038,LEGAL.027,linked_through,CORP.038 → FIN.033 → LEGAL.027 (linked by QL007 + QF020),QL007+QF020,0.65
CORP.036,CORP.018,linked_through,CORP.036 → FIN.033 → CORP.018 (linked by QL007 + QF020),QL007+QF020,0.65
CORP.036,LEGAL.027,linked_through,CORP.036 → FIN.033 → LEGAL.027 (linked by QL007 + QF020),QL007+QF020,0.65
CORP.037,CORP.018,linked_through,CORP.037 → FIN.033 → CORP.018 (linked by QL007 + QF020),QL007+QF020,0.65
CORP.037,LEGAL.027,linked_through,CORP.037 → FIN.033 → LEGAL.027 (linked by QL007 + QF020),QL007+QF020,0.65
CORP.039,FIN.034,linked_through,CORP.039 → FIN.033 → FIN.034 (linked by QL007 + QF098),QL007+QF098,0.65
CORP.039,FIN.035,linked_through,CORP.039 → FIN.033 → FIN.035 (linked by QL007 + QF098),QL007+QF098,0.65
CORP.038,FIN.034,linked_through,CORP.038 → FIN.033 → FIN.034 (linked by QL007 + QF098),QL007+QF098,0.65
CORP.038,FIN.035,linked_through,CORP.038 → FIN.033 → FIN.035 (linked by QL007 + QF098),QL007+QF098,0.65
CORP.036,FIN.034,linked_through,CORP.036 → FIN.033 → FIN.034 (linked by QL007 + QF098),QL007+QF098,0.65
CORP.036,FIN.035,linked_through,CORP.036 → FIN.033 → FIN.035 (linked by QL007 + QF098),QL007+QF098,0.65
CORP.037,FIN.034,linked_through,CORP.037 → FIN.033 → FIN.034 (linked by QL007 + QF098),QL007+QF098,0.65
CORP.037,FIN.035,linked_through,CORP.037 → FIN.033 → FIN.035 (linked by QL007 + QF098),QL007+QF098,0.65
CORP.039,CORP.017,linked_through,CORP.039 → FIN.033 → CORP.017 (linked by QL007 + QL018),QL007+QL018,0.65
CORP.038,CORP.017,linked_through,CORP.038 → FIN.033 → CORP.017 (linked by QL007 + QL018),QL007+QL018,0.65
CORP.036,CORP.017,linked_through,CORP.036 → FIN.033 → CORP.017 (linked by QL007 + QL018),QL007+QL018,0.65
CORP.037,CORP.017,linked_through,CORP.037 → FIN.033 → CORP.017 (linked by QL007 + QL018),QL007+QL018,0.65
FIN.031,CORP.039,linked_through,FIN.031 → FIN.033 → CORP.039 (linked by QL021 + QF007),QL021+QF007,0.65
FIN.031,CORP.038,linked_through,FIN.031 → FIN.033 → CORP.038 (linked by QL021 + QF007),QL021+QF007,0.65
FIN.031,CORP.036,linked_through,FIN.031 → FIN.033 → CORP.036 (linked by QL021 + QF007),QL021+QF007,0.65
FIN.031,CORP.037,linked_through,FIN.031 → FIN.033 → CORP.037 (linked by QL021 + QF007),QL021+QF007,0.65
FIN.031,FIN.030,linked_through,FIN.031 → FIN.033 → FIN.030 (linked by QL021 + QF021),QL021+QF021,0.65
FIN.031,FIN.031,linked_through,FIN.031 → FIN.033 → FIN.031 (linked by QL021 + QF021),QL021+QF021,0.65
FIN.031,CORP.018,linked_through,FIN.031 → FIN.033 → CORP.018 (linked by QL021 + QF020),QL021+QF020,0.65
FIN.031,LEGAL.027,linked_through,FIN.031 → FIN.033 → LEGAL.027 (linked by QL021 + QF020),QL021+QF020,0.65
FIN.031,FIN.034,linked_through,FIN.031 → FIN.033 → FIN.034 (linked by QL021 + QF098),QL021+QF098,0.65
FIN.031,FIN.056,linked_through,FIN.031 → FIN.033 → FIN.056 (linked by QL021 + QF098),QL021+QF098,0.65
FIN.031,FIN.035,linked_through,FIN.031 → FIN.033 → FIN.035 (linked by QL021 + QF098),QL021+QF098,0.65
FIN.031,CORP.017,linked_through,FIN.031 → FIN.033 → CORP.017 (linked by QL021 + QL018),QL021+QL018,0.65
FIN.031,CORP.040,linked_through,FIN.031 → FIN.033 → CORP.040 (linked by QL021 + QL018),QL021+QL018,0.65
LEGAL.027,FIN.030,linked_through,LEGAL.027 → FIN.033 → FIN.030 (linked by QF020 + QF098),QF020+QF098,0.65
LEGAL.027,FIN.034,linked_through,LEGAL.027 → FIN.033 → FIN.034 (linked by QF020 + QF098),QF020+QF098,0.65
LEGAL.027,FIN.056,linked_through,LEGAL.027 → FIN.033 → FIN.056 (linked by QF020 + QF098),QF020+QF098,0.65
LEGAL.027,FIN.035,linked_through,LEGAL.027 → FIN.033 → FIN.035 (linked by QF020 + QF098),QF020+QF098,0.65
LEGAL.027,CORP.017,linked_through,LEGAL.027 → FIN.033 → CORP.017 (linked by QF020 + QL018),QF020+QL018,0.65
LEGAL.027,CORP.018,linked_through,LEGAL.027 → FIN.033 → CORP.018 (linked by QF020 + QL018),QF020+QL018,0.65
LEGAL.027,CORP.040,linked_through,LEGAL.027 → FIN.033 → CORP.040 (linked by QF020 + QL018),QF020+QL018,0.65
LEGAL.027,LEGAL.027,linked_through,LEGAL.027 → FIN.033 → LEGAL.027 (linked by QF020 + QL020),QF020+QL020,0.65
FIN.056,CORP.017,linked_through,FIN.056 → FIN.033 → CORP.017 (linked by QF098 + QL018),QF098+QL018,0.65
FIN.056,CORP.018,linked_through,FIN.056 → FIN.033 → CORP.018 (linked by QF098 + QL018),QF098+QL018,0.65
FIN.056,CORP.040,linked_through,FIN.056 → FIN.033 → CORP.040 (linked by QF098 + QL018),QF098+QL018,0.65
FIN.035,CORP.017,linked_through,FIN.035 → FIN.033 → CORP.017 (linked by QF098 + QL018),QF098+QL018,0.65
FIN.035,CORP.018,linked_through,FIN.035 → FIN.033 → CORP.018 (linked by QF098 + QL018),QF098+QL018,0.65
FIN.035,CORP.040,linked_through,FIN.035 → FIN.033 → CORP.040 (linked by QF098 + QL018),QF098+QL018,0.65
FIN.056,LEGAL.027,linked_through,FIN.056 → FIN.033 → LEGAL.027 (linked by QF098 + QL020),QF098+QL020,0.65
FIN.035,LEGAL.027,linked_through,FIN.035 → FIN.033 → LEGAL.027 (linked by QF098 + QL020),QF098+QL020,0.65
LEGAL.010,CORP.018,linked_through,LEGAL.010 → LEGAL.027 → CORP.018 (linked by QF008 + QF020),QF008+QF020,0.65
LEGAL.010,FIN.033,linked_through,LEGAL.010 → LEGAL.027 → FIN.033 (linked by QF008 + QF020),QF008+QF020,0.65
LEGAL.009,CORP.018,linked_through,LEGAL.009 → LEGAL.027 → CORP.018 (linked by QF008 + QF020),QF008+QF020,0.65
LEGAL.009,FIN.033,linked_through,LEGAL.009 → LEGAL.027 → FIN.033 (linked by QF008 + QF020),QF008+QF020,0.65
LEGAL.010,FIN.030,linked_through,LEGAL.010 → LEGAL.027 → FIN.030 (linked by QF008 + QF100),QF008+QF100,0.65
LEGAL.010,FIN.095,linked_through,LEGAL.010 → LEGAL.027 → FIN.095 (linked by QF008 + QF100),QF008+QF100,0.65
LEGAL.010,FIN.098,linked_through,LEGAL.010 → LEGAL.027 → FIN.098 (linked by QF008 + QF100),QF008+QF100,0.65
LEGAL.009,FIN.030,linked_through,LEGAL.009 → LEGAL.027 → FIN.030 (linked by QF008 + QF100),QF008+QF100,0.65
LEGAL.009,FIN.095,linked_through,LEGAL.009 → LEGAL.027 → FIN.095 (linked by QF008 + QF100),QF008+QF100,0.65
LEGAL.009,FIN.098,linked_through,LEGAL.009 → LEGAL.027 → FIN.098 (linked by QF008 + QF100),QF008+QF100,0.65
LEGAL.010,LEGAL.010,linked_through,LEGAL.010 → LEGAL.027 → LEGAL.010 (linked by QF008 + QL008),QF008+QL008,0.65
LEGAL.010,LEGAL.009,linked_through,LEGAL.010 → LEGAL.027 → LEGAL.009 (linked by QF008 + QL008),QF008+QL008,0.65
LEGAL.009,LEGAL.010,linked_through,LEGAL.009 → LEGAL.027 → LEGAL.010 (linked by QF008 + QL008),QF008+QL008,0.65
LEGAL.009,LEGAL.009,linked_through,LEGAL.009 → LEGAL.027 → LEGAL.009 (linked by QF008 + QL008),QF008+QL008,0.65
CORP.018,FIN.095,linked_through,CORP.018 → LEGAL.027 → FIN.095 (linked by QF020 + QF100),QF020+QF100,0.65
CORP.018,FIN.098,linked_through,CORP.018 → LEGAL.027 → FIN.098 (linked by QF020 + QF100),QF020+QF100,0.65
FIN.033,FIN.030,linked_through,FIN.033 → LEGAL.027 → FIN.030 (linked by QF020 + QF100),QF020+QF100,0.65
FIN.033,FIN.095,linked_through,FIN.033 → LEGAL.027 → FIN.095 (linked by QF020 + QF100),QF020+QF100,0.65
FIN.033,FIN.098,linked_through,FIN.033 → LEGAL.027 → FIN.098 (linked by QF020 + QF100),QF020+QF100,0.65
CORP.018,LEGAL.010,linked_through,CORP.018 → LEGAL.027 → LEGAL.010 (linked by QF020 + QL008),QF020+QL008,0.65
CORP.018,LEGAL.009,linked_through,CORP.018 → LEGAL.027 → LEGAL.009 (linked by QF020 + QL008),QF020+QL008,0.65
FIN.033,LEGAL.010,linked_through,FIN.033 → LEGAL.027 → LEGAL.010 (linked by QF020 + QL008),QF020+QL008,0.65
FIN.033,LEGAL.009,linked_through,FIN.033 → LEGAL.027 → LEGAL.009 (linked by QF020 + QL008),QF020+QL008,0.65
CORP.018,FIN.033,linked_through,CORP.018 → LEGAL.027 → FIN.033 (linked by QF020 + QL020),QF020+QL020,0.65
FIN.033,CORP.018,linked_through,FIN.033 → LEGAL.027 → CORP.018 (linked by QF020 + QL020),QF020+QL020,0.65
FIN.030,LEGAL.010,linked_through,FIN.030 → LEGAL.027 → LEGAL.010 (linked by QF100 + QL008),QF100+QL008,0.65
FIN.030,LEGAL.009,linked_through,FIN.030 → LEGAL.027 → LEGAL.009 (linked by QF100 + QL008),QF100+QL008,0.65
FIN.095,LEGAL.010,linked_through,FIN.095 → LEGAL.027 → LEGAL.010 (linked by QF100 + QL008),QF100+QL008,0.65
FIN.095,LEGAL.009,linked_through,FIN.095 → LEGAL.027 → LEGAL.009 (linked by QF100 + QL008),QF100+QL008,0.65
FIN.098,LEGAL.010,linked_through,FIN.098 → LEGAL.027 → LEGAL.010 (linked by QF100 + QL008),QF100+QL008,0.65
FIN.098,LEGAL.009,linked_through,FIN.098 → LEGAL.027 → LEGAL.009 (linked by QF100 + QL008),QF100+QL008,0.65
FIN.030,FIN.033,linked_through,FIN.030 → LEGAL.027 → FIN.033 (linked by QF100 + QL020),QF100+QL020,0.65
FIN.095,CORP.018,linked_through,FIN.095 → LEGAL.027 → CORP.018 (linked by QF100 + QL020),QF100+QL020,0.65
FIN.095,FIN.033,linked_through,FIN.095 → LEGAL.027 → FIN.033 (linked by QF100 + QL020),QF100+QL020,0.65
FIN.098,CORP.018,linked_through,FIN.098 → LEGAL.027 → CORP.018 (linked by QF100 + QL020),QF100+QL020,0.65
FIN.098,FIN.033,linked_through,FIN.098 → LEGAL.027 → FIN.033 (linked by QF100 + QL020),QF100+QL020,0.65
ESG.011,LEGAL.010,linked_through,ESG.011 → LEGAL.009 → LEGAL.010 (linked by QF038 + QF008),QF038+QF008,0.65
ESG.011,LEGAL.027,linked_through,ESG.011 → LEGAL.009 → LEGAL.027 (linked by QF038 + QF008),QF038+QF008,0.65
ESG.013,LEGAL.010,linked_through,ESG.013 → LEGAL.009 → LEGAL.010 (linked by QF038 + QF008),QF038+QF008,0.65
ESG.013,LEGAL.027,linked_through,ESG.013 → LEGAL.009 → LEGAL.027 (linked by QF038 + QF008),QF038+QF008,0.65
ESG.012,LEGAL.010,linked_through,ESG.012 → LEGAL.009 → LEGAL.010 (linked by QF038 + QF008),QF038+QF008,0.65
ESG.012,LEGAL.027,linked_through,ESG.012 → LEGAL.009 → LEGAL.027 (linked by QF038 + QF008),QF038+QF008,0.65
LEGAL.011,LEGAL.010,linked_through,LEGAL.011 → LEGAL.009 → LEGAL.010 (linked by QF038 + QF008),QF038+QF008,0.65
LEGAL.011,LEGAL.027,linked_through,LEGAL.011 → LEGAL.009 → LEGAL.027 (linked by QF038 + QF008),QF038+QF008,0.65
ESG.011,LEGAL.002,linked_through,ESG.011 → LEGAL.009 → LEGAL.002 (linked by QF038 + QF070),QF038+QF070,0.65
ESG.011,LEGAL.006,linked_through,ESG.011 → LEGAL.009 → LEGAL.006 (linked by QF038 + QF070),QF038+QF070,0.65
ESG.011,LEGAL.007,linked_through,ESG.011 → LEGAL.009 → LEGAL.007 (linked by QF038 + QF070),QF038+QF070,0.65
ESG.011,LEGAL.001,linked_through,ESG.011 → LEGAL.009 → LEGAL.001 (linked by QF038 + QF070),QF038+QF070,0.65
ESG.011,CORP.042,linked_through,ESG.011 → LEGAL.009 → CORP.042 (linked by QF038 + QF070),QF038+QF070,0.65
ESG.013,LEGAL.002,linked_through,ESG.013 → LEGAL.009 → LEGAL.002 (linked by QF038 + QF070),QF038+QF070,0.65
ESG.013,LEGAL.006,linked_through,ESG.013 → LEGAL.009 → LEGAL.006 (linked by QF038 + QF070),QF038+QF070,0.65
ESG.013,LEGAL.007,linked_through,ESG.013 → LEGAL.009 → LEGAL.007 (linked by QF038 + QF070),QF038+QF070,0.65
ESG.013,LEGAL.001,linked_through,ESG.013 → LEGAL.009 → LEGAL.001 (linked by QF038 + QF070),QF038+QF070,0.65
ESG.013,CORP.042,linked_through,ESG.013 → LEGAL.009 → CORP.042 (linked by QF038 + QF070),QF038+QF070,0.65
ESG.012,LEGAL.002,linked_through,ESG.012 → LEGAL.009 → LEGAL.002 (linked by QF038 + QF070),QF038+QF070,0.65
ESG.012,LEGAL.006,linked_through,ESG.012 → LEGAL.009 → LEGAL.006 (linked by QF038 + QF070),QF038+QF070,0.65
ESG.012,LEGAL.007,linked_through,ESG.012 → LEGAL.009 → LEGAL.007 (linked by QF038 + QF070),QF038+QF070,0.65
ESG.012,LEGAL.001,linked_through,ESG.012 → LEGAL.009 → LEGAL.001 (linked by QF038 + QF070),QF038+QF070,0.65
ESG.012,CORP.042,linked_through,ESG.012 → LEGAL.009 → CORP.042 (linked by QF038 + QF070),QF038+QF070,0.65
LEGAL.011,LEGAL.002,linked_through,LEGAL.011 → LEGAL.009 → LEGAL.002 (linked by QF038 + QF070),QF038+QF070,0.65
LEGAL.011,LEGAL.006,linked_through,LEGAL.011 → LEGAL.009 → LEGAL.006 (linked by QF038 + QF070),QF038+QF070,0.65
LEGAL.011,LEGAL.007,linked_through,LEGAL.011 → LEGAL.009 → LEGAL.007 (linked by QF038 + QF070),QF038+QF070,0.65
LEGAL.011,LEGAL.001,linked_through,LEGAL.011 → LEGAL.009 → LEGAL.001 (linked by QF038 + QF070),QF038+QF070,0.65
LEGAL.011,CORP.042,linked_through,LEGAL.011 → LEGAL.009 → CORP.042 (linked by QF038 + QF070),QF038+QF070,0.65
ESG.011,ESG.011,linked_through,ESG.011 → LEGAL.009 → ESG.011 (linked by QF038 + QL038),QF038+QL038,0.65
ESG.011,ESG.013,linked_through,ESG.011 → LEGAL.009 → ESG.013 (linked by QF038 + QL038),QF038+QL038,0.65
ESG.011,ESG.012,linked_through,ESG.011 → LEGAL.009 → ESG.012 (linked by QF038 + QL038),QF038+QL038,0.65
ESG.011,LEGAL.011,linked_through,ESG.011 → LEGAL.009 → LEGAL.011 (linked by QF038 + QL038),QF038+QL038,0.65
ESG.013,ESG.011,linked_through,ESG.013 → LEGAL.009 → ESG.011 (linked by QF038 + QL038),QF038+QL038,0.65
ESG.013,ESG.013,linked_through,ESG.013 → LEGAL.009 → ESG.013 (linked by QF038 + QL038),QF038+QL038,0.65
ESG.013,ESG.012,linked_through,ESG.013 → LEGAL.009 → ESG.012 (linked by QF038 + QL038),QF038+QL038,0.65
ESG.013,LEGAL.011,linked_through,ESG.013 → LEGAL.009 → LEGAL.011 (linked by QF038 + QL038),QF038+QL038,0.65
ESG.012,ESG.011,linked_through,ESG.012 → LEGAL.009 → ESG.011 (linked by QF038 + QL038),QF038+QL038,0.65
ESG.012,ESG.013,linked_through,ESG.012 → LEGAL.009 → ESG.013 (linked by QF038 + QL038),QF038+QL038,0.65
ESG.012,ESG.012,linked_through,ESG.012 → LEGAL.009 → ESG.012 (linked by QF038 + QL038),QF038+QL038,0.65
ESG.012,LEGAL.011,linked_through,ESG.012 → LEGAL.009 → LEGAL.011 (linked by QF038 + QL038),QF038+QL038,0.65
LEGAL.011,ESG.011,linked_through,LEGAL.011 → LEGAL.009 → ESG.011 (linked by QF038 + QL038),QF038+QL038,0.65
LEGAL.011,ESG.013,linked_through,LEGAL.011 → LEGAL.009 → ESG.013 (linked by QF038 + QL038),QF038+QL038,0.65
LEGAL.011,ESG.012,linked_through,LEGAL.011 → LEGAL.009 → ESG.012 (linked by QF038 + QL038),QF038+QL038,0.65
LEGAL.011,LEGAL.011,linked_through,LEGAL.011 → LEGAL.009 → LEGAL.011 (linked by QF038 + QL038),QF038+QL038,0.65
LEGAL.010,LEGAL.002,linked_through,LEGAL.010 → LEGAL.009 → LEGAL.002 (linked by QF008 + QF070),QF008+QF070,0.65
LEGAL.010,LEGAL.006,linked_through,LEGAL.010 → LEGAL.009 → LEGAL.006 (linked by QF008 + QF070),QF008+QF070,0.65
LEGAL.010,LEGAL.007,linked_through,LEGAL.010 → LEGAL.009 → LEGAL.007 (linked by QF008 + QF070),QF008+QF070,0.65
LEGAL.010,LEGAL.001,linked_through,LEGAL.010 → LEGAL.009 → LEGAL.001 (linked by QF008 + QF070),QF008+QF070,0.65
LEGAL.010,CORP.042,linked_through,LEGAL.010 → LEGAL.009 → CORP.042 (linked by QF008 + QF070),QF008+QF070,0.65
LEGAL.027,LEGAL.002,linked_through,LEGAL.027 → LEGAL.009 → LEGAL.002 (linked by QF008 + QF070),QF008+QF070,0.65
LEGAL.027,LEGAL.006,linked_through,LEGAL.027 → LEGAL.009 → LEGAL.006 (linked by QF008 + QF070),QF008+QF070,0.65
LEGAL.027,LEGAL.007,linked_through,LEGAL.027 → LEGAL.009 → LEGAL.007 (linked by QF008 + QF070),QF008+QF070,0.65
LEGAL.027,LEGAL.001,linked_through,LEGAL.027 → LEGAL.009 → LEGAL.001 (linked by QF008 + QF070),QF008+QF070,0.65
LEGAL.027,CORP.042,linked_through,LEGAL.027 → LEGAL.009 → CORP.042 (linked by QF008 + QF070),QF008+QF070,0.65
LEGAL.010,LEGAL.027,linked_through,LEGAL.010 → LEGAL.009 → LEGAL.027 (linked by QF008 + QL008),QF008+QL008,0.65
LEGAL.027,LEGAL.010,linked_through,LEGAL.027 → LEGAL.009 → LEGAL.010 (linked by QF008 + QL008),QF008+QL008,0.65
LEGAL.010,ESG.011,linked_through,LEGAL.010 → LEGAL.009 → ESG.011 (linked by QF008 + QL038),QF008+QL038,0.65
LEGAL.010,ESG.013,linked_through,LEGAL.010 → LEGAL.009 → ESG.013 (linked by QF008 + QL038),QF008+QL038,0.65
LEGAL.010,ESG.012,linked_through,LEGAL.010 → LEGAL.009 → ESG.012 (linked by QF008 + QL038),QF008+QL038,0.65
LEGAL.010,LEGAL.011,linked_through,LEGAL.010 → LEGAL.009 → LEGAL.011 (linked by QF008 + QL038),QF008+QL038,0.65
LEGAL.027,ESG.011,linked_through,LEGAL.027 → LEGAL.009 → ESG.011 (linked by QF008 + QL038),QF008+QL038,0.65
LEGAL.027,ESG.013,linked_through,LEGAL.027 → LEGAL.009 → ESG.013 (linked by QF008 + QL038),QF008+QL038,0.65
LEGAL.027,ESG.012,linked_through,LEGAL.027 → LEGAL.009 → ESG.012 (linked by QF008 + QL038),QF008+QL038,0.65
LEGAL.027,LEGAL.011,linked_through,LEGAL.027 → LEGAL.009 → LEGAL.011 (linked by QF008 + QL038),QF008+QL038,0.65
LEGAL.002,LEGAL.010,linked_through,LEGAL.002 → LEGAL.009 → LEGAL.010 (linked by QF070 + QL008),QF070+QL008,0.65
LEGAL.002,LEGAL.027,linked_through,LEGAL.002 → LEGAL.009 → LEGAL.027 (linked by QF070 + QL008),QF070+QL008,0.65
LEGAL.006,LEGAL.010,linked_through,LEGAL.006 → LEGAL.009 → LEGAL.010 (linked by QF070 + QL008),QF070+QL008,0.65
LEGAL.006,LEGAL.027,linked_through,LEGAL.006 → LEGAL.009 → LEGAL.027 (linked by QF070 + QL008),QF070+QL008,0.65
LEGAL.007,LEGAL.010,linked_through,LEGAL.007 → LEGAL.009 → LEGAL.010 (linked by QF070 + QL008),QF070+QL008,0.65
LEGAL.007,LEGAL.027,linked_through,LEGAL.007 → LEGAL.009 → LEGAL.027 (linked by QF070 + QL008),QF070+QL008,0.65
LEGAL.001,LEGAL.010,linked_through,LEGAL.001 → LEGAL.009 → LEGAL.010 (linked by QF070 + QL008),QF070+QL008,0.65
LEGAL.001,LEGAL.027,linked_through,LEGAL.001 → LEGAL.009 → LEGAL.027 (linked by QF070 + QL008),QF070+QL008,0.65
CORP.042,LEGAL.010,linked_through,CORP.042 → LEGAL.009 → LEGAL.010 (linked by QF070 + QL008),QF070+QL008,0.65
CORP.042,LEGAL.027,linked_through,CORP.042 → LEGAL.009 → LEGAL.027 (linked by QF070 + QL008),QF070+QL008,0.65
LEGAL.002,LEGAL.002,linked_through,LEGAL.002 → LEGAL.009 → LEGAL.002 (linked by QF070 + QL070),QF070+QL070,0.65
LEGAL.002,LEGAL.006,linked_through,LEGAL.002 → LEGAL.009 → LEGAL.006 (linked by QF070 + QL070),QF070+QL070,0.65
LEGAL.002,LEGAL.007,linked_through,LEGAL.002 → LEGAL.009 → LEGAL.007 (linked by QF070 + QL070),QF070+QL070,0.65
LEGAL.002,LEGAL.001,linked_through,LEGAL.002 → LEGAL.009 → LEGAL.001 (linked by QF070 + QL070),QF070+QL070,0.65
LEGAL.002,CORP.042,linked_through,LEGAL.002 → LEGAL.009 → CORP.042 (linked by QF070 + QL070),QF070+QL070,0.65
LEGAL.006,LEGAL.002,linked_through,LEGAL.006 → LEGAL.009 → LEGAL.002 (linked by QF070 + QL070),QF070+QL070,0.65
LEGAL.006,LEGAL.006,linked_through,LEGAL.006 → LEGAL.009 → LEGAL.006 (linked by QF070 + QL070),QF070+QL070,0.65
LEGAL.006,LEGAL.007,linked_through,LEGAL.006 → LEGAL.009 → LEGAL.007 (linked by QF070 + QL070),QF070+QL070,0.65
LEGAL.006,LEGAL.001,linked_through,LEGAL.006 → LEGAL.009 → LEGAL.001 (linked by QF070 + QL070),QF070+QL070,0.65
LEGAL.006,CORP.042,linked_through,LEGAL.006 → LEGAL.009 → CORP.042 (linked by QF070 + QL070),QF070+QL070,0.65
LEGAL.007,LEGAL.002,linked_through,LEGAL.007 → LEGAL.009 → LEGAL.002 (linked by QF070 + QL070),QF070+QL070,0.65
LEGAL.007,LEGAL.006,linked_through,LEGAL.007 → LEGAL.009 → LEGAL.006 (linked by QF070 + QL070),QF070+QL070,0.65
LEGAL.007,LEGAL.007,linked_through,LEGAL.007 → LEGAL.009 → LEGAL.007 (linked by QF070 + QL070),QF070+QL070,0.65
LEGAL.007,LEGAL.001,linked_through,LEGAL.007 → LEGAL.009 → LEGAL.001 (linked by QF070 + QL070),QF070+QL070,0.65
LEGAL.007,CORP.042,linked_through,LEGAL.007 → LEGAL.009 → CORP.042 (linked by QF070 + QL070),QF070+QL070,0.65
LEGAL.001,LEGAL.002,linked_through,LEGAL.001 → LEGAL.009 → LEGAL.002 (linked by QF070 + QL070),QF070+QL070,0.65
LEGAL.001,LEGAL.006,linked_through,LEGAL.001 → LEGAL.009 → LEGAL.006 (linked by QF070 + QL070),QF070+QL070,0.65
LEGAL.001,LEGAL.007,linked_through,LEGAL.001 → LEGAL.009 → LEGAL.007 (linked by QF070 + QL070),QF070+QL070,0.65
LEGAL.001,LEGAL.001,linked_through,LEGAL.001 → LEGAL.009 → LEGAL.001 (linked by QF070 + QL070),QF070+QL070,0.65
LEGAL.001,CORP.042,linked_through,LEGAL.001 → LEGAL.009 → CORP.042 (linked by QF070 + QL070),QF070+QL070,0.65
CORP.042,LEGAL.002,linked_through,CORP.042 → LEGAL.009 → LEGAL.002 (linked by QF070 + QL070),QF070+QL070,0.65
CORP.042,LEGAL.006,linked_through,CORP.042 → LEGAL.009 → LEGAL.006 (linked by QF070 + QL070),QF070+QL070,0.65
CORP.042,LEGAL.007,linked_through,CORP.042 → LEGAL.009 → LEGAL.007 (linked by QF070 + QL070),QF070+QL070,0.65
CORP.042,LEGAL.001,linked_through,CORP.042 → LEGAL.009 → LEGAL.001 (linked by QF070 + QL070),QF070+QL070,0.65
CORP.042,CORP.042,linked_through,CORP.042 → LEGAL.009 → CORP.042 (linked by QF070 + QL070),QF070+QL070,0.65
LEGAL.002,ESG.011,linked_through,LEGAL.002 → LEGAL.009 → ESG.011 (linked by QF070 + QL038),QF070+QL038,0.65
LEGAL.002,ESG.013,linked_through,LEGAL.002 → LEGAL.009 → ESG.013 (linked by QF070 + QL038),QF070+QL038,0.65
LEGAL.002,ESG.012,linked_through,LEGAL.002 → LEGAL.009 → ESG.012 (linked by QF070 + QL038),QF070+QL038,0.65
LEGAL.002,LEGAL.011,linked_through,LEGAL.002 → LEGAL.009 → LEGAL.011 (linked by QF070 + QL038),QF070+QL038,0.65
LEGAL.006,ESG.011,linked_through,LEGAL.006 → LEGAL.009 → ESG.011 (linked by QF070 + QL038),QF070+QL038,0.65
LEGAL.006,ESG.013,linked_through,LEGAL.006 → LEGAL.009 → ESG.013 (linked by QF070 + QL038),QF070+QL038,0.65
LEGAL.006,ESG.012,linked_through,LEGAL.006 → LEGAL.009 → ESG.012 (linked by QF070 + QL038),QF070+QL038,0.65
LEGAL.006,LEGAL.011,linked_through,LEGAL.006 → LEGAL.009 → LEGAL.011 (linked by QF070 + QL038),QF070+QL038,0.65
LEGAL.007,ESG.011,linked_through,LEGAL.007 → LEGAL.009 → ESG.011 (linked by QF070 + QL038),QF070+QL038,0.65
LEGAL.007,ESG.013,linked_through,LEGAL.007 → LEGAL.009 → ESG.013 (linked by QF070 + QL038),QF070+QL038,0.65
LEGAL.007,ESG.012,linked_through,LEGAL.007 → LEGAL.009 → ESG.012 (linked by QF070 + QL038),QF070+QL038,0.65
LEGAL.007,LEGAL.011,linked_through,LEGAL.007 → LEGAL.009 → LEGAL.011 (linked by QF070 + QL038),QF070+QL038,0.65
LEGAL.001,ESG.011,linked_through,LEGAL.001 → LEGAL.009 → ESG.011 (linked by QF070 + QL038),QF070+QL038,0.65
LEGAL.001,ESG.013,linked_through,LEGAL.001 → LEGAL.009 → ESG.013 (linked by QF070 + QL038),QF070+QL038,0.65
LEGAL.001,ESG.012,linked_through,LEGAL.001 → LEGAL.009 → ESG.012 (linked by QF070 + QL038),QF070+QL038,0.65
LEGAL.001,LEGAL.011,linked_through,LEGAL.001 → LEGAL.009 → LEGAL.011 (linked by QF070 + QL038),QF070+QL038,0.65
CORP.042,ESG.011,linked_through,CORP.042 → LEGAL.009 → ESG.011 (linked by QF070 + QL038),QF070+QL038,0.65
CORP.042,ESG.013,linked_through,CORP.042 → LEGAL.009 → ESG.013 (linked by QF070 + QL038),QF070+QL038,0.65
CORP.042,ESG.012,linked_through,CORP.042 → LEGAL.009 → ESG.012 (linked by QF070 + QL038),QF070+QL038,0.65
CORP.042,LEGAL.011,linked_through,CORP.042 → LEGAL.009 → LEGAL.011 (linked by QF070 + QL038),QF070+QL038,0.65
LEGAL.027,LEGAL.009,linked_through,LEGAL.027 → LEGAL.010 → LEGAL.009 (linked by QL008 + QF008),QL008+QF008,0.65
LEGAL.009,LEGAL.027,linked_through,LEGAL.009 → LEGAL.010 → LEGAL.027 (linked by QL008 + QF008),QL008+QF008,0.65
CORP.006,CORP.006,linked_through,CORP.006 → CORP.005 → CORP.006 (linked by QL065 + QF065),QL065+QF065,0.65
CORP.005,CORP.005,linked_through,CORP.005 → CORP.006 → CORP.005 (linked by QL065 + QF065),QL065+QF065,0.65
TXN.004,TXN.018,linked_through,TXN.004 → TXN.001 → TXN.018 (linked by QL010 + QL069),QL010+QL069,0.65
TXN.004,TXN.003,linked_through,TXN.004 → TXN.001 → TXN.003 (linked by QL010 + QL069),QL010+QL069,0.65
TXN.004,TXN.002,linked_through,TXN.004 → TXN.001 → TXN.002 (linked by QL010 + QL069),QL010+QL069,0.65
TXN.004,TXN.019,linked_through,TXN.004 → TXN.001 → TXN.019 (linked by QL010 + QL069),QL010+QL069,0.65
LEGAL.016,TXN.018,linked_through,LEGAL.016 → TXN.001 → TXN.018 (linked by QL010 + QL069),QL010+QL069,0.65
LEGAL.016,TXN.003,linked_through,LEGAL.016 → TXN.001 → TXN.003 (linked by QL010 + QL069),QL010+QL069,0.65
LEGAL.016,TXN.002,linked_through,LEGAL.016 → TXN.001 → TXN.002 (linked by QL010 + QL069),QL010+QL069,0.65
LEGAL.016,TXN.019,linked_through,LEGAL.016 → TXN.001 → TXN.019 (linked by QL010 + QL069),QL010+QL069,0.65
LEGAL.033,TXN.018,linked_through,LEGAL.033 → TXN.001 → TXN.018 (linked by QL010 + QL069),QL010+QL069,0.65
LEGAL.033,TXN.003,linked_through,LEGAL.033 → TXN.001 → TXN.003 (linked by QL010 + QL069),QL010+QL069,0.65
LEGAL.033,TXN.002,linked_through,LEGAL.033 → TXN.001 → TXN.002 (linked by QL010 + QL069),QL010+QL069,0.65
LEGAL.033,TXN.019,linked_through,LEGAL.033 → TXN.001 → TXN.019 (linked by QL010 + QL069),QL010+QL069,0.65
TXN.005,TXN.018,linked_through,TXN.005 → TXN.001 → TXN.018 (linked by QL010 + QL069),QL010+QL069,0.65
TXN.005,TXN.003,linked_through,TXN.005 → TXN.001 → TXN.003 (linked by QL010 + QL069),QL010+QL069,0.65
TXN.005,TXN.002,linked_through,TXN.005 → TXN.001 → TXN.002 (linked by QL010 + QL069),QL010+QL069,0.65
TXN.005,TXN.019,linked_through,TXN.005 → TXN.001 → TXN.019 (linked by QL010 + QL069),QL010+QL069,0.65
TXN.004,TXN.004,linked_through,TXN.004 → TXN.001 → TXN.004 (linked by QL010 + QF010),QL010+QF010,0.65
TXN.004,LEGAL.016,linked_through,TXN.004 → TXN.001 → LEGAL.016 (linked by QL010 + QF010),QL010+QF010,0.65
TXN.004,LEGAL.033,linked_through,TXN.004 → TXN.001 → LEGAL.033 (linked by QL010 + QF010),QL010+QF010,0.65
TXN.004,TXN.005,linked_through,TXN.004 → TXN.001 → TXN.005 (linked by QL010 + QF010),QL010+QF010,0.65
LEGAL.016,TXN.004,linked_through,LEGAL.016 → TXN.001 → TXN.004 (linked by QL010 + QF010),QL010+QF010,0.65
LEGAL.016,LEGAL.016,linked_through,LEGAL.016 → TXN.001 → LEGAL.016 (linked by QL010 + QF010),QL010+QF010,0.65
LEGAL.016,LEGAL.033,linked_through,LEGAL.016 → TXN.001 → LEGAL.033 (linked by QL010 + QF010),QL010+QF010,0.65
LEGAL.016,TXN.005,linked_through,LEGAL.016 → TXN.001 → TXN.005 (linked by QL010 + QF010),QL010+QF010,0.65
LEGAL.033,TXN.004,linked_through,LEGAL.033 → TXN.001 → TXN.004 (linked by QL010 + QF010),QL010+QF010,0.65
LEGAL.033,LEGAL.016,linked_through,LEGAL.033 → TXN.001 → LEGAL.016 (linked by QL010 + QF010),QL010+QF010,0.65
LEGAL.033,LEGAL.033,linked_through,LEGAL.033 → TXN.001 → LEGAL.033 (linked by QL010 + QF010),QL010+QF010,0.65
LEGAL.033,TXN.005,linked_through,LEGAL.033 → TXN.001 → TXN.005 (linked by QL010 + QF010),QL010+QF010,0.65
TXN.005,TXN.004,linked_through,TXN.005 → TXN.001 → TXN.004 (linked by QL010 + QF010),QL010+QF010,0.65
TXN.005,LEGAL.016,linked_through,TXN.005 → TXN.001 → LEGAL.016 (linked by QL010 + QF010),QL010+QF010,0.65
TXN.005,LEGAL.033,linked_through,TXN.005 → TXN.001 → LEGAL.033 (linked by QL010 + QF010),QL010+QF010,0.65
TXN.005,TXN.005,linked_through,TXN.005 → TXN.001 → TXN.005 (linked by QL010 + QF010),QL010+QF010,0.65
TXN.004,TXN.006,linked_through,TXN.004 → TXN.001 → TXN.006 (linked by QL010 + QF075),QL010+QF075,0.65
TXN.004,CORP.012,linked_through,TXN.004 → TXN.001 → CORP.012 (linked by QL010 + QF075),QL010+QF075,0.65
TXN.004,CORP.013,linked_through,TXN.004 → TXN.001 → CORP.013 (linked by QL010 + QF075),QL010+QF075,0.65
LEGAL.016,TXN.006,linked_through,LEGAL.016 → TXN.001 → TXN.006 (linked by QL010 + QF075),QL010+QF075,0.65
LEGAL.016,CORP.012,linked_through,LEGAL.016 → TXN.001 → CORP.012 (linked by QL010 + QF075),QL010+QF075,0.65
LEGAL.016,CORP.013,linked_through,LEGAL.016 → TXN.001 → CORP.013 (linked by QL010 + QF075),QL010+QF075,0.65
LEGAL.033,TXN.006,linked_through,LEGAL.033 → TXN.001 → TXN.006 (linked by QL010 + QF075),QL010+QF075,0.65
LEGAL.033,CORP.012,linked_through,LEGAL.033 → TXN.001 → CORP.012 (linked by QL010 + QF075),QL010+QF075,0.65
LEGAL.033,CORP.013,linked_through,LEGAL.033 → TXN.001 → CORP.013 (linked by QL010 + QF075),QL010+QF075,0.65
TXN.005,TXN.006,linked_through,TXN.005 → TXN.001 → TXN.006 (linked by QL010 + QF075),QL010+QF075,0.65
TXN.005,CORP.012,linked_through,TXN.005 → TXN.001 → CORP.012 (linked by QL010 + QF075),QL010+QF075,0.65
TXN.005,CORP.013,linked_through,TXN.005 → TXN.001 → CORP.013 (linked by QL010 + QF075),QL010+QF075,0.65
TXN.018,TXN.003,linked_through,TXN.018 → TXN.001 → TXN.003 (linked by QL069 + QF069),QL069+QF069,0.65
TXN.003,TXN.018,linked_through,TXN.003 → TXN.001 → TXN.018 (linked by QL069 + QF069),QL069+QF069,0.65
TXN.003,TXN.002,linked_through,TXN.003 → TXN.001 → TXN.002 (linked by QL069 + QF069),QL069+QF069,0.65
TXN.003,TXN.019,linked_through,TXN.003 → TXN.001 → TXN.019 (linked by QL069 + QF069),QL069+QF069,0.65
TXN.002,TXN.003,linked_through,TXN.002 → TXN.001 → TXN.003 (linked by QL069 + QF069),QL069+QF069,0.65
TXN.019,TXN.003,linked_through,TXN.019 → TXN.001 → TXN.003 (linked by QL069 + QF069),QL069+QF069,0.65
TXN.018,TXN.004,linked_through,TXN.018 → TXN.001 → TXN.004 (linked by QL069 + QF010),QL069+QF010,0.65
TXN.018,LEGAL.016,linked_through,TXN.018 → TXN.001 → LEGAL.016 (linked by QL069 + QF010),QL069+QF010,0.65
TXN.018,LEGAL.033,linked_through,TXN.018 → TXN.001 → LEGAL.033 (linked by QL069 + QF010),QL069+QF010,0.65
TXN.018,TXN.005,linked_through,TXN.018 → TXN.001 → TXN.005 (linked by QL069 + QF010),QL069+QF010,0.65
TXN.003,TXN.004,linked_through,TXN.003 → TXN.001 → TXN.004 (linked by QL069 + QF010),QL069+QF010,0.65
TXN.003,LEGAL.016,linked_through,TXN.003 → TXN.001 → LEGAL.016 (linked by QL069 + QF010),QL069+QF010,0.65
TXN.003,LEGAL.033,linked_through,TXN.003 → TXN.001 → LEGAL.033 (linked by QL069 + QF010),QL069+QF010,0.65
TXN.003,TXN.005,linked_through,TXN.003 → TXN.001 → TXN.005 (linked by QL069 + QF010),QL069+QF010,0.65
TXN.002,TXN.004,linked_through,TXN.002 → TXN.001 → TXN.004 (linked by QL069 + QF010),QL069+QF010,0.65
TXN.002,LEGAL.016,linked_through,TXN.002 → TXN.001 → LEGAL.016 (linked by QL069 + QF010),QL069+QF010,0.65
TXN.002,LEGAL.033,linked_through,TXN.002 → TXN.001 → LEGAL.033 (linked by QL069 + QF010),QL069+QF010,0.65
TXN.002,TXN.005,linked_through,TXN.002 → TXN.001 → TXN.005 (linked by QL069 + QF010),QL069+QF010,0.65
TXN.019,TXN.004,linked_through,TXN.019 → TXN.001 → TXN.004 (linked by QL069 + QF010),QL069+QF010,0.65
TXN.019,LEGAL.016,linked_through,TXN.019 → TXN.001 → LEGAL.016 (linked by QL069 + QF010),QL069+QF010,0.65
TXN.019,LEGAL.033,linked_through,TXN.019 → TXN.001 → LEGAL.033 (linked by QL069 + QF010),QL069+QF010,0.65
TXN.019,TXN.005,linked_through,TXN.019 → TXN.001 → TXN.005 (linked by QL069 + QF010),QL069+QF010,0.65
TXN.018,TXN.006,linked_through,TXN.018 → TXN.001 → TXN.006 (linked by QL069 + QF075),QL069+QF075,0.65
TXN.018,CORP.012,linked_through,TXN.018 → TXN.001 → CORP.012 (linked by QL069 + QF075),QL069+QF075,0.65
TXN.002,TXN.006,linked_through,TXN.002 → TXN.001 → TXN.006 (linked by QL069 + QF075),QL069+QF075,0.65
TXN.002,CORP.012,linked_through,TXN.002 → TXN.001 → CORP.012 (linked by QL069 + QF075),QL069+QF075,0.65
TXN.019,TXN.006,linked_through,TXN.019 → TXN.001 → TXN.006 (linked by QL069 + QF075),QL069+QF075,0.65
TXN.019,CORP.012,linked_through,TXN.019 → TXN.001 → CORP.012 (linked by QL069 + QF075),QL069+QF075,0.65
LEGAL.033,TXN.001,linked_through,LEGAL.033 → TXN.004 → TXN.001 (linked by QL010 + QF010),QL010+QF010,0.65
LEGAL.016,TXN.001,linked_through,LEGAL.016 → TXN.004 → TXN.001 (linked by QL010 + QF010),QL010+QF010,0.65
TXN.001,LEGAL.033,linked_through,TXN.001 → TXN.004 → LEGAL.033 (linked by QL010 + QF010),QL010+QF010,0.65
TXN.001,LEGAL.016,linked_through,TXN.001 → TXN.004 → LEGAL.016 (linked by QL010 + QF010),QL010+QF010,0.65
TXN.001,TXN.005,linked_through,TXN.001 → TXN.004 → TXN.005 (linked by QL010 + QF010),QL010+QF010,0.65
TXN.005,TXN.001,linked_through,TXN.005 → TXN.004 → TXN.001 (linked by QL010 + QF010),QL010+QF010,0.65
TXN.004,TXN.001,linked_through,TXN.004 → TXN.005 → TXN.001 (linked by QL010 + QF010),QL010+QF010,0.65
TXN.001,TXN.004,linked_through,TXN.001 → TXN.005 → TXN.004 (linked by QL010 + QF010),QL010+QF010,0.65
CORP.042,LEGAL.015,linked_through,CORP.042 → LEGAL.033 → LEGAL.015 (linked by QF064 + QF083),QF064+QF083,0.65
CORP.042,LEGAL.019,linked_through,CORP.042 → LEGAL.033 → LEGAL.019 (linked by QF064 + QF083),QF064+QF083,0.65
CORP.031,LEGAL.015,linked_through,CORP.031 → LEGAL.033 → LEGAL.015 (linked by QF064 + QF083),QF064+QF083,0.65
CORP.031,LEGAL.019,linked_through,CORP.031 → LEGAL.033 → LEGAL.019 (linked by QF064 + QF083),QF064+QF083,0.65
CORP.042,CORP.044,linked_through,CORP.042 → LEGAL.033 → CORP.044 (linked by QF064 + QF081),QF064+QF081,0.65
CORP.042,CORP.045,linked_through,CORP.042 → LEGAL.033 → CORP.045 (linked by QF064 + QF081),QF064+QF081,0.65
CORP.031,CORP.044,linked_through,CORP.031 → LEGAL.033 → CORP.044 (linked by QF064 + QF081),QF064+QF081,0.65
CORP.031,CORP.045,linked_through,CORP.031 → LEGAL.033 → CORP.045 (linked by QF064 + QF081),QF064+QF081,0.65
CORP.042,RISK.001,linked_through,CORP.042 → LEGAL.033 → RISK.001 (linked by QF064 + QF080),QF064+QF080,0.65
CORP.042,RISK.010,linked_through,CORP.042 → LEGAL.033 → RISK.010 (linked by QF064 + QF080),QF064+QF080,0.65
CORP.042,RISK.008,linked_through,CORP.042 → LEGAL.033 → RISK.008 (linked by QF064 + QF080),QF064+QF080,0.65
CORP.042,RISK.003,linked_through,CORP.042 → LEGAL.033 → RISK.003 (linked by QF064 + QF080),QF064+QF080,0.65
CORP.031,RISK.001,linked_through,CORP.031 → LEGAL.033 → RISK.001 (linked by QF064 + QF080),QF064+QF080,0.65
CORP.031,RISK.010,linked_through,CORP.031 → LEGAL.033 → RISK.010 (linked by QF064 + QF080),QF064+QF080,0.65
CORP.031,RISK.008,linked_through,CORP.031 → LEGAL.033 → RISK.008 (linked by QF064 + QF080),QF064+QF080,0.65
CORP.031,RISK.003,linked_through,CORP.031 → LEGAL.033 → RISK.003 (linked by QF064 + QF080),QF064+QF080,0.65
CORP.042,TXN.004,linked_through,CORP.042 → LEGAL.033 → TXN.004 (linked by QF064 + QL010),QF064+QL010,0.65
CORP.042,LEGAL.016,linked_through,CORP.042 → LEGAL.033 → LEGAL.016 (linked by QF064 + QL010),QF064+QL010,0.65
CORP.042,TXN.001,linked_through,CORP.042 → LEGAL.033 → TXN.001 (linked by QF064 + QL010),QF064+QL010,0.65
CORP.042,TXN.005,linked_through,CORP.042 → LEGAL.033 → TXN.005 (linked by QF064 + QL010),QF064+QL010,0.65
CORP.031,TXN.004,linked_through,CORP.031 → LEGAL.033 → TXN.004 (linked by QF064 + QL010),QF064+QL010,0.65
CORP.031,LEGAL.016,linked_through,CORP.031 → LEGAL.033 → LEGAL.016 (linked by QF064 + QL010),QF064+QL010,0.65
CORP.031,TXN.001,linked_through,CORP.031 → LEGAL.033 → TXN.001 (linked by QF064 + QL010),QF064+QL010,0.65
CORP.031,TXN.005,linked_through,CORP.031 → LEGAL.033 → TXN.005 (linked by QF064 + QL010),QF064+QL010,0.65
CORP.042,LEGAL.013,linked_through,CORP.042 → LEGAL.033 → LEGAL.013 (linked by QF064 + QL082),QF064+QL082,0.65
CORP.031,LEGAL.013,linked_through,CORP.031 → LEGAL.033 → LEGAL.013 (linked by QF064 + QL082),QF064+QL082,0.65
CORP.042,ESG.026,linked_through,CORP.042 → LEGAL.033 → ESG.026 (linked by QF064 + QF044),QF064+QF044,0.65
CORP.042,LEGAL.031,linked_through,CORP.042 → LEGAL.033 → LEGAL.031 (linked by QF064 + QF044),QF064+QF044,0.65
CORP.031,ESG.026,linked_through,CORP.031 → LEGAL.033 → ESG.026 (linked by QF064 + QF044),QF064+QF044,0.65
CORP.031,LEGAL.031,linked_through,CORP.031 → LEGAL.033 → LEGAL.031 (linked by QF064 + QF044),QF064+QF044,0.65
CORP.042,TECH.023,linked_through,CORP.042 → LEGAL.033 → TECH.023 (linked by QF064 + QF084),QF064+QF084,0.65
CORP.031,TECH.023,linked_through,CORP.031 → LEGAL.033 → TECH.023 (linked by QF064 + QF084),QF064+QF084,0.65
CORP.042,CORP.031,linked_through,CORP.042 → LEGAL.033 → CORP.031 (linked by QF064 + QL064),QF064+QL064,0.65
CORP.031,CORP.042,linked_through,CORP.031 → LEGAL.033 → CORP.042 (linked by QF064 + QL064),QF064+QL064,0.65
CORP.031,CORP.031,linked_through,CORP.031 → LEGAL.033 → CORP.031 (linked by QF064 + QL064),QF064+QL064,0.65
LEGAL.015,CORP.044,linked_through,LEGAL.015 → LEGAL.033 → CORP.044 (linked by QF083 + QF081),QF083+QF081,0.65
LEGAL.015,CORP.045,linked_through,LEGAL.015 → LEGAL.033 → CORP.045 (linked by QF083 + QF081),QF083+QF081,0.65
LEGAL.019,CORP.044,linked_through,LEGAL.019 → LEGAL.033 → CORP.044 (linked by QF083 + QF081),QF083+QF081,0.65
LEGAL.019,CORP.045,linked_through,LEGAL.019 → LEGAL.033 → CORP.045 (linked by QF083 + QF081),QF083+QF081,0.65
LEGAL.015,RISK.001,linked_through,LEGAL.015 → LEGAL.033 → RISK.001 (linked by QF083 + QF080),QF083+QF080,0.65
LEGAL.015,RISK.010,linked_through,LEGAL.015 → LEGAL.033 → RISK.010 (linked by QF083 + QF080),QF083+QF080,0.65
LEGAL.015,RISK.008,linked_through,LEGAL.015 → LEGAL.033 → RISK.008 (linked by QF083 + QF080),QF083+QF080,0.65
LEGAL.015,RISK.003,linked_through,LEGAL.015 → LEGAL.033 → RISK.003 (linked by QF083 + QF080),QF083+QF080,0.65
LEGAL.019,RISK.001,linked_through,LEGAL.019 → LEGAL.033 → RISK.001 (linked by QF083 + QF080),QF083+QF080,0.65
LEGAL.019,RISK.010,linked_through,LEGAL.019 → LEGAL.033 → RISK.010 (linked by QF083 + QF080),QF083+QF080,0.65
LEGAL.019,RISK.008,linked_through,LEGAL.019 → LEGAL.033 → RISK.008 (linked by QF083 + QF080),QF083+QF080,0.65
LEGAL.019,RISK.003,linked_through,LEGAL.019 → LEGAL.033 → RISK.003 (linked by QF083 + QF080),QF083+QF080,0.65
LEGAL.015,TXN.004,linked_through,LEGAL.015 → LEGAL.033 → TXN.004 (linked by QF083 + QL010),QF083+QL010,0.65
LEGAL.015,LEGAL.016,linked_through,LEGAL.015 → LEGAL.033 → LEGAL.016 (linked by QF083 + QL010),QF083+QL010,0.65
LEGAL.015,TXN.001,linked_through,LEGAL.015 → LEGAL.033 → TXN.001 (linked by QF083 + QL010),QF083+QL010,0.65
LEGAL.015,TXN.005,linked_through,LEGAL.015 → LEGAL.033 → TXN.005 (linked by QF083 + QL010),QF083+QL010,0.65
LEGAL.019,TXN.004,linked_through,LEGAL.019 → LEGAL.033 → TXN.004 (linked by QF083 + QL010),QF083+QL010,0.65
LEGAL.019,LEGAL.016,linked_through,LEGAL.019 → LEGAL.033 → LEGAL.016 (linked by QF083 + QL010),QF083+QL010,0.65
LEGAL.019,TXN.001,linked_through,LEGAL.019 → LEGAL.033 → TXN.001 (linked by QF083 + QL010),QF083+QL010,0.65
LEGAL.019,TXN.005,linked_through,LEGAL.019 → LEGAL.033 → TXN.005 (linked by QF083 + QL010),QF083+QL010,0.65
LEGAL.015,LEGAL.013,linked_through,LEGAL.015 → LEGAL.033 → LEGAL.013 (linked by QF083 + QL082),QF083+QL082,0.65
LEGAL.019,LEGAL.013,linked_through,LEGAL.019 → LEGAL.033 → LEGAL.013 (linked by QF083 + QL082),QF083+QL082,0.65
LEGAL.015,ESG.026,linked_through,LEGAL.015 → LEGAL.033 → ESG.026 (linked by QF083 + QF044),QF083+QF044,0.65
LEGAL.015,LEGAL.031,linked_through,LEGAL.015 → LEGAL.033 → LEGAL.031 (linked by QF083 + QF044),QF083+QF044,0.65
LEGAL.019,ESG.026,linked_through,LEGAL.019 → LEGAL.033 → ESG.026 (linked by QF083 + QF044),QF083+QF044,0.65
LEGAL.019,LEGAL.031,linked_through,LEGAL.019 → LEGAL.033 → LEGAL.031 (linked by QF083 + QF044),QF083+QF044,0.65
LEGAL.015,TECH.023,linked_through,LEGAL.015 → LEGAL.033 → TECH.023 (linked by QF083 + QF084),QF083+QF084,0.65
LEGAL.019,TECH.023,linked_through,LEGAL.019 → LEGAL.033 → TECH.023 (linked by QF083 + QF084),QF083+QF084,0.65
LEGAL.015,LEGAL.015,linked_through,LEGAL.015 → LEGAL.033 → LEGAL.015 (linked by QF083 + QL083),QF083+QL083,0.65
LEGAL.015,LEGAL.019,linked_through,LEGAL.015 → LEGAL.033 → LEGAL.019 (linked by QF083 + QL083),QF083+QL083,0.65
LEGAL.019,LEGAL.015,linked_through,LEGAL.019 → LEGAL.033 → LEGAL.015 (linked by QF083 + QL083),QF083+QL083,0.65
LEGAL.019,LEGAL.019,linked_through,LEGAL.019 → LEGAL.033 → LEGAL.019 (linked by QF083 + QL083),QF083+QL083,0.65
LEGAL.015,CORP.042,linked_through,LEGAL.015 → LEGAL.033 → CORP.042 (linked by QF083 + QL064),QF083+QL064,0.65
LEGAL.015,CORP.031,linked_through,LEGAL.015 → LEGAL.033 → CORP.031 (linked by QF083 + QL064),QF083+QL064,0.65
LEGAL.019,CORP.042,linked_through,LEGAL.019 → LEGAL.033 → CORP.042 (linked by QF083 + QL064),QF083+QL064,0.65
LEGAL.019,CORP.031,linked_through,LEGAL.019 → LEGAL.033 → CORP.031 (linked by QF083 + QL064),QF083+QL064,0.65
CORP.044,RISK.001,linked_through,CORP.044 → LEGAL.033 → RISK.001 (linked by QF081 + QF080),QF081+QF080,0.65
CORP.044,RISK.010,linked_through,CORP.044 → LEGAL.033 → RISK.010 (linked by QF081 + QF080),QF081+QF080,0.65
CORP.044,RISK.008,linked_through,CORP.044 → LEGAL.033 → RISK.008 (linked by QF081 + QF080),QF081+QF080,0.65
CORP.044,RISK.003,linked_through,CORP.044 → LEGAL.033 → RISK.003 (linked by QF081 + QF080),QF081+QF080,0.65
CORP.045,RISK.001,linked_through,CORP.045 → LEGAL.033 → RISK.001 (linked by QF081 + QF080),QF081+QF080,0.65
CORP.045,RISK.010,linked_through,CORP.045 → LEGAL.033 → RISK.010 (linked by QF081 + QF080),QF081+QF080,0.65
CORP.045,RISK.008,linked_through,CORP.045 → LEGAL.033 → RISK.008 (linked by QF081 + QF080),QF081+QF080,0.65
CORP.045,RISK.003,linked_through,CORP.045 → LEGAL.033 → RISK.003 (linked by QF081 + QF080),QF081+QF080,0.65
CORP.044,TXN.004,linked_through,CORP.044 → LEGAL.033 → TXN.004 (linked by QF081 + QL010),QF081+QL010,0.65
CORP.044,LEGAL.016,linked_through,CORP.044 → LEGAL.033 → LEGAL.016 (linked by QF081 + QL010),QF081+QL010,0.65
CORP.044,TXN.001,linked_through,CORP.044 → LEGAL.033 → TXN.001 (linked by QF081 + QL010),QF081+QL010,0.65
CORP.044,TXN.005,linked_through,CORP.044 → LEGAL.033 → TXN.005 (linked by QF081 + QL010),QF081+QL010,0.65
CORP.045,TXN.004,linked_through,CORP.045 → LEGAL.033 → TXN.004 (linked by QF081 + QL010),QF081+QL010,0.65
CORP.045,LEGAL.016,linked_through,CORP.045 → LEGAL.033 → LEGAL.016 (linked by QF081 + QL010),QF081+QL010,0.65
CORP.045,TXN.001,linked_through,CORP.045 → LEGAL.033 → TXN.001 (linked by QF081 + QL010),QF081+QL010,0.65
CORP.045,TXN.005,linked_through,CORP.045 → LEGAL.033 → TXN.005 (linked by QF081 + QL010),QF081+QL010,0.65
CORP.044,LEGAL.013,linked_through,CORP.044 → LEGAL.033 → LEGAL.013 (linked by QF081 + QL082),QF081+QL082,0.65
CORP.045,LEGAL.013,linked_through,CORP.045 → LEGAL.033 → LEGAL.013 (linked by QF081 + QL082),QF081+QL082,0.65
CORP.044,ESG.026,linked_through,CORP.044 → LEGAL.033 → ESG.026 (linked by QF081 + QF044),QF081+QF044,0.65
CORP.044,LEGAL.031,linked_through,CORP.044 → LEGAL.033 → LEGAL.031 (linked by QF081 + QF044),QF081+QF044,0.65
CORP.045,ESG.026,linked_through,CORP.045 → LEGAL.033 → ESG.026 (linked by QF081 + QF044),QF081+QF044,0.65
CORP.045,LEGAL.031,linked_through,CORP.045 → LEGAL.033 → LEGAL.031 (linked by QF081 + QF044),QF081+QF044,0.65
CORP.044,TECH.023,linked_through,CORP.044 → LEGAL.033 → TECH.023 (linked by QF081 + QF084),QF081+QF084,0.65
CORP.045,TECH.023,linked_through,CORP.045 → LEGAL.033 → TECH.023 (linked by QF081 + QF084),QF081+QF084,0.65
CORP.044,CORP.044,linked_through,CORP.044 → LEGAL.033 → CORP.044 (linked by QF081 + QF085),QF081+QF085,0.65
CORP.045,CORP.044,linked_through,CORP.045 → LEGAL.033 → CORP.044 (linked by QF081 + QF085),QF081+QF085,0.65
CORP.044,CORP.045,linked_through,CORP.044 → LEGAL.033 → CORP.045 (linked by QF081 + QL081),QF081+QL081,0.65
CORP.045,CORP.045,linked_through,CORP.045 → LEGAL.033 → CORP.045 (linked by QF081 + QL081),QF081+QL081,0.65
CORP.044,LEGAL.015,linked_through,CORP.044 → LEGAL.033 → LEGAL.015 (linked by QF081 + QL083),QF081+QL083,0.65
CORP.044,LEGAL.019,linked_through,CORP.044 → LEGAL.033 → LEGAL.019 (linked by QF081 + QL083),QF081+QL083,0.65
CORP.045,LEGAL.015,linked_through,CORP.045 → LEGAL.033 → LEGAL.015 (linked by QF081 + QL083),QF081+QL083,0.65
CORP.045,LEGAL.019,linked_through,CORP.045 → LEGAL.033 → LEGAL.019 (linked by QF081 + QL083),QF081+QL083,0.65
CORP.044,CORP.042,linked_through,CORP.044 → LEGAL.033 → CORP.042 (linked by QF081 + QL064),QF081+QL064,0.65
CORP.044,CORP.031,linked_through,CORP.044 → LEGAL.033 → CORP.031 (linked by QF081 + QL064),QF081+QL064,0.65
CORP.045,CORP.042,linked_through,CORP.045 → LEGAL.033 → CORP.042 (linked by QF081 + QL064),QF081+QL064,0.65
CORP.045,CORP.031,linked_through,CORP.045 → LEGAL.033 → CORP.031 (linked by QF081 + QL064),QF081+QL064,0.65
RISK.001,TXN.004,linked_through,RISK.001 → LEGAL.033 → TXN.004 (linked by QF080 + QL010),QF080+QL010,0.65
RISK.001,LEGAL.016,linked_through,RISK.001 → LEGAL.033 → LEGAL.016 (linked by QF080 + QL010),QF080+QL010,0.65
RISK.001,TXN.001,linked_through,RISK.001 → LEGAL.033 → TXN.001 (linked by QF080 + QL010),QF080+QL010,0.65
RISK.001,TXN.005,linked_through,RISK.001 → LEGAL.033 → TXN.005 (linked by QF080 + QL010),QF080+QL010,0.65
RISK.010,TXN.004,linked_through,RISK.010 → LEGAL.033 → TXN.004 (linked by QF080 + QL010),QF080+QL010,0.65
RISK.010,LEGAL.016,linked_through,RISK.010 → LEGAL.033 → LEGAL.016 (linked by QF080 + QL010),QF080+QL010,0.65
RISK.010,TXN.001,linked_through,RISK.010 → LEGAL.033 → TXN.001 (linked by QF080 + QL010),QF080+QL010,0.65
RISK.010,TXN.005,linked_through,RISK.010 → LEGAL.033 → TXN.005 (linked by QF080 + QL010),QF080+QL010,0.65
RISK.008,TXN.004,linked_through,RISK.008 → LEGAL.033 → TXN.004 (linked by QF080 + QL010),QF080+QL010,0.65
RISK.008,LEGAL.016,linked_through,RISK.008 → LEGAL.033 → LEGAL.016 (linked by QF080 + QL010),QF080+QL010,0.65
RISK.008,TXN.001,linked_through,RISK.008 → LEGAL.033 → TXN.001 (linked by QF080 + QL010),QF080+QL010,0.65
RISK.008,TXN.005,linked_through,RISK.008 → LEGAL.033 → TXN.005 (linked by QF080 + QL010),QF080+QL010,0.65
RISK.003,TXN.004,linked_through,RISK.003 → LEGAL.033 → TXN.004 (linked by QF080 + QL010),QF080+QL010,0.65
RISK.003,LEGAL.016,linked_through,RISK.003 → LEGAL.033 → LEGAL.016 (linked by QF080 + QL010),QF080+QL010,0.65
RISK.003,TXN.001,linked_through,RISK.003 → LEGAL.033 → TXN.001 (linked by QF080 + QL010),QF080+QL010,0.65
RISK.003,TXN.005,linked_through,RISK.003 → LEGAL.033 → TXN.005 (linked by QF080 + QL010),QF080+QL010,0.65
RISK.001,LEGAL.013,linked_through,RISK.001 → LEGAL.033 → LEGAL.013 (linked by QF080 + QL082),QF080+QL082,0.65
RISK.010,LEGAL.013,linked_through,RISK.010 → LEGAL.033 → LEGAL.013 (linked by QF080 + QL082),QF080+QL082,0.65
RISK.008,LEGAL.013,linked_through,RISK.008 → LEGAL.033 → LEGAL.013 (linked by QF080 + QL082),QF080+QL082,0.65
RISK.003,LEGAL.013,linked_through,RISK.003 → LEGAL.033 → LEGAL.013 (linked by QF080 + QL082),QF080+QL082,0.65
RISK.001,ESG.026,linked_through,RISK.001 → LEGAL.033 → ESG.026 (linked by QF080 + QF044),QF080+QF044,0.65
RISK.001,LEGAL.031,linked_through,RISK.001 → LEGAL.033 → LEGAL.031 (linked by QF080 + QF044),QF080+QF044,0.65
RISK.010,ESG.026,linked_through,RISK.010 → LEGAL.033 → ESG.026 (linked by QF080 + QF044),QF080+QF044,0.65
RISK.010,LEGAL.031,linked_through,RISK.010 → LEGAL.033 → LEGAL.031 (linked by QF080 + QF044),QF080+QF044,0.65
RISK.008,ESG.026,linked_through,RISK.008 → LEGAL.033 → ESG.026 (linked by QF080 + QF044),QF080+QF044,0.65
RISK.008,LEGAL.031,linked_through,RISK.008 → LEGAL.033 → LEGAL.031 (linked by QF080 + QF044),QF080+QF044,0.65
RISK.003,ESG.026,linked_through,RISK.003 → LEGAL.033 → ESG.026 (linked by QF080 + QF044),QF080+QF044,0.65
RISK.003,LEGAL.031,linked_through,RISK.003 → LEGAL.033 → LEGAL.031 (linked by QF080 + QF044),QF080+QF044,0.65
RISK.001,TECH.023,linked_through,RISK.001 → LEGAL.033 → TECH.023 (linked by QF080 + QF084),QF080+QF084,0.65
RISK.010,TECH.023,linked_through,RISK.010 → LEGAL.033 → TECH.023 (linked by QF080 + QF084),QF080+QF084,0.65
RISK.008,TECH.023,linked_through,RISK.008 → LEGAL.033 → TECH.023 (linked by QF080 + QF084),QF080+QF084,0.65
RISK.003,TECH.023,linked_through,RISK.003 → LEGAL.033 → TECH.023 (linked by QF080 + QF084),QF080+QF084,0.65
RISK.001,CORP.044,linked_through,RISK.001 → LEGAL.033 → CORP.044 (linked by QF080 + QF085),QF080+QF085,0.65
RISK.010,CORP.044,linked_through,RISK.010 → LEGAL.033 → CORP.044 (linked by QF080 + QF085),QF080+QF085,0.65
RISK.008,CORP.044,linked_through,RISK.008 → LEGAL.033 → CORP.044 (linked by QF080 + QF085),QF080+QF085,0.65
RISK.003,CORP.044,linked_through,RISK.003 → LEGAL.033 → CORP.044 (linked by QF080 + QF085),QF080+QF085,0.65
RISK.001,CORP.045,linked_through,RISK.001 → LEGAL.033 → CORP.045 (linked by QF080 + QL081),QF080+QL081,0.65
RISK.010,CORP.045,linked_through,RISK.010 → LEGAL.033 → CORP.045 (linked by QF080 + QL081),QF080+QL081,0.65
RISK.008,CORP.045,linked_through,RISK.008 → LEGAL.033 → CORP.045 (linked by QF080 + QL081),QF080+QL081,0.65
RISK.003,CORP.045,linked_through,RISK.003 → LEGAL.033 → CORP.045 (linked by QF080 + QL081),QF080+QL081,0.65
RISK.001,LEGAL.015,linked_through,RISK.001 → LEGAL.033 → LEGAL.015 (linked by QF080 + QL083),QF080+QL083,0.65
RISK.001,LEGAL.019,linked_through,RISK.001 → LEGAL.033 → LEGAL.019 (linked by QF080 + QL083),QF080+QL083,0.65
RISK.010,LEGAL.015,linked_through,RISK.010 → LEGAL.033 → LEGAL.015 (linked by QF080 + QL083),QF080+QL083,0.65
RISK.010,LEGAL.019,linked_through,RISK.010 → LEGAL.033 → LEGAL.019 (linked by QF080 + QL083),QF080+QL083,0.65
RISK.008,LEGAL.015,linked_through,RISK.008 → LEGAL.033 → LEGAL.015 (linked by QF080 + QL083),QF080+QL083,0.65
RISK.008,LEGAL.019,linked_through,RISK.008 → LEGAL.033 → LEGAL.019 (linked by QF080 + QL083),QF080+QL083,0.65
RISK.003,LEGAL.015,linked_through,RISK.003 → LEGAL.033 → LEGAL.015 (linked by QF080 + QL083),QF080+QL083,0.65
RISK.003,LEGAL.019,linked_through,RISK.003 → LEGAL.033 → LEGAL.019 (linked by QF080 + QL083),QF080+QL083,0.65
RISK.001,CORP.042,linked_through,RISK.001 → LEGAL.033 → CORP.042 (linked by QF080 + QL064),QF080+QL064,0.65
RISK.001,CORP.031,linked_through,RISK.001 → LEGAL.033 → CORP.031 (linked by QF080 + QL064),QF080+QL064,0.65
RISK.010,CORP.042,linked_through,RISK.010 → LEGAL.033 → CORP.042 (linked by QF080 + QL064),QF080+QL064,0.65
RISK.010,CORP.031,linked_through,RISK.010 → LEGAL.033 → CORP.031 (linked by QF080 + QL064),QF080+QL064,0.65
RISK.008,CORP.042,linked_through,RISK.008 → LEGAL.033 → CORP.042 (linked by QF080 + QL064),QF080+QL064,0.65
RISK.008,CORP.031,linked_through,RISK.008 → LEGAL.033 → CORP.031 (linked by QF080 + QL064),QF080+QL064,0.65
RISK.003,CORP.042,linked_through,RISK.003 → LEGAL.033 → CORP.042 (linked by QF080 + QL064),QF080+QL064,0.65
RISK.003,CORP.031,linked_through,RISK.003 → LEGAL.033 → CORP.031 (linked by QF080 + QL064),QF080+QL064,0.65
RISK.001,RISK.001,linked_through,RISK.001 → LEGAL.033 → RISK.001 (linked by QF080 + QL080),QF080+QL080,0.65
RISK.001,RISK.010,linked_through,RISK.001 → LEGAL.033 → RISK.010 (linked by QF080 + QL080),QF080+QL080,0.65
RISK.001,RISK.008,linked_through,RISK.001 → LEGAL.033 → RISK.008 (linked by QF080 + QL080),QF080+QL080,0.65
RISK.001,RISK.003,linked_through,RISK.001 → LEGAL.033 → RISK.003 (linked by QF080 + QL080),QF080+QL080,0.65
RISK.010,RISK.001,linked_through,RISK.010 → LEGAL.033 → RISK.001 (linked by QF080 + QL080),QF080+QL080,0.65
RISK.010,RISK.010,linked_through,RISK.010 → LEGAL.033 → RISK.010 (linked by QF080 + QL080),QF080+QL080,0.65
RISK.010,RISK.008,linked_through,RISK.010 → LEGAL.033 → RISK.008 (linked by QF080 + QL080),QF080+QL080,0.65
RISK.010,RISK.003,linked_through,RISK.010 → LEGAL.033 → RISK.003 (linked by QF080 + QL080),QF080+QL080,0.65
RISK.008,RISK.001,linked_through,RISK.008 → LEGAL.033 → RISK.001 (linked by QF080 + QL080),QF080+QL080,0.65
RISK.008,RISK.010,linked_through,RISK.008 → LEGAL.033 → RISK.010 (linked by QF080 + QL080),QF080+QL080,0.65
RISK.008,RISK.008,linked_through,RISK.008 → LEGAL.033 → RISK.008 (linked by QF080 + QL080),QF080+QL080,0.65
RISK.008,RISK.003,linked_through,RISK.008 → LEGAL.033 → RISK.003 (linked by QF080 + QL080),QF080+QL080,0.65
RISK.003,RISK.001,linked_through,RISK.003 → LEGAL.033 → RISK.001 (linked by QF080 + QL080),QF080+QL080,0.65
RISK.003,RISK.010,linked_through,RISK.003 → LEGAL.033 → RISK.010 (linked by QF080 + QL080),QF080+QL080,0.65
RISK.003,RISK.008,linked_through,RISK.003 → LEGAL.033 → RISK.008 (linked by QF080 + QL080),QF080+QL080,0.65
RISK.003,RISK.003,linked_through,RISK.003 → LEGAL.033 → RISK.003 (linked by QF080 + QL080),QF080+QL080,0.65
TXN.004,LEGAL.013,linked_through,TXN.004 → LEGAL.033 → LEGAL.013 (linked by QL010 + QL082),QL010+QL082,0.65
LEGAL.016,LEGAL.013,linked_through,LEGAL.016 → LEGAL.033 → LEGAL.013 (linked by QL010 + QL082),QL010+QL082,0.65
TXN.001,LEGAL.013,linked_through,TXN.001 → LEGAL.033 → LEGAL.013 (linked by QL010 + QL082),QL010+QL082,0.65
TXN.005,LEGAL.013,linked_through,TXN.005 → LEGAL.033 → LEGAL.013 (linked by QL010 + QL082),QL010+QL082,0.65
TXN.004,ESG.026,linked_through,TXN.004 → LEGAL.033 → ESG.026 (linked by QL010 + QF044),QL010+QF044,0.65
TXN.004,LEGAL.031,linked_through,TXN.004 → LEGAL.033 → LEGAL.031 (linked by QL010 + QF044),QL010+QF044,0.65
LEGAL.016,ESG.026,linked_through,LEGAL.016 → LEGAL.033 → ESG.026 (linked by QL010 + QF044),QL010+QF044,0.65
LEGAL.016,LEGAL.031,linked_through,LEGAL.016 → LEGAL.033 → LEGAL.031 (linked by QL010 + QF044),QL010+QF044,0.65
TXN.001,ESG.026,linked_through,TXN.001 → LEGAL.033 → ESG.026 (linked by QL010 + QF044),QL010+QF044,0.65
TXN.001,LEGAL.031,linked_through,TXN.001 → LEGAL.033 → LEGAL.031 (linked by QL010 + QF044),QL010+QF044,0.65
TXN.005,ESG.026,linked_through,TXN.005 → LEGAL.033 → ESG.026 (linked by QL010 + QF044),QL010+QF044,0.65
TXN.005,LEGAL.031,linked_through,TXN.005 → LEGAL.033 → LEGAL.031 (linked by QL010 + QF044),QL010+QF044,0.65
TXN.004,TECH.023,linked_through,TXN.004 → LEGAL.033 → TECH.023 (linked by QL010 + QF084),QL010+QF084,0.65
LEGAL.016,TECH.023,linked_through,LEGAL.016 → LEGAL.033 → TECH.023 (linked by QL010 + QF084),QL010+QF084,0.65
TXN.001,TECH.023,linked_through,TXN.001 → LEGAL.033 → TECH.023 (linked by QL010 + QF084),QL010+QF084,0.65
TXN.005,TECH.023,linked_through,TXN.005 → LEGAL.033 → TECH.023 (linked by QL010 + QF084),QL010+QF084,0.65
TXN.004,CORP.044,linked_through,TXN.004 → LEGAL.033 → CORP.044 (linked by QL010 + QF085),QL010+QF085,0.65
LEGAL.016,CORP.044,linked_through,LEGAL.016 → LEGAL.033 → CORP.044 (linked by QL010 + QF085),QL010+QF085,0.65
TXN.001,CORP.044,linked_through,TXN.001 → LEGAL.033 → CORP.044 (linked by QL010 + QF085),QL010+QF085,0.65
TXN.005,CORP.044,linked_through,TXN.005 → LEGAL.033 → CORP.044 (linked by QL010 + QF085),QL010+QF085,0.65
TXN.004,CORP.045,linked_through,TXN.004 → LEGAL.033 → CORP.045 (linked by QL010 + QL081),QL010+QL081,0.65
LEGAL.016,CORP.045,linked_through,LEGAL.016 → LEGAL.033 → CORP.045 (linked by QL010 + QL081),QL010+QL081,0.65
TXN.001,CORP.045,linked_through,TXN.001 → LEGAL.033 → CORP.045 (linked by QL010 + QL081),QL010+QL081,0.65
TXN.005,CORP.045,linked_through,TXN.005 → LEGAL.033 → CORP.045 (linked by QL010 + QL081),QL010+QL081,0.65
TXN.004,LEGAL.015,linked_through,TXN.004 → LEGAL.033 → LEGAL.015 (linked by QL010 + QL083),QL010+QL083,0.65
TXN.004,LEGAL.019,linked_through,TXN.004 → LEGAL.033 → LEGAL.019 (linked by QL010 + QL083),QL010+QL083,0.65
LEGAL.016,LEGAL.015,linked_through,LEGAL.016 → LEGAL.033 → LEGAL.015 (linked by QL010 + QL083),QL010+QL083,0.65
LEGAL.016,LEGAL.019,linked_through,LEGAL.016 → LEGAL.033 → LEGAL.019 (linked by QL010 + QL083),QL010+QL083,0.65
TXN.001,LEGAL.015,linked_through,TXN.001 → LEGAL.033 → LEGAL.015 (linked by QL010 + QL083),QL010+QL083,0.65
TXN.001,LEGAL.019,linked_through,TXN.001 → LEGAL.033 → LEGAL.019 (linked by QL010 + QL083),QL010+QL083,0.65
TXN.005,LEGAL.015,linked_through,TXN.005 → LEGAL.033 → LEGAL.015 (linked by QL010 + QL083),QL010+QL083,0.65
TXN.005,LEGAL.019,linked_through,TXN.005 → LEGAL.033 → LEGAL.019 (linked by QL010 + QL083),QL010+QL083,0.65
TXN.004,CORP.042,linked_through,TXN.004 → LEGAL.033 → CORP.042 (linked by QL010 + QL064),QL010+QL064,0.65
TXN.004,CORP.031,linked_through,TXN.004 → LEGAL.033 → CORP.031 (linked by QL010 + QL064),QL010+QL064,0.65
LEGAL.016,CORP.042,linked_through,LEGAL.016 → LEGAL.033 → CORP.042 (linked by QL010 + QL064),QL010+QL064,0.65
LEGAL.016,CORP.031,linked_through,LEGAL.016 → LEGAL.033 → CORP.031 (linked by QL010 + QL064),QL010+QL064,0.65
TXN.001,CORP.042,linked_through,TXN.001 → LEGAL.033 → CORP.042 (linked by QL010 + QL064),QL010+QL064,0.65
TXN.001,CORP.031,linked_through,TXN.001 → LEGAL.033 → CORP.031 (linked by QL010 + QL064),QL010+QL064,0.65
TXN.005,CORP.042,linked_through,TXN.005 → LEGAL.033 → CORP.042 (linked by QL010 + QL064),QL010+QL064,0.65
TXN.005,CORP.031,linked_through,TXN.005 → LEGAL.033 → CORP.031 (linked by QL010 + QL064),QL010+QL064,0.65
TXN.004,RISK.001,linked_through,TXN.004 → LEGAL.033 → RISK.001 (linked by QL010 + QL080),QL010+QL080,0.65
TXN.004,RISK.010,linked_through,TXN.004 → LEGAL.033 → RISK.010 (linked by QL010 + QL080),QL010+QL080,0.65
TXN.004,RISK.008,linked_through,TXN.004 → LEGAL.033 → RISK.008 (linked by QL010 + QL080),QL010+QL080,0.65
TXN.004,RISK.003,linked_through,TXN.004 → LEGAL.033 → RISK.003 (linked by QL010 + QL080),QL010+QL080,0.65
LEGAL.016,RISK.001,linked_through,LEGAL.016 → LEGAL.033 → RISK.001 (linked by QL010 + QL080),QL010+QL080,0.65
LEGAL.016,RISK.010,linked_through,LEGAL.016 → LEGAL.033 → RISK.010 (linked by QL010 + QL080),QL010+QL080,0.65
LEGAL.016,RISK.008,linked_through,LEGAL.016 → LEGAL.033 → RISK.008 (linked by QL010 + QL080),QL010+QL080,0.65
LEGAL.016,RISK.003,linked_through,LEGAL.016 → LEGAL.033 → RISK.003 (linked by QL010 + QL080),QL010+QL080,0.65
TXN.001,RISK.001,linked_through,TXN.001 → LEGAL.033 → RISK.001 (linked by QL010 + QL080),QL010+QL080,0.65
TXN.001,RISK.010,linked_through,TXN.001 → LEGAL.033 → RISK.010 (linked by QL010 + QL080),QL010+QL080,0.65
TXN.001,RISK.008,linked_through,TXN.001 → LEGAL.033 → RISK.008 (linked by QL010 + QL080),QL010+QL080,0.65
TXN.001,RISK.003,linked_through,TXN.001 → LEGAL.033 → RISK.003 (linked by QL010 + QL080),QL010+QL080,0.65
TXN.005,RISK.001,linked_through,TXN.005 → LEGAL.033 → RISK.001 (linked by QL010 + QL080),QL010+QL080,0.65
TXN.005,RISK.010,linked_through,TXN.005 → LEGAL.033 → RISK.010 (linked by QL010 + QL080),QL010+QL080,0.65
TXN.005,RISK.008,linked_through,TXN.005 → LEGAL.033 → RISK.008 (linked by QL010 + QL080),QL010+QL080,0.65
TXN.005,RISK.003,linked_through,TXN.005 → LEGAL.033 → RISK.003 (linked by QL010 + QL080),QL010+QL080,0.65
LEGAL.013,TXN.004,linked_through,LEGAL.013 → LEGAL.033 → TXN.004 (linked by QL082 + QF010),QL082+QF010,0.65
LEGAL.013,LEGAL.016,linked_through,LEGAL.013 → LEGAL.033 → LEGAL.016 (linked by QL082 + QF010),QL082+QF010,0.65
LEGAL.013,TXN.001,linked_through,LEGAL.013 → LEGAL.033 → TXN.001 (linked by QL082 + QF010),QL082+QF010,0.65
LEGAL.013,TXN.005,linked_through,LEGAL.013 → LEGAL.033 → TXN.005 (linked by QL082 + QF010),QL082+QF010,0.65
LEGAL.013,ESG.026,linked_through,LEGAL.013 → LEGAL.033 → ESG.026 (linked by QL082 + QF044),QL082+QF044,0.65
LEGAL.013,LEGAL.031,linked_through,LEGAL.013 → LEGAL.033 → LEGAL.031 (linked by QL082 + QF044),QL082+QF044,0.65
LEGAL.013,LEGAL.013,linked_through,LEGAL.013 → LEGAL.033 → LEGAL.013 (linked by QL082 + QF044),QL082+QF044,0.65
LEGAL.013,TECH.023,linked_through,LEGAL.013 → LEGAL.033 → TECH.023 (linked by QL082 + QF084),QL082+QF084,0.65
LEGAL.013,CORP.044,linked_through,LEGAL.013 → LEGAL.033 → CORP.044 (linked by QL082 + QF085),QL082+QF085,0.65
LEGAL.013,CORP.045,linked_through,LEGAL.013 → LEGAL.033 → CORP.045 (linked by QL082 + QL081),QL082+QL081,0.65
LEGAL.013,LEGAL.015,linked_through,LEGAL.013 → LEGAL.033 → LEGAL.015 (linked by QL082 + QL083),QL082+QL083,0.65
LEGAL.013,LEGAL.019,linked_through,LEGAL.013 → LEGAL.033 → LEGAL.019 (linked by QL082 + QL083),QL082+QL083,0.65
LEGAL.013,CORP.042,linked_through,LEGAL.013 → LEGAL.033 → CORP.042 (linked by QL082 + QL064),QL082+QL064,0.65
LEGAL.013,CORP.031,linked_through,LEGAL.013 → LEGAL.033 → CORP.031 (linked by QL082 + QL064),QL082+QL064,0.65
LEGAL.013,RISK.001,linked_through,LEGAL.013 → LEGAL.033 → RISK.001 (linked by QL082 + QL080),QL082+QL080,0.65
LEGAL.013,RISK.010,linked_through,LEGAL.013 → LEGAL.033 → RISK.010 (linked by QL082 + QL080),QL082+QL080,0.65
LEGAL.013,RISK.008,linked_through,LEGAL.013 → LEGAL.033 → RISK.008 (linked by QL082 + QL080),QL082+QL080,0.65
LEGAL.013,RISK.003,linked_through,LEGAL.013 → LEGAL.033 → RISK.003 (linked by QL082 + QL080),QL082+QL080,0.65
ESG.026,LEGAL.013,linked_through,ESG.026 → LEGAL.033 → LEGAL.013 (linked by QF044 + QF082),QF044+QF082,0.65
LEGAL.031,LEGAL.013,linked_through,LEGAL.031 → LEGAL.033 → LEGAL.013 (linked by QF044 + QF082),QF044+QF082,0.65
ESG.026,LEGAL.031,linked_through,ESG.026 → LEGAL.033 → LEGAL.031 (linked by QF044 + QF084),QF044+QF084,0.65
ESG.026,TECH.023,linked_through,ESG.026 → LEGAL.033 → TECH.023 (linked by QF044 + QF084),QF044+QF084,0.65
LEGAL.031,LEGAL.031,linked_through,LEGAL.031 → LEGAL.033 → LEGAL.031 (linked by QF044 + QF084),QF044+QF084,0.65
LEGAL.031,TECH.023,linked_through,LEGAL.031 → LEGAL.033 → TECH.023 (linked by QF044 + QF084),QF044+QF084,0.65
ESG.026,CORP.044,linked_through,ESG.026 → LEGAL.033 → CORP.044 (linked by QF044 + QF085),QF044+QF085,0.65
LEGAL.031,CORP.044,linked_through,LEGAL.031 → LEGAL.033 → CORP.044 (linked by QF044 + QF085),QF044+QF085,0.65
ESG.026,ESG.026,linked_through,ESG.026 → LEGAL.033 → ESG.026 (linked by QF044 + QL044),QF044+QL044,0.65
LEGAL.031,ESG.026,linked_through,LEGAL.031 → LEGAL.033 → ESG.026 (linked by QF044 + QL044),QF044+QL044,0.65
ESG.026,CORP.045,linked_through,ESG.026 → LEGAL.033 → CORP.045 (linked by QF044 + QL081),QF044+QL081,0.65
LEGAL.031,CORP.045,linked_through,LEGAL.031 → LEGAL.033 → CORP.045 (linked by QF044 + QL081),QF044+QL081,0.65
ESG.026,LEGAL.015,linked_through,ESG.026 → LEGAL.033 → LEGAL.015 (linked by QF044 + QL083),QF044+QL083,0.65
ESG.026,LEGAL.019,linked_through,ESG.026 → LEGAL.033 → LEGAL.019 (linked by QF044 + QL083),QF044+QL083,0.65
LEGAL.031,LEGAL.015,linked_through,LEGAL.031 → LEGAL.033 → LEGAL.015 (linked by QF044 + QL083),QF044+QL083,0.65
LEGAL.031,LEGAL.019,linked_through,LEGAL.031 → LEGAL.033 → LEGAL.019 (linked by QF044 + QL083),QF044+QL083,0.65
ESG.026,CORP.042,linked_through,ESG.026 → LEGAL.033 → CORP.042 (linked by QF044 + QL064),QF044+QL064,0.65
ESG.026,CORP.031,linked_through,ESG.026 → LEGAL.033 → CORP.031 (linked by QF044 + QL064),QF044+QL064,0.65
LEGAL.031,CORP.042,linked_through,LEGAL.031 → LEGAL.033 → CORP.042 (linked by QF044 + QL064),QF044+QL064,0.65
LEGAL.031,CORP.031,linked_through,LEGAL.031 → LEGAL.033 → CORP.031 (linked by QF044 + QL064),QF044+QL064,0.65
ESG.026,RISK.001,linked_through,ESG.026 → LEGAL.033 → RISK.001 (linked by QF044 + QL080),QF044+QL080,0.65
ESG.026,RISK.010,linked_through,ESG.026 → LEGAL.033 → RISK.010 (linked by QF044 + QL080),QF044+QL080,0.65
ESG.026,RISK.008,linked_through,ESG.026 → LEGAL.033 → RISK.008 (linked by QF044 + QL080),QF044+QL080,0.65
ESG.026,RISK.003,linked_through,ESG.026 → LEGAL.033 → RISK.003 (linked by QF044 + QL080),QF044+QL080,0.65
LEGAL.031,RISK.001,linked_through,LEGAL.031 → LEGAL.033 → RISK.001 (linked by QF044 + QL080),QF044+QL080,0.65
LEGAL.031,RISK.010,linked_through,LEGAL.031 → LEGAL.033 → RISK.010 (linked by QF044 + QL080),QF044+QL080,0.65
LEGAL.031,RISK.008,linked_through,LEGAL.031 → LEGAL.033 → RISK.008 (linked by QF044 + QL080),QF044+QL080,0.65
LEGAL.031,RISK.003,linked_through,LEGAL.031 → LEGAL.033 → RISK.003 (linked by QF044 + QL080),QF044+QL080,0.65
TECH.023,LEGAL.013,linked_through,TECH.023 → LEGAL.033 → LEGAL.013 (linked by QF084 + QF085),QF084+QF085,0.65
TECH.023,CORP.044,linked_through,TECH.023 → LEGAL.033 → CORP.044 (linked by QF084 + QF085),QF084+QF085,0.65
TECH.023,ESG.026,linked_through,TECH.023 → LEGAL.033 → ESG.026 (linked by QF084 + QL044),QF084+QL044,0.65
TECH.023,LEGAL.031,linked_through,TECH.023 → LEGAL.033 → LEGAL.031 (linked by QF084 + QL044),QF084+QL044,0.65
TECH.023,CORP.045,linked_through,TECH.023 → LEGAL.033 → CORP.045 (linked by QF084 + QL081),QF084+QL081,0.65
TECH.023,LEGAL.015,linked_through,TECH.023 → LEGAL.033 → LEGAL.015 (linked by QF084 + QL083),QF084+QL083,0.65
TECH.023,LEGAL.019,linked_through,TECH.023 → LEGAL.033 → LEGAL.019 (linked by QF084 + QL083),QF084+QL083,0.65
TECH.023,CORP.042,linked_through,TECH.023 → LEGAL.033 → CORP.042 (linked by QF084 + QL064),QF084+QL064,0.65
TECH.023,CORP.031,linked_through,TECH.023 → LEGAL.033 → CORP.031 (linked by QF084 + QL064),QF084+QL064,0.65
TECH.023,RISK.001,linked_through,TECH.023 → LEGAL.033 → RISK.001 (linked by QF084 + QL080),QF084+QL080,0.65
TECH.023,RISK.010,linked_through,TECH.023 → LEGAL.033 → RISK.010 (linked by QF084 + QL080),QF084+QL080,0.65
TECH.023,RISK.008,linked_through,TECH.023 → LEGAL.033 → RISK.008 (linked by QF084 + QL080),QF084+QL080,0.65
TECH.023,RISK.003,linked_through,TECH.023 → LEGAL.033 → RISK.003 (linked by QF084 + QL080),QF084+QL080,0.65
TECH.023,TECH.023,linked_through,TECH.023 → LEGAL.033 → TECH.023 (linked by QF084 + QL084),QF084+QL084,0.65
LEGAL.031,TXN.004,linked_through,LEGAL.031 → LEGAL.016 → TXN.004 (linked by QF066 + QL010),QF066+QL010,0.65
LEGAL.031,TXN.001,linked_through,LEGAL.031 → LEGAL.016 → TXN.001 (linked by QF066 + QL010),QF066+QL010,0.65
LEGAL.031,LEGAL.033,linked_through,LEGAL.031 → LEGAL.016 → LEGAL.033 (linked by QF066 + QL010),QF066+QL010,0.65
LEGAL.031,TXN.005,linked_through,LEGAL.031 → LEGAL.016 → TXN.005 (linked by QF066 + QL010),QF066+QL010,0.65
LEGAL.019,LEGAL.033,linked_through,LEGAL.019 → LEGAL.016 → LEGAL.033 (linked by QF066 + QL010),QF066+QL010,0.65
LEGAL.031,LEGAL.018,linked_through,LEGAL.031 → LEGAL.016 → LEGAL.018 (linked by QF066 + QL061),QF066+QL061,0.65
LEGAL.031,LEGAL.017,linked_through,LEGAL.031 → LEGAL.016 → LEGAL.017 (linked by QF066 + QL061),QF066+QL061,0.65
LEGAL.031,LEGAL.020,linked_through,LEGAL.031 → LEGAL.016 → LEGAL.020 (linked by QF066 + QL061),QF066+QL061,0.65
LEGAL.019,LEGAL.018,linked_through,LEGAL.019 → LEGAL.016 → LEGAL.018 (linked by QF066 + QL061),QF066+QL061,0.65
LEGAL.019,LEGAL.017,linked_through,LEGAL.019 → LEGAL.016 → LEGAL.017 (linked by QF066 + QL061),QF066+QL061,0.65
LEGAL.019,LEGAL.020,linked_through,LEGAL.019 → LEGAL.016 → LEGAL.020 (linked by QF066 + QL061),QF066+QL061,0.65
LEGAL.015,LEGAL.033,linked_through,LEGAL.015 → LEGAL.016 → LEGAL.033 (linked by QL067 + QL010),QL067+QL010,0.65
LEGAL.015,LEGAL.018,linked_through,LEGAL.015 → LEGAL.016 → LEGAL.018 (linked by QL067 + QL061),QL067+QL061,0.65
LEGAL.015,LEGAL.017,linked_through,LEGAL.015 → LEGAL.016 → LEGAL.017 (linked by QL067 + QL061),QL067+QL061,0.65
LEGAL.015,LEGAL.020,linked_through,LEGAL.015 → LEGAL.016 → LEGAL.020 (linked by QL067 + QL061),QL067+QL061,0.65
LEGAL.033,LEGAL.015,linked_through,LEGAL.033 → LEGAL.016 → LEGAL.015 (linked by QL010 + QF067),QL010+QF067,0.65
TXN.004,LEGAL.018,linked_through,TXN.004 → LEGAL.016 → LEGAL.018 (linked by QL010 + QL061),QL010+QL061,0.65
TXN.004,LEGAL.017,linked_through,TXN.004 → LEGAL.016 → LEGAL.017 (linked by QL010 + QL061),QL010+QL061,0.65
TXN.004,LEGAL.020,linked_through,TXN.004 → LEGAL.016 → LEGAL.020 (linked by QL010 + QL061),QL010+QL061,0.65
TXN.001,LEGAL.018,linked_through,TXN.001 → LEGAL.016 → LEGAL.018 (linked by QL010 + QL061),QL010+QL061,0.65
TXN.001,LEGAL.017,linked_through,TXN.001 → LEGAL.016 → LEGAL.017 (linked by QL010 + QL061),QL010+QL061,0.65
TXN.001,LEGAL.020,linked_through,TXN.001 → LEGAL.016 → LEGAL.020 (linked by QL010 + QL061),QL010+QL061,0.65
LEGAL.033,LEGAL.018,linked_through,LEGAL.033 → LEGAL.016 → LEGAL.018 (linked by QL010 + QL061),QL010+QL061,0.65
LEGAL.033,LEGAL.017,linked_through,LEGAL.033 → LEGAL.016 → LEGAL.017 (linked by QL010 + QL061),QL010+QL061,0.65
LEGAL.033,CORP.044,linked_through,LEGAL.033 → LEGAL.016 → CORP.044 (linked by QL010 + QL061),QL010+QL061,0.65
LEGAL.033,LEGAL.019,linked_through,LEGAL.033 → LEGAL.016 → LEGAL.019 (linked by QL010 + QL061),QL010+QL061,0.65
LEGAL.033,LEGAL.020,linked_through,LEGAL.033 → LEGAL.016 → LEGAL.020 (linked by QL010 + QL061),QL010+QL061,0.65
TXN.005,LEGAL.018,linked_through,TXN.005 → LEGAL.016 → LEGAL.018 (linked by QL010 + QL061),QL010+QL061,0.65
TXN.005,LEGAL.017,linked_through,TXN.005 → LEGAL.016 → LEGAL.017 (linked by QL010 + QL061),QL010+QL061,0.65
TXN.005,LEGAL.020,linked_through,TXN.005 → LEGAL.016 → LEGAL.020 (linked by QL010 + QL061),QL010+QL061,0.65
LEGAL.033,LEGAL.031,linked_through,LEGAL.033 → LEGAL.016 → LEGAL.031 (linked by QL010 + QL066),QL010+QL066,0.65
LEGAL.018,LEGAL.031,linked_through,LEGAL.018 → LEGAL.016 → LEGAL.031 (linked by QL061 + QL066),QL061+QL066,0.65
LEGAL.018,LEGAL.019,linked_through,LEGAL.018 → LEGAL.016 → LEGAL.019 (linked by QL061 + QL066),QL061+QL066,0.65
LEGAL.017,LEGAL.031,linked_through,LEGAL.017 → LEGAL.016 → LEGAL.031 (linked by QL061 + QL066),QL061+QL066,0.65
LEGAL.017,LEGAL.019,linked_through,LEGAL.017 → LEGAL.016 → LEGAL.019 (linked by QL061 + QL066),QL061+QL066,0.65
LEGAL.020,LEGAL.031,linked_through,LEGAL.020 → LEGAL.016 → LEGAL.031 (linked by QL061 + QL066),QL061+QL066,0.65
LEGAL.020,LEGAL.019,linked_through,LEGAL.020 → LEGAL.016 → LEGAL.019 (linked by QL061 + QL066),QL061+QL066,0.65
LEGAL.018,LEGAL.018,linked_through,LEGAL.018 → LEGAL.016 → LEGAL.018 (linked by QL061 + QF061),QL061+QF061,0.65
LEGAL.018,LEGAL.017,linked_through,LEGAL.018 → LEGAL.016 → LEGAL.017 (linked by QL061 + QF061),QL061+QF061,0.65
LEGAL.018,CORP.044,linked_through,LEGAL.018 → LEGAL.016 → CORP.044 (linked by QL061 + QF061),QL061+QF061,0.65
LEGAL.018,LEGAL.020,linked_through,LEGAL.018 → LEGAL.016 → LEGAL.020 (linked by QL061 + QF061),QL061+QF061,0.65
LEGAL.017,LEGAL.018,linked_through,LEGAL.017 → LEGAL.016 → LEGAL.018 (linked by QL061 + QF061),QL061+QF061,0.65
LEGAL.017,LEGAL.017,linked_through,LEGAL.017 → LEGAL.016 → LEGAL.017 (linked by QL061 + QF061),QL061+QF061,0.65
LEGAL.017,CORP.044,linked_through,LEGAL.017 → LEGAL.016 → CORP.044 (linked by QL061 + QF061),QL061+QF061,0.65
LEGAL.017,LEGAL.020,linked_through,LEGAL.017 → LEGAL.016 → LEGAL.020 (linked by QL061 + QF061),QL061+QF061,0.65
CORP.044,LEGAL.018,linked_through,CORP.044 → LEGAL.016 → LEGAL.018 (linked by QL061 + QF061),QL061+QF061,0.65
CORP.044,LEGAL.017,linked_through,CORP.044 → LEGAL.016 → LEGAL.017 (linked by QL061 + QF061),QL061+QF061,0.65
CORP.044,LEGAL.020,linked_through,CORP.044 → LEGAL.016 → LEGAL.020 (linked by QL061 + QF061),QL061+QF061,0.65
LEGAL.020,LEGAL.018,linked_through,LEGAL.020 → LEGAL.016 → LEGAL.018 (linked by QL061 + QF061),QL061+QF061,0.65
LEGAL.020,LEGAL.017,linked_through,LEGAL.020 → LEGAL.016 → LEGAL.017 (linked by QL061 + QF061),QL061+QF061,0.65
LEGAL.020,CORP.044,linked_through,LEGAL.020 → LEGAL.016 → CORP.044 (linked by QL061 + QF061),QL061+QF061,0.65
LEGAL.020,LEGAL.020,linked_through,LEGAL.020 → LEGAL.016 → LEGAL.020 (linked by QL061 + QF061),QL061+QF061,0.65
LEGAL.002,LEGAL.003,linked_through,LEGAL.002 → LEGAL.001 → LEGAL.003 (linked by QL070 + QF011),QL070+QF011,0.65
LEGAL.002,LEGAL.005,linked_through,LEGAL.002 → LEGAL.001 → LEGAL.005 (linked by QL070 + QF011),QL070+QF011,0.65
LEGAL.002,LEGAL.013,linked_through,LEGAL.002 → LEGAL.001 → LEGAL.013 (linked by QL070 + QF011),QL070+QF011,0.65
LEGAL.006,LEGAL.003,linked_through,LEGAL.006 → LEGAL.001 → LEGAL.003 (linked by QL070 + QF011),QL070+QF011,0.65
LEGAL.006,LEGAL.005,linked_through,LEGAL.006 → LEGAL.001 → LEGAL.005 (linked by QL070 + QF011),QL070+QF011,0.65
LEGAL.006,LEGAL.013,linked_through,LEGAL.006 → LEGAL.001 → LEGAL.013 (linked by QL070 + QF011),QL070+QF011,0.65
LEGAL.007,LEGAL.003,linked_through,LEGAL.007 → LEGAL.001 → LEGAL.003 (linked by QL070 + QF011),QL070+QF011,0.65
LEGAL.007,LEGAL.005,linked_through,LEGAL.007 → LEGAL.001 → LEGAL.005 (linked by QL070 + QF011),QL070+QF011,0.65
LEGAL.007,LEGAL.013,linked_through,LEGAL.007 → LEGAL.001 → LEGAL.013 (linked by QL070 + QF011),QL070+QF011,0.65
LEGAL.009,LEGAL.003,linked_through,LEGAL.009 → LEGAL.001 → LEGAL.003 (linked by QL070 + QF011),QL070+QF011,0.65
LEGAL.009,LEGAL.005,linked_through,LEGAL.009 → LEGAL.001 → LEGAL.005 (linked by QL070 + QF011),QL070+QF011,0.65
LEGAL.009,LEGAL.013,linked_through,LEGAL.009 → LEGAL.001 → LEGAL.013 (linked by QL070 + QF011),QL070+QF011,0.65
CORP.042,LEGAL.003,linked_through,CORP.042 → LEGAL.001 → LEGAL.003 (linked by QL070 + QF011),QL070+QF011,0.65
CORP.042,LEGAL.005,linked_through,CORP.042 → LEGAL.001 → LEGAL.005 (linked by QL070 + QF011),QL070+QF011,0.65
LEGAL.002,LEGAL.009,linked_through,LEGAL.002 → LEGAL.001 → LEGAL.009 (linked by QL070 + QF070),QL070+QF070,0.65
LEGAL.006,LEGAL.009,linked_through,LEGAL.006 → LEGAL.001 → LEGAL.009 (linked by QL070 + QF070),QL070+QF070,0.65
LEGAL.007,LEGAL.009,linked_through,LEGAL.007 → LEGAL.001 → LEGAL.009 (linked by QL070 + QF070),QL070+QF070,0.65
LEGAL.009,LEGAL.002,linked_through,LEGAL.009 → LEGAL.001 → LEGAL.002 (linked by QL070 + QF070),QL070+QF070,0.65
LEGAL.009,LEGAL.006,linked_through,LEGAL.009 → LEGAL.001 → LEGAL.006 (linked by QL070 + QF070),QL070+QF070,0.65
LEGAL.009,LEGAL.007,linked_through,LEGAL.009 → LEGAL.001 → LEGAL.007 (linked by QL070 + QF070),QL070+QF070,0.65
LEGAL.009,CORP.042,linked_through,LEGAL.009 → LEGAL.001 → CORP.042 (linked by QL070 + QF070),QL070+QF070,0.65
CORP.042,LEGAL.009,linked_through,CORP.042 → LEGAL.001 → LEGAL.009 (linked by QL070 + QF070),QL070+QF070,0.65
LEGAL.003,LEGAL.002,linked_through,LEGAL.003 → LEGAL.001 → LEGAL.002 (linked by QF011 + QF070),QF011+QF070,0.65
LEGAL.003,LEGAL.006,linked_through,LEGAL.003 → LEGAL.001 → LEGAL.006 (linked by QF011 + QF070),QF011+QF070,0.65
LEGAL.003,LEGAL.007,linked_through,LEGAL.003 → LEGAL.001 → LEGAL.007 (linked by QF011 + QF070),QF011+QF070,0.65
LEGAL.003,LEGAL.009,linked_through,LEGAL.003 → LEGAL.001 → LEGAL.009 (linked by QF011 + QF070),QF011+QF070,0.65
LEGAL.003,CORP.042,linked_through,LEGAL.003 → LEGAL.001 → CORP.042 (linked by QF011 + QF070),QF011+QF070,0.65
LEGAL.005,LEGAL.002,linked_through,LEGAL.005 → LEGAL.001 → LEGAL.002 (linked by QF011 + QF070),QF011+QF070,0.65
LEGAL.005,LEGAL.006,linked_through,LEGAL.005 → LEGAL.001 → LEGAL.006 (linked by QF011 + QF070),QF011+QF070,0.65
LEGAL.005,LEGAL.007,linked_through,LEGAL.005 → LEGAL.001 → LEGAL.007 (linked by QF011 + QF070),QF011+QF070,0.65
LEGAL.005,LEGAL.009,linked_through,LEGAL.005 → LEGAL.001 → LEGAL.009 (linked by QF011 + QF070),QF011+QF070,0.65
LEGAL.005,CORP.042,linked_through,LEGAL.005 → LEGAL.001 → CORP.042 (linked by QF011 + QF070),QF011+QF070,0.65
LEGAL.013,LEGAL.002,linked_through,LEGAL.013 → LEGAL.001 → LEGAL.002 (linked by QF011 + QF070),QF011+QF070,0.65
LEGAL.013,LEGAL.006,linked_through,LEGAL.013 → LEGAL.001 → LEGAL.006 (linked by QF011 + QF070),QF011+QF070,0.65
LEGAL.013,LEGAL.007,linked_through,LEGAL.013 → LEGAL.001 → LEGAL.007 (linked by QF011 + QF070),QF011+QF070,0.65
LEGAL.013,LEGAL.009,linked_through,LEGAL.013 → LEGAL.001 → LEGAL.009 (linked by QF011 + QF070),QF011+QF070,0.65
LEGAL.003,LEGAL.003,linked_through,LEGAL.003 → LEGAL.001 → LEGAL.003 (linked by QF011 + QL011),QF011+QL011,0.65
LEGAL.003,LEGAL.005,linked_through,LEGAL.003 → LEGAL.001 → LEGAL.005 (linked by QF011 + QL011),QF011+QL011,0.65
LEGAL.003,LEGAL.013,linked_through,LEGAL.003 → LEGAL.001 → LEGAL.013 (linked by QF011 + QL011),QF011+QL011,0.65
LEGAL.005,LEGAL.003,linked_through,LEGAL.005 → LEGAL.001 → LEGAL.003 (linked by QF011 + QL011),QF011+QL011,0.65
LEGAL.005,LEGAL.005,linked_through,LEGAL.005 → LEGAL.001 → LEGAL.005 (linked by QF011 + QL011),QF011+QL011,0.65
LEGAL.005,LEGAL.013,linked_through,LEGAL.005 → LEGAL.001 → LEGAL.013 (linked by QF011 + QL011),QF011+QL011,0.65
LEGAL.013,LEGAL.003,linked_through,LEGAL.013 → LEGAL.001 → LEGAL.003 (linked by QF011 + QL011),QF011+QL011,0.65
LEGAL.013,LEGAL.005,linked_through,LEGAL.013 → LEGAL.001 → LEGAL.005 (linked by QF011 + QL011),QF011+QL011,0.65
LEGAL.005,LEGAL.001,linked_through,LEGAL.005 → LEGAL.003 → LEGAL.001 (linked by QF011 + QL011),QF011+QL011,0.65
LEGAL.001,LEGAL.005,linked_through,LEGAL.001 → LEGAL.003 → LEGAL.005 (linked by QF011 + QL011),QF011+QL011,0.65
LEGAL.001,LEGAL.013,linked_through,LEGAL.001 → LEGAL.003 → LEGAL.013 (linked by QF011 + QL011),QF011+QL011,0.65
LEGAL.013,LEGAL.001,linked_through,LEGAL.013 → LEGAL.003 → LEGAL.001 (linked by QF011 + QL011),QF011+QL011,0.65
FIN.057,LEGAL.003,linked_through,FIN.057 → LEGAL.005 → LEGAL.003 (linked by QF035 + QF011),QF035+QF011,0.65
FIN.057,LEGAL.001,linked_through,FIN.057 → LEGAL.005 → LEGAL.001 (linked by QF035 + QF011),QF035+QF011,0.65
FIN.057,LEGAL.013,linked_through,FIN.057 → LEGAL.005 → LEGAL.013 (linked by QF035 + QF011),QF035+QF011,0.65
FIN.056,LEGAL.003,linked_through,FIN.056 → LEGAL.005 → LEGAL.003 (linked by QF035 + QF011),QF035+QF011,0.65
FIN.056,LEGAL.001,linked_through,FIN.056 → LEGAL.005 → LEGAL.001 (linked by QF035 + QF011),QF035+QF011,0.65
FIN.056,LEGAL.013,linked_through,FIN.056 → LEGAL.005 → LEGAL.013 (linked by QF035 + QF011),QF035+QF011,0.65
FIN.057,LEGAL.025,linked_through,FIN.057 → LEGAL.005 → LEGAL.025 (linked by QF035 + QF045),QF035+QF045,0.65
FIN.057,LEGAL.024,linked_through,FIN.057 → LEGAL.005 → LEGAL.024 (linked by QF035 + QF045),QF035+QF045,0.65
FIN.057,LEGAL.026,linked_through,FIN.057 → LEGAL.005 → LEGAL.026 (linked by QF035 + QF045),QF035+QF045,0.65
FIN.056,LEGAL.025,linked_through,FIN.056 → LEGAL.005 → LEGAL.025 (linked by QF035 + QF045),QF035+QF045,0.65
FIN.056,LEGAL.024,linked_through,FIN.056 → LEGAL.005 → LEGAL.024 (linked by QF035 + QF045),QF035+QF045,0.65
FIN.056,LEGAL.026,linked_through,FIN.056 → LEGAL.005 → LEGAL.026 (linked by QF035 + QF045),QF035+QF045,0.65
FIN.057,LEGAL.030,linked_through,FIN.057 → LEGAL.005 → LEGAL.030 (linked by QF035 + QF077),QF035+QF077,0.65
FIN.057,LEGAL.020,linked_through,FIN.057 → LEGAL.005 → LEGAL.020 (linked by QF035 + QF077),QF035+QF077,0.65
FIN.057,LEGAL.018,linked_through,FIN.057 → LEGAL.005 → LEGAL.018 (linked by QF035 + QF077),QF035+QF077,0.65
FIN.056,LEGAL.030,linked_through,FIN.056 → LEGAL.005 → LEGAL.030 (linked by QF035 + QF077),QF035+QF077,0.65
FIN.056,LEGAL.020,linked_through,FIN.056 → LEGAL.005 → LEGAL.020 (linked by QF035 + QF077),QF035+QF077,0.65
FIN.056,LEGAL.018,linked_through,FIN.056 → LEGAL.005 → LEGAL.018 (linked by QF035 + QF077),QF035+QF077,0.65
FIN.057,LEGAL.023,linked_through,FIN.057 → LEGAL.005 → LEGAL.023 (linked by QF035 + QL078),QF035+QL078,0.65
FIN.056,LEGAL.023,linked_through,FIN.056 → LEGAL.005 → LEGAL.023 (linked by QF035 + QL078),QF035+QL078,0.65
FIN.057,FIN.057,linked_through,FIN.057 → LEGAL.005 → FIN.057 (linked by QF035 + QL035),QF035+QL035,0.65
FIN.057,FIN.056,linked_through,FIN.057 → LEGAL.005 → FIN.056 (linked by QF035 + QL035),QF035+QL035,0.65
FIN.056,FIN.057,linked_through,FIN.056 → LEGAL.005 → FIN.057 (linked by QF035 + QL035),QF035+QL035,0.65
LEGAL.003,LEGAL.025,linked_through,LEGAL.003 → LEGAL.005 → LEGAL.025 (linked by QF011 + QF045),QF011+QF045,0.65
LEGAL.003,LEGAL.024,linked_through,LEGAL.003 → LEGAL.005 → LEGAL.024 (linked by QF011 + QF045),QF011+QF045,0.65
LEGAL.003,LEGAL.026,linked_through,LEGAL.003 → LEGAL.005 → LEGAL.026 (linked by QF011 + QF045),QF011+QF045,0.65
LEGAL.001,LEGAL.025,linked_through,LEGAL.001 → LEGAL.005 → LEGAL.025 (linked by QF011 + QF045),QF011+QF045,0.65
LEGAL.001,LEGAL.024,linked_through,LEGAL.001 → LEGAL.005 → LEGAL.024 (linked by QF011 + QF045),QF011+QF045,0.65
LEGAL.001,LEGAL.026,linked_through,LEGAL.001 → LEGAL.005 → LEGAL.026 (linked by QF011 + QF045),QF011+QF045,0.65
LEGAL.013,LEGAL.025,linked_through,LEGAL.013 → LEGAL.005 → LEGAL.025 (linked by QF011 + QF045),QF011+QF045,0.65
LEGAL.013,LEGAL.024,linked_through,LEGAL.013 → LEGAL.005 → LEGAL.024 (linked by QF011 + QF045),QF011+QF045,0.65
LEGAL.013,LEGAL.026,linked_through,LEGAL.013 → LEGAL.005 → LEGAL.026 (linked by QF011 + QF045),QF011+QF045,0.65
LEGAL.003,LEGAL.030,linked_through,LEGAL.003 → LEGAL.005 → LEGAL.030 (linked by QF011 + QF077),QF011+QF077,0.65
LEGAL.003,LEGAL.020,linked_through,LEGAL.003 → LEGAL.005 → LEGAL.020 (linked by QF011 + QF077),QF011+QF077,0.65
LEGAL.003,LEGAL.018,linked_through,LEGAL.003 → LEGAL.005 → LEGAL.018 (linked by QF011 + QF077),QF011+QF077,0.65
LEGAL.001,LEGAL.030,linked_through,LEGAL.001 → LEGAL.005 → LEGAL.030 (linked by QF011 + QF077),QF011+QF077,0.65
LEGAL.001,LEGAL.020,linked_through,LEGAL.001 → LEGAL.005 → LEGAL.020 (linked by QF011 + QF077),QF011+QF077,0.65
LEGAL.001,LEGAL.018,linked_through,LEGAL.001 → LEGAL.005 → LEGAL.018 (linked by QF011 + QF077),QF011+QF077,0.65
LEGAL.013,LEGAL.030,linked_through,LEGAL.013 → LEGAL.005 → LEGAL.030 (linked by QF011 + QF077),QF011+QF077,0.65
LEGAL.013,LEGAL.020,linked_through,LEGAL.013 → LEGAL.005 → LEGAL.020 (linked by QF011 + QF077),QF011+QF077,0.65
LEGAL.013,LEGAL.018,linked_through,LEGAL.013 → LEGAL.005 → LEGAL.018 (linked by QF011 + QF077),QF011+QF077,0.65
LEGAL.003,LEGAL.023,linked_through,LEGAL.003 → LEGAL.005 → LEGAL.023 (linked by QF011 + QL078),QF011+QL078,0.65
LEGAL.001,LEGAL.023,linked_through,LEGAL.001 → LEGAL.005 → LEGAL.023 (linked by QF011 + QL078),QF011+QL078,0.65
LEGAL.013,LEGAL.023,linked_through,LEGAL.013 → LEGAL.005 → LEGAL.023 (linked by QF011 + QL078),QF011+QL078,0.65
LEGAL.003,FIN.057,linked_through,LEGAL.003 → LEGAL.005 → FIN.057 (linked by QF011 + QL035),QF011+QL035,0.65
LEGAL.003,FIN.056,linked_through,LEGAL.003 → LEGAL.005 → FIN.056 (linked by QF011 + QL035),QF011+QL035,0.65
LEGAL.001,FIN.057,linked_through,LEGAL.001 → LEGAL.005 → FIN.057 (linked by QF011 + QL035),QF011+QL035,0.65
LEGAL.001,FIN.056,linked_through,LEGAL.001 → LEGAL.005 → FIN.056 (linked by QF011 + QL035),QF011+QL035,0.65
LEGAL.013,FIN.057,linked_through,LEGAL.013 → LEGAL.005 → FIN.057 (linked by QF011 + QL035),QF011+QL035,0.65
LEGAL.013,FIN.056,linked_through,LEGAL.013 → LEGAL.005 → FIN.056 (linked by QF011 + QL035),QF011+QL035,0.65
LEGAL.003,LEGAL.001,linked_through,LEGAL.003 → LEGAL.005 → LEGAL.001 (linked by QF011 + QL011),QF011+QL011,0.65
LEGAL.001,LEGAL.003,linked_through,LEGAL.001 → LEGAL.005 → LEGAL.003 (linked by QF011 + QL011),QF011+QL011,0.65
LEGAL.025,LEGAL.030,linked_through,LEGAL.025 → LEGAL.005 → LEGAL.030 (linked by QF045 + QF077),QF045+QF077,0.65
LEGAL.025,LEGAL.020,linked_through,LEGAL.025 → LEGAL.005 → LEGAL.020 (linked by QF045 + QF077),QF045+QF077,0.65
LEGAL.025,LEGAL.018,linked_through,LEGAL.025 → LEGAL.005 → LEGAL.018 (linked by QF045 + QF077),QF045+QF077,0.65
LEGAL.024,LEGAL.030,linked_through,LEGAL.024 → LEGAL.005 → LEGAL.030 (linked by QF045 + QF077),QF045+QF077,0.65
LEGAL.024,LEGAL.020,linked_through,LEGAL.024 → LEGAL.005 → LEGAL.020 (linked by QF045 + QF077),QF045+QF077,0.65
LEGAL.024,LEGAL.018,linked_through,LEGAL.024 → LEGAL.005 → LEGAL.018 (linked by QF045 + QF077),QF045+QF077,0.65
LEGAL.026,LEGAL.030,linked_through,LEGAL.026 → LEGAL.005 → LEGAL.030 (linked by QF045 + QF077),QF045+QF077,0.65
LEGAL.026,LEGAL.020,linked_through,LEGAL.026 → LEGAL.005 → LEGAL.020 (linked by QF045 + QF077),QF045+QF077,0.65
LEGAL.026,LEGAL.018,linked_through,LEGAL.026 → LEGAL.005 → LEGAL.018 (linked by QF045 + QF077),QF045+QF077,0.65
LEGAL.025,LEGAL.023,linked_through,LEGAL.025 → LEGAL.005 → LEGAL.023 (linked by QF045 + QL078),QF045+QL078,0.65
LEGAL.025,LEGAL.024,linked_through,LEGAL.025 → LEGAL.005 → LEGAL.024 (linked by QF045 + QL078),QF045+QL078,0.65
LEGAL.024,LEGAL.023,linked_through,LEGAL.024 → LEGAL.005 → LEGAL.023 (linked by QF045 + QL078),QF045+QL078,0.65
LEGAL.024,LEGAL.024,linked_through,LEGAL.024 → LEGAL.005 → LEGAL.024 (linked by QF045 + QL078),QF045+QL078,0.65
LEGAL.026,LEGAL.023,linked_through,LEGAL.026 → LEGAL.005 → LEGAL.023 (linked by QF045 + QL078),QF045+QL078,0.65
LEGAL.026,LEGAL.024,linked_through,LEGAL.026 → LEGAL.005 → LEGAL.024 (linked by QF045 + QL078),QF045+QL078,0.65
LEGAL.025,FIN.057,linked_through,LEGAL.025 → LEGAL.005 → FIN.057 (linked by QF045 + QL035),QF045+QL035,0.65
LEGAL.025,FIN.056,linked_through,LEGAL.025 → LEGAL.005 → FIN.056 (linked by QF045 + QL035),QF045+QL035,0.65
LEGAL.024,FIN.057,linked_through,LEGAL.024 → LEGAL.005 → FIN.057 (linked by QF045 + QL035),QF045+QL035,0.65
LEGAL.024,FIN.056,linked_through,LEGAL.024 → LEGAL.005 → FIN.056 (linked by QF045 + QL035),QF045+QL035,0.65
LEGAL.026,FIN.057,linked_through,LEGAL.026 → LEGAL.005 → FIN.057 (linked by QF045 + QL035),QF045+QL035,0.65
LEGAL.026,FIN.056,linked_through,LEGAL.026 → LEGAL.005 → FIN.056 (linked by QF045 + QL035),QF045+QL035,0.65
LEGAL.025,LEGAL.025,linked_through,LEGAL.025 → LEGAL.005 → LEGAL.025 (linked by QF045 + QL045),QF045+QL045,0.65
LEGAL.025,LEGAL.026,linked_through,LEGAL.025 → LEGAL.005 → LEGAL.026 (linked by QF045 + QL045),QF045+QL045,0.65
LEGAL.024,LEGAL.025,linked_through,LEGAL.024 → LEGAL.005 → LEGAL.025 (linked by QF045 + QL045),QF045+QL045,0.65
LEGAL.024,LEGAL.026,linked_through,LEGAL.024 → LEGAL.005 → LEGAL.026 (linked by QF045 + QL045),QF045+QL045,0.65
LEGAL.026,LEGAL.025,linked_through,LEGAL.026 → LEGAL.005 → LEGAL.025 (linked by QF045 + QL045),QF045+QL045,0.65
LEGAL.026,LEGAL.026,linked_through,LEGAL.026 → LEGAL.005 → LEGAL.026 (linked by QF045 + QL045),QF045+QL045,0.65
LEGAL.025,LEGAL.003,linked_through,LEGAL.025 → LEGAL.005 → LEGAL.003 (linked by QF045 + QL011),QF045+QL011,0.65
LEGAL.025,LEGAL.001,linked_through,LEGAL.025 → LEGAL.005 → LEGAL.001 (linked by QF045 + QL011),QF045+QL011,0.65
LEGAL.025,LEGAL.013,linked_through,LEGAL.025 → LEGAL.005 → LEGAL.013 (linked by QF045 + QL011),QF045+QL011,0.65
LEGAL.024,LEGAL.003,linked_through,LEGAL.024 → LEGAL.005 → LEGAL.003 (linked by QF045 + QL011),QF045+QL011,0.65
LEGAL.024,LEGAL.001,linked_through,LEGAL.024 → LEGAL.005 → LEGAL.001 (linked by QF045 + QL011),QF045+QL011,0.65
LEGAL.024,LEGAL.013,linked_through,LEGAL.024 → LEGAL.005 → LEGAL.013 (linked by QF045 + QL011),QF045+QL011,0.65
LEGAL.026,LEGAL.003,linked_through,LEGAL.026 → LEGAL.005 → LEGAL.003 (linked by QF045 + QL011),QF045+QL011,0.65
LEGAL.026,LEGAL.001,linked_through,LEGAL.026 → LEGAL.005 → LEGAL.001 (linked by QF045 + QL011),QF045+QL011,0.65
LEGAL.026,LEGAL.013,linked_through,LEGAL.026 → LEGAL.005 → LEGAL.013 (linked by QF045 + QL011),QF045+QL011,0.65
LEGAL.030,LEGAL.023,linked_through,LEGAL.030 → LEGAL.005 → LEGAL.023 (linked by QF077 + QL078),QF077+QL078,0.65
LEGAL.030,LEGAL.024,linked_through,LEGAL.030 → LEGAL.005 → LEGAL.024 (linked by QF077 + QL078),QF077+QL078,0.65
LEGAL.020,LEGAL.023,linked_through,LEGAL.020 → LEGAL.005 → LEGAL.023 (linked by QF077 + QL078),QF077+QL078,0.65
LEGAL.020,LEGAL.024,linked_through,LEGAL.020 → LEGAL.005 → LEGAL.024 (linked by QF077 + QL078),QF077+QL078,0.65
LEGAL.018,LEGAL.023,linked_through,LEGAL.018 → LEGAL.005 → LEGAL.023 (linked by QF077 + QL078),QF077+QL078,0.65
LEGAL.018,LEGAL.024,linked_through,LEGAL.018 → LEGAL.005 → LEGAL.024 (linked by QF077 + QL078),QF077+QL078,0.65
LEGAL.030,FIN.057,linked_through,LEGAL.030 → LEGAL.005 → FIN.057 (linked by QF077 + QL035),QF077+QL035,0.65
LEGAL.030,FIN.056,linked_through,LEGAL.030 → LEGAL.005 → FIN.056 (linked by QF077 + QL035),QF077+QL035,0.65
LEGAL.020,FIN.057,linked_through,LEGAL.020 → LEGAL.005 → FIN.057 (linked by QF077 + QL035),QF077+QL035,0.65
LEGAL.020,FIN.056,linked_through,LEGAL.020 → LEGAL.005 → FIN.056 (linked by QF077 + QL035),QF077+QL035,0.65
LEGAL.018,FIN.057,linked_through,LEGAL.018 → LEGAL.005 → FIN.057 (linked by QF077 + QL035),QF077+QL035,0.65
LEGAL.018,FIN.056,linked_through,LEGAL.018 → LEGAL.005 → FIN.056 (linked by QF077 + QL035),QF077+QL035,0.65
LEGAL.030,LEGAL.025,linked_through,LEGAL.030 → LEGAL.005 → LEGAL.025 (linked by QF077 + QL045),QF077+QL045,0.65
LEGAL.030,LEGAL.026,linked_through,LEGAL.030 → LEGAL.005 → LEGAL.026 (linked by QF077 + QL045),QF077+QL045,0.65
LEGAL.020,LEGAL.025,linked_through,LEGAL.020 → LEGAL.005 → LEGAL.025 (linked by QF077 + QL045),QF077+QL045,0.65
LEGAL.020,LEGAL.026,linked_through,LEGAL.020 → LEGAL.005 → LEGAL.026 (linked by QF077 + QL045),QF077+QL045,0.65
LEGAL.018,LEGAL.025,linked_through,LEGAL.018 → LEGAL.005 → LEGAL.025 (linked by QF077 + QL045),QF077+QL045,0.65
LEGAL.018,LEGAL.026,linked_through,LEGAL.018 → LEGAL.005 → LEGAL.026 (linked by QF077 + QL045),QF077+QL045,0.65
LEGAL.030,LEGAL.020,linked_through,LEGAL.030 → LEGAL.005 → LEGAL.020 (linked by QF077 + QL077),QF077+QL077,0.65
LEGAL.030,LEGAL.018,linked_through,LEGAL.030 → LEGAL.005 → LEGAL.018 (linked by QF077 + QL077),QF077+QL077,0.65
LEGAL.020,LEGAL.030,linked_through,LEGAL.020 → LEGAL.005 → LEGAL.030 (linked by QF077 + QL077),QF077+QL077,0.65
LEGAL.018,LEGAL.030,linked_through,LEGAL.018 → LEGAL.005 → LEGAL.030 (linked by QF077 + QL077),QF077+QL077,0.65
LEGAL.030,LEGAL.003,linked_through,LEGAL.030 → LEGAL.005 → LEGAL.003 (linked by QF077 + QL011),QF077+QL011,0.65
LEGAL.030,LEGAL.001,linked_through,LEGAL.030 → LEGAL.005 → LEGAL.001 (linked by QF077 + QL011),QF077+QL011,0.65
LEGAL.030,LEGAL.013,linked_through,LEGAL.030 → LEGAL.005 → LEGAL.013 (linked by QF077 + QL011),QF077+QL011,0.65
LEGAL.020,LEGAL.003,linked_through,LEGAL.020 → LEGAL.005 → LEGAL.003 (linked by QF077 + QL011),QF077+QL011,0.65
LEGAL.020,LEGAL.001,linked_through,LEGAL.020 → LEGAL.005 → LEGAL.001 (linked by QF077 + QL011),QF077+QL011,0.65
LEGAL.020,LEGAL.013,linked_through,LEGAL.020 → LEGAL.005 → LEGAL.013 (linked by QF077 + QL011),QF077+QL011,0.65
LEGAL.018,LEGAL.003,linked_through,LEGAL.018 → LEGAL.005 → LEGAL.003 (linked by QF077 + QL011),QF077+QL011,0.65
LEGAL.018,LEGAL.001,linked_through,LEGAL.018 → LEGAL.005 → LEGAL.001 (linked by QF077 + QL011),QF077+QL011,0.65
LEGAL.018,LEGAL.013,linked_through,LEGAL.018 → LEGAL.005 → LEGAL.013 (linked by QF077 + QL011),QF077+QL011,0.65
LEGAL.023,LEGAL.023,linked_through,LEGAL.023 → LEGAL.005 → LEGAL.023 (linked by QL078 + QF078),QL078+QF078,0.65
LEGAL.023,LEGAL.024,linked_through,LEGAL.023 → LEGAL.005 → LEGAL.024 (linked by QL078 + QF078),QL078+QF078,0.65
LEGAL.023,FIN.057,linked_through,LEGAL.023 → LEGAL.005 → FIN.057 (linked by QL078 + QL035),QL078+QL035,0.65
LEGAL.023,FIN.056,linked_through,LEGAL.023 → LEGAL.005 → FIN.056 (linked by QL078 + QL035),QL078+QL035,0.65
LEGAL.023,LEGAL.025,linked_through,LEGAL.023 → LEGAL.005 → LEGAL.025 (linked by QL078 + QL045),QL078+QL045,0.65
LEGAL.023,LEGAL.026,linked_through,LEGAL.023 → LEGAL.005 → LEGAL.026 (linked by QL078 + QL045),QL078+QL045,0.65
LEGAL.023,LEGAL.030,linked_through,LEGAL.023 → LEGAL.005 → LEGAL.030 (linked by QL078 + QL077),QL078+QL077,0.65
LEGAL.023,LEGAL.020,linked_through,LEGAL.023 → LEGAL.005 → LEGAL.020 (linked by QL078 + QL077),QL078+QL077,0.65
LEGAL.023,LEGAL.018,linked_through,LEGAL.023 → LEGAL.005 → LEGAL.018 (linked by QL078 + QL077),QL078+QL077,0.65
LEGAL.023,LEGAL.003,linked_through,LEGAL.023 → LEGAL.005 → LEGAL.003 (linked by QL078 + QL011),QL078+QL011,0.65
LEGAL.023,LEGAL.001,linked_through,LEGAL.023 → LEGAL.005 → LEGAL.001 (linked by QL078 + QL011),QL078+QL011,0.65
LEGAL.023,LEGAL.013,linked_through,LEGAL.023 → LEGAL.005 → LEGAL.013 (linked by QL078 + QL011),QL078+QL011,0.65
LEGAL.003,LEGAL.033,linked_through,LEGAL.003 → LEGAL.013 → LEGAL.033 (linked by QF011 + QL082),QF011+QL082,0.65
LEGAL.001,LEGAL.033,linked_through,LEGAL.001 → LEGAL.013 → LEGAL.033 (linked by QF011 + QL082),QF011+QL082,0.65
LEGAL.005,LEGAL.033,linked_through,LEGAL.005 → LEGAL.013 → LEGAL.033 (linked by QF011 + QL082),QF011+QL082,0.65
LEGAL.003,LEGAL.031,linked_through,LEGAL.003 → LEGAL.013 → LEGAL.031 (linked by QF011 + QF044),QF011+QF044,0.65
LEGAL.003,ESG.026,linked_through,LEGAL.003 → LEGAL.013 → ESG.026 (linked by QF011 + QF044),QF011+QF044,0.65
LEGAL.001,LEGAL.031,linked_through,LEGAL.001 → LEGAL.013 → LEGAL.031 (linked by QF011 + QF044),QF011+QF044,0.65
LEGAL.001,ESG.026,linked_through,LEGAL.001 → LEGAL.013 → ESG.026 (linked by QF011 + QF044),QF011+QF044,0.65
LEGAL.005,LEGAL.031,linked_through,LEGAL.005 → LEGAL.013 → LEGAL.031 (linked by QF011 + QF044),QF011+QF044,0.65
LEGAL.005,ESG.026,linked_through,LEGAL.005 → LEGAL.013 → ESG.026 (linked by QF011 + QF044),QF011+QF044,0.65
LEGAL.003,CORP.044,linked_through,LEGAL.003 → LEGAL.013 → CORP.044 (linked by QF011 + QF085),QF011+QF085,0.65
LEGAL.001,CORP.044,linked_through,LEGAL.001 → LEGAL.013 → CORP.044 (linked by QF011 + QF085),QF011+QF085,0.65
LEGAL.005,CORP.044,linked_through,LEGAL.005 → LEGAL.013 → CORP.044 (linked by QF011 + QF085),QF011+QF085,0.65
LEGAL.033,ESG.026,linked_through,LEGAL.033 → LEGAL.013 → ESG.026 (linked by QL082 + QF044),QL082+QF044,0.65
LEGAL.033,LEGAL.003,linked_through,LEGAL.033 → LEGAL.013 → LEGAL.003 (linked by QL082 + QL011),QL082+QL011,0.65
LEGAL.033,LEGAL.001,linked_through,LEGAL.033 → LEGAL.013 → LEGAL.001 (linked by QL082 + QL011),QL082+QL011,0.65
LEGAL.033,LEGAL.005,linked_through,LEGAL.033 → LEGAL.013 → LEGAL.005 (linked by QL082 + QL011),QL082+QL011,0.65
ESG.026,LEGAL.033,linked_through,ESG.026 → LEGAL.013 → LEGAL.033 (linked by QF044 + QF085),QF044+QF085,0.65
LEGAL.031,LEGAL.003,linked_through,LEGAL.031 → LEGAL.013 → LEGAL.003 (linked by QF044 + QL011),QF044+QL011,0.65
LEGAL.031,LEGAL.001,linked_through,LEGAL.031 → LEGAL.013 → LEGAL.001 (linked by QF044 + QL011),QF044+QL011,0.65
LEGAL.031,LEGAL.005,linked_through,LEGAL.031 → LEGAL.013 → LEGAL.005 (linked by QF044 + QL011),QF044+QL011,0.65
ESG.026,LEGAL.003,linked_through,ESG.026 → LEGAL.013 → LEGAL.003 (linked by QF044 + QL011),QF044+QL011,0.65
ESG.026,LEGAL.001,linked_through,ESG.026 → LEGAL.013 → LEGAL.001 (linked by QF044 + QL011),QF044+QL011,0.65
ESG.026,LEGAL.005,linked_through,ESG.026 → LEGAL.013 → LEGAL.005 (linked by QF044 + QL011),QF044+QL011,0.65
CORP.044,LEGAL.033,linked_through,CORP.044 → LEGAL.013 → LEGAL.033 (linked by QF085 + QL044),QF085+QL044,0.65
CORP.044,LEGAL.003,linked_through,CORP.044 → LEGAL.013 → LEGAL.003 (linked by QF085 + QL011),QF085+QL011,0.65
CORP.044,LEGAL.001,linked_through,CORP.044 → LEGAL.013 → LEGAL.001 (linked by QF085 + QL011),QF085+QL011,0.65
CORP.044,LEGAL.005,linked_through,CORP.044 → LEGAL.013 → LEGAL.005 (linked by QF085 + QL011),QF085+QL011,0.65
LEGAL.030,CORP.044,linked_through,LEGAL.030 → CORP.043 → CORP.044 (linked by QF013 + QL013),QF013+QL013,0.65
CORP.044,LEGAL.030,linked_through,CORP.044 → CORP.043 → LEGAL.030 (linked by QF013 + QL013),QF013+QL013,0.65
CORP.044,CORP.036,linked_through,CORP.044 → CORP.043 → CORP.036 (linked by QF013 + QF016),QF013+QF016,0.65
CORP.044,CORP.021,linked_through,CORP.044 → CORP.043 → CORP.021 (linked by QF013 + QF016),QF013+QF016,0.65
CORP.044,CUST.019,linked_through,CORP.044 → CORP.043 → CUST.019 (linked by QF013 + QL032),QF013+QL032,0.65
CORP.044,SUPP.010,linked_through,CORP.044 → CORP.043 → SUPP.010 (linked by QF013 + QL032),QF013+QL032,0.65
CORP.021,CORP.036,linked_through,CORP.021 → CORP.043 → CORP.036 (linked by QF016 + QL032),QF016+QL032,0.65
CORP.036,CORP.021,linked_through,CORP.036 → CORP.043 → CORP.021 (linked by QF016 + QL016),QF016+QL016,0.65
CORP.036,CORP.044,linked_through,CORP.036 → CORP.043 → CORP.044 (linked by QF016 + QF014),QF016+QF014,0.65
CORP.021,CORP.044,linked_through,CORP.021 → CORP.043 → CORP.044 (linked by QF016 + QF014),QF016+QF014,0.65
CUST.019,CORP.044,linked_through,CUST.019 → CORP.043 → CORP.044 (linked by QL032 + QF014),QL032+QF014,0.65
SUPP.010,CORP.044,linked_through,SUPP.010 → CORP.043 → CORP.044 (linked by QL032 + QF014),QL032+QF014,0.65
LEGAL.030,LEGAL.033,linked_through,LEGAL.030 → CORP.044 → LEGAL.033 (linked by QF013 + QF085),QF013+QF085,0.65
CORP.043,LEGAL.033,linked_through,CORP.043 → CORP.044 → LEGAL.033 (linked by QF013 + QF085),QF013+QF085,0.65
CORP.043,LEGAL.013,linked_through,CORP.043 → CORP.044 → LEGAL.013 (linked by QF013 + QF085),QF013+QF085,0.65
LEGAL.030,LEGAL.017,linked_through,LEGAL.030 → CORP.044 → LEGAL.017 (linked by QF013 + QL061),QF013+QL061,0.65
LEGAL.030,LEGAL.016,linked_through,LEGAL.030 → CORP.044 → LEGAL.016 (linked by QF013 + QL061),QF013+QL061,0.65
LEGAL.030,LEGAL.019,linked_through,LEGAL.030 → CORP.044 → LEGAL.019 (linked by QF013 + QL061),QF013+QL061,0.65
CORP.043,LEGAL.018,linked_through,CORP.043 → CORP.044 → LEGAL.018 (linked by QF013 + QL061),QF013+QL061,0.65
CORP.043,LEGAL.017,linked_through,CORP.043 → CORP.044 → LEGAL.017 (linked by QF013 + QL061),QF013+QL061,0.65
CORP.043,LEGAL.016,linked_through,CORP.043 → CORP.044 → LEGAL.016 (linked by QF013 + QL061),QF013+QL061,0.65
CORP.043,LEGAL.019,linked_through,CORP.043 → CORP.044 → LEGAL.019 (linked by QF013 + QL061),QF013+QL061,0.65
CORP.043,LEGAL.020,linked_through,CORP.043 → CORP.044 → LEGAL.020 (linked by QF013 + QL061),QF013+QL061,0.65
LEGAL.030,CORP.045,linked_through,LEGAL.030 → CORP.044 → CORP.045 (linked by QF013 + QL081),QF013+QL081,0.65
CORP.043,CORP.045,linked_through,CORP.043 → CORP.044 → CORP.045 (linked by QF013 + QL081),QF013+QL081,0.65
LEGAL.013,LEGAL.017,linked_through,LEGAL.013 → CORP.044 → LEGAL.017 (linked by QF085 + QL061),QF085+QL061,0.65
LEGAL.033,LEGAL.030,linked_through,LEGAL.033 → CORP.044 → LEGAL.030 (linked by QF085 + QF014),QF085+QF014,0.65
LEGAL.033,CORP.043,linked_through,LEGAL.033 → CORP.044 → CORP.043 (linked by QF085 + QF014),QF085+QF014,0.65
LEGAL.013,CORP.043,linked_through,LEGAL.013 → CORP.044 → CORP.043 (linked by QF085 + QF014),QF085+QF014,0.65
LEGAL.033,LEGAL.013,linked_through,LEGAL.033 → CORP.044 → LEGAL.013 (linked by QF085 + QF001),QF085+QF001,0.65
LEGAL.013,LEGAL.033,linked_through,LEGAL.013 → CORP.044 → LEGAL.033 (linked by QF085 + QF001),QF085+QF001,0.65
LEGAL.033,CORP.045,linked_through,LEGAL.033 → CORP.044 → CORP.045 (linked by QF085 + QL081),QF085+QL081,0.65
LEGAL.018,CORP.043,linked_through,LEGAL.018 → CORP.044 → CORP.043 (linked by QL061 + QF014),QL061+QF014,0.65
LEGAL.017,LEGAL.030,linked_through,LEGAL.017 → CORP.044 → LEGAL.030 (linked by QL061 + QF014),QL061+QF014,0.65
LEGAL.017,CORP.043,linked_through,LEGAL.017 → CORP.044 → CORP.043 (linked by QL061 + QF014),QL061+QF014,0.65
LEGAL.016,LEGAL.030,linked_through,LEGAL.016 → CORP.044 → LEGAL.030 (linked by QL061 + QF014),QL061+QF014,0.65
LEGAL.016,CORP.043,linked_through,LEGAL.016 → CORP.044 → CORP.043 (linked by QL061 + QF014),QL061+QF014,0.65
LEGAL.019,LEGAL.030,linked_through,LEGAL.019 → CORP.044 → LEGAL.030 (linked by QL061 + QF014),QL061+QF014,0.65
LEGAL.019,CORP.043,linked_through,LEGAL.019 → CORP.044 → CORP.043 (linked by QL061 + QF014),QL061+QF014,0.65
LEGAL.020,CORP.043,linked_through,LEGAL.020 → CORP.044 → CORP.043 (linked by QL061 + QF014),QL061+QF014,0.65
LEGAL.018,LEGAL.033,linked_through,LEGAL.018 → CORP.044 → LEGAL.033 (linked by QL061 + QF001),QL061+QF001,0.65
LEGAL.017,LEGAL.033,linked_through,LEGAL.017 → CORP.044 → LEGAL.033 (linked by QL061 + QF001),QL061+QF001,0.65
LEGAL.017,LEGAL.013,linked_through,LEGAL.017 → CORP.044 → LEGAL.013 (linked by QL061 + QF001),QL061+QF001,0.65
LEGAL.020,LEGAL.033,linked_through,LEGAL.020 → CORP.044 → LEGAL.033 (linked by QL061 + QF001),QL061+QF001,0.65
LEGAL.018,CORP.045,linked_through,LEGAL.018 → CORP.044 → CORP.045 (linked by QL061 + QL081),QL061+QL081,0.65
LEGAL.017,CORP.045,linked_through,LEGAL.017 → CORP.044 → CORP.045 (linked by QL061 + QL081),QL061+QL081,0.65
LEGAL.020,CORP.045,linked_through,LEGAL.020 → CORP.044 → CORP.045 (linked by QL061 + QL081),QL061+QL081,0.65
LEGAL.018,LEGAL.016,linked_through,LEGAL.018 → CORP.044 → LEGAL.016 (linked by QL061 + QF061),QL061+QF061,0.65
LEGAL.017,LEGAL.016,linked_through,LEGAL.017 → CORP.044 → LEGAL.016 (linked by QL061 + QF061),QL061+QF061,0.65
LEGAL.016,LEGAL.018,linked_through,LEGAL.016 → CORP.044 → LEGAL.018 (linked by QL061 + QF061),QL061+QF061,0.65
LEGAL.016,LEGAL.017,linked_through,LEGAL.016 → CORP.044 → LEGAL.017 (linked by QL061 + QF061),QL061+QF061,0.65
LEGAL.016,LEGAL.020,linked_through,LEGAL.016 → CORP.044 → LEGAL.020 (linked by QL061 + QF061),QL061+QF061,0.65
LEGAL.020,LEGAL.016,linked_through,LEGAL.020 → CORP.044 → LEGAL.016 (linked by QL061 + QF061),QL061+QF061,0.65
CORP.045,LEGAL.018,linked_through,CORP.045 → CORP.044 → LEGAL.018 (linked by QL081 + QF061),QL081+QF061,0.65
CORP.045,LEGAL.017,linked_through,CORP.045 → CORP.044 → LEGAL.017 (linked by QL081 + QF061),QL081+QF061,0.65
CORP.045,LEGAL.020,linked_through,CORP.045 → CORP.044 → LEGAL.020 (linked by QL081 + QF061),QL081+QF061,0.65
CORP.045,LEGAL.030,linked_through,CORP.045 → CORP.044 → LEGAL.030 (linked by QL081 + QF012),QL081+QF012,0.65
CORP.045,CORP.043,linked_through,CORP.045 → CORP.044 → CORP.043 (linked by QL081 + QF012),QL081+QF012,0.65
CORP.045,LEGAL.033,linked_through,CORP.045 → CORP.044 → LEGAL.033 (linked by QL081 + QF081),QL081+QF081,0.65
CORP.043,CORP.044,linked_through,CORP.043 → LEGAL.030 → CORP.044 (linked by QF013 + QL013),QF013+QL013,0.65
CORP.044,CORP.043,linked_through,CORP.044 → LEGAL.030 → CORP.043 (linked by QF013 + QL013),QF013+QL013,0.65
CORP.043,ESG.021,linked_through,CORP.043 → LEGAL.030 → ESG.021 (linked by QF013 + QF026),QF013+QF026,0.65
CORP.044,ESG.021,linked_through,CORP.044 → LEGAL.030 → ESG.021 (linked by QF013 + QF026),QF013+QF026,0.65
CORP.044,CORP.037,linked_through,CORP.044 → LEGAL.030 → CORP.037 (linked by QF013 + QF026),QF013+QF026,0.65
CORP.043,LEGAL.005,linked_through,CORP.043 → LEGAL.030 → LEGAL.005 (linked by QF013 + QF077),QF013+QF077,0.65
ESG.021,LEGAL.005,linked_through,ESG.021 → LEGAL.030 → LEGAL.005 (linked by QF026 + QF077),QF026+QF077,0.65
ESG.021,LEGAL.020,linked_through,ESG.021 → LEGAL.030 → LEGAL.020 (linked by QF026 + QF077),QF026+QF077,0.65
ESG.021,LEGAL.018,linked_through,ESG.021 → LEGAL.030 → LEGAL.018 (linked by QF026 + QF077),QF026+QF077,0.65
CORP.037,LEGAL.005,linked_through,CORP.037 → LEGAL.030 → LEGAL.005 (linked by QF026 + QF077),QF026+QF077,0.65
CORP.037,LEGAL.020,linked_through,CORP.037 → LEGAL.030 → LEGAL.020 (linked by QF026 + QF077),QF026+QF077,0.65
CORP.037,LEGAL.018,linked_through,CORP.037 → LEGAL.030 → LEGAL.018 (linked by QF026 + QF077),QF026+QF077,0.65
ESG.021,CORP.037,linked_through,ESG.021 → LEGAL.030 → CORP.037 (linked by QF026 + QL031),QF026+QL031,0.65
ESG.021,CORP.043,linked_through,ESG.021 → LEGAL.030 → CORP.043 (linked by QF026 + QF014),QF026+QF014,0.65
ESG.021,CORP.044,linked_through,ESG.021 → LEGAL.030 → CORP.044 (linked by QF026 + QF014),QF026+QF014,0.65
CORP.037,CORP.044,linked_through,CORP.037 → LEGAL.030 → CORP.044 (linked by QF026 + QF014),QF026+QF014,0.65
CORP.037,ESG.021,linked_through,CORP.037 → LEGAL.030 → ESG.021 (linked by QF026 + QL026),QF026+QL026,0.65
LEGAL.005,CORP.036,linked_through,LEGAL.005 → LEGAL.030 → CORP.036 (linked by QF077 + QL031),QF077+QL031,0.65
LEGAL.005,CORP.037,linked_through,LEGAL.005 → LEGAL.030 → CORP.037 (linked by QF077 + QL031),QF077+QL031,0.65
LEGAL.020,CORP.036,linked_through,LEGAL.020 → LEGAL.030 → CORP.036 (linked by QF077 + QL031),QF077+QL031,0.65
LEGAL.020,CORP.037,linked_through,LEGAL.020 → LEGAL.030 → CORP.037 (linked by QF077 + QL031),QF077+QL031,0.65
LEGAL.018,CORP.036,linked_through,LEGAL.018 → LEGAL.030 → CORP.036 (linked by QF077 + QL031),QF077+QL031,0.65
LEGAL.018,CORP.037,linked_through,LEGAL.018 → LEGAL.030 → CORP.037 (linked by QF077 + QL031),QF077+QL031,0.65
LEGAL.005,CORP.043,linked_through,LEGAL.005 → LEGAL.030 → CORP.043 (linked by QF077 + QF014),QF077+QF014,0.65
LEGAL.005,ESG.021,linked_through,LEGAL.005 → LEGAL.030 → ESG.021 (linked by QF077 + QL026),QF077+QL026,0.65
LEGAL.020,ESG.021,linked_through,LEGAL.020 → LEGAL.030 → ESG.021 (linked by QF077 + QL026),QF077+QL026,0.65
LEGAL.018,ESG.021,linked_through,LEGAL.018 → LEGAL.030 → ESG.021 (linked by QF077 + QL026),QF077+QL026,0.65
LEGAL.005,LEGAL.020,linked_through,LEGAL.005 → LEGAL.030 → LEGAL.020 (linked by QF077 + QL077),QF077+QL077,0.65
LEGAL.005,LEGAL.018,linked_through,LEGAL.005 → LEGAL.030 → LEGAL.018 (linked by QF077 + QL077),QF077+QL077,0.65
LEGAL.020,LEGAL.005,linked_through,LEGAL.020 → LEGAL.030 → LEGAL.005 (linked by QF077 + QL077),QF077+QL077,0.65
LEGAL.018,LEGAL.005,linked_through,LEGAL.018 → LEGAL.030 → LEGAL.005 (linked by QF077 + QL077),QF077+QL077,0.65
CORP.036,LEGAL.005,linked_through,CORP.036 → LEGAL.030 → LEGAL.005 (linked by QL031 + QL077),QL031+QL077,0.65
CORP.036,LEGAL.020,linked_through,CORP.036 → LEGAL.030 → LEGAL.020 (linked by QL031 + QL077),QL031+QL077,0.65
CORP.036,LEGAL.018,linked_through,CORP.036 → LEGAL.030 → LEGAL.018 (linked by QL031 + QL077),QL031+QL077,0.65
CORP.017,FIN.055,linked_through,CORP.017 → CORP.040 → FIN.055 (linked by QL018 + QL015),QL018+QL015,0.65
CORP.018,FIN.055,linked_through,CORP.018 → CORP.040 → FIN.055 (linked by QL018 + QL015),QL018+QL015,0.65
CORP.017,FIN.033,linked_through,CORP.017 → CORP.040 → FIN.033 (linked by QL018 + QF018),QL018+QF018,0.65
FIN.033,CORP.017,linked_through,FIN.033 → CORP.040 → CORP.017 (linked by QL018 + QF018),QL018+QF018,0.65
FIN.055,CORP.017,linked_through,FIN.055 → CORP.040 → CORP.017 (linked by QL015 + QF018),QL015+QF018,0.65
FIN.055,CORP.018,linked_through,FIN.055 → CORP.040 → CORP.018 (linked by QL015 + QF018),QL015+QF018,0.65
CORP.040,FIN.001,linked_through,CORP.040 → FIN.055 → FIN.001 (linked by QF015 + QF094),QF015+QF094,0.65
CORP.018,TXN.006,linked_through,CORP.018 → CORP.017 → TXN.006 (linked by QF018 + QF022),QF018+QF022,0.65
CORP.018,TXN.007,linked_through,CORP.018 → CORP.017 → TXN.007 (linked by QF018 + QF022),QF018+QF022,0.65
FIN.033,TXN.006,linked_through,FIN.033 → CORP.017 → TXN.006 (linked by QF018 + QF022),QF018+QF022,0.65
FIN.033,TXN.007,linked_through,FIN.033 → CORP.017 → TXN.007 (linked by QF018 + QF022),QF018+QF022,0.65
CORP.040,TXN.006,linked_through,CORP.040 → CORP.017 → TXN.006 (linked by QF018 + QF022),QF018+QF022,0.65
CORP.040,TXN.007,linked_through,CORP.040 → CORP.017 → TXN.007 (linked by QF018 + QF022),QF018+QF022,0.65
CORP.018,ESG.026,linked_through,CORP.018 → CORP.017 → ESG.026 (linked by QF018 + QF017),QF018+QF017,0.65
CORP.018,MGMT.019,linked_through,CORP.018 → CORP.017 → MGMT.019 (linked by QF018 + QF017),QF018+QF017,0.65
CORP.018,MGMT.020,linked_through,CORP.018 → CORP.017 → MGMT.020 (linked by QF018 + QF017),QF018+QF017,0.65
FIN.033,ESG.026,linked_through,FIN.033 → CORP.017 → ESG.026 (linked by QF018 + QF017),QF018+QF017,0.65
FIN.033,MGMT.019,linked_through,FIN.033 → CORP.017 → MGMT.019 (linked by QF018 + QF017),QF018+QF017,0.65
FIN.033,MGMT.020,linked_through,FIN.033 → CORP.017 → MGMT.020 (linked by QF018 + QF017),QF018+QF017,0.65
CORP.040,ESG.026,linked_through,CORP.040 → CORP.017 → ESG.026 (linked by QF018 + QF017),QF018+QF017,0.65
CORP.040,MGMT.019,linked_through,CORP.040 → CORP.017 → MGMT.019 (linked by QF018 + QF017),QF018+QF017,0.65
CORP.040,MGMT.020,linked_through,CORP.040 → CORP.017 → MGMT.020 (linked by QF018 + QF017),QF018+QF017,0.65
TXN.006,ESG.026,linked_through,TXN.006 → CORP.017 → ESG.026 (linked by QF022 + QF017),QF022+QF017,0.65
TXN.006,MGMT.019,linked_through,TXN.006 → CORP.017 → MGMT.019 (linked by QF022 + QF017),QF022+QF017,0.65
TXN.006,MGMT.020,linked_through,TXN.006 → CORP.017 → MGMT.020 (linked by QF022 + QF017),QF022+QF017,0.65
TXN.007,ESG.026,linked_through,TXN.007 → CORP.017 → ESG.026 (linked by QF022 + QF017),QF022+QF017,0.65
TXN.007,MGMT.019,linked_through,TXN.007 → CORP.017 → MGMT.019 (linked by QF022 + QF017),QF022+QF017,0.65
TXN.007,MGMT.020,linked_through,TXN.007 → CORP.017 → MGMT.020 (linked by QF022 + QF017),QF022+QF017,0.65
TXN.006,CORP.018,linked_through,TXN.006 → CORP.017 → CORP.018 (linked by QF022 + QL022),QF022+QL022,0.65
TXN.006,TXN.007,linked_through,TXN.006 → CORP.017 → TXN.007 (linked by QF022 + QL022),QF022+QL022,0.65
TXN.007,TXN.006,linked_through,TXN.007 → CORP.017 → TXN.006 (linked by QF022 + QL022),QF022+QL022,0.65
TXN.007,CORP.018,linked_through,TXN.007 → CORP.017 → CORP.018 (linked by QF022 + QL022),QF022+QL022,0.65
TXN.007,TXN.007,linked_through,TXN.007 → CORP.017 → TXN.007 (linked by QF022 + QL022),QF022+QL022,0.65
TXN.006,FIN.033,linked_through,TXN.006 → CORP.017 → FIN.033 (linked by QF022 + QL018),QF022+QL018,0.65
TXN.006,CORP.040,linked_through,TXN.006 → CORP.017 → CORP.040 (linked by QF022 + QL018),QF022+QL018,0.65
TXN.007,FIN.033,linked_through,TXN.007 → CORP.017 → FIN.033 (linked by QF022 + QL018),QF022+QL018,0.65
TXN.007,CORP.040,linked_through,TXN.007 → CORP.017 → CORP.040 (linked by QF022 + QL018),QF022+QL018,0.65
ESG.026,TXN.006,linked_through,ESG.026 → CORP.017 → TXN.006 (linked by QF017 + QL022),QF017+QL022,0.65
ESG.026,CORP.018,linked_through,ESG.026 → CORP.017 → CORP.018 (linked by QF017 + QL022),QF017+QL022,0.65
ESG.026,TXN.007,linked_through,ESG.026 → CORP.017 → TXN.007 (linked by QF017 + QL022),QF017+QL022,0.65
MGMT.019,TXN.006,linked_through,MGMT.019 → CORP.017 → TXN.006 (linked by QF017 + QL022),QF017+QL022,0.65
MGMT.019,CORP.018,linked_through,MGMT.019 → CORP.017 → CORP.018 (linked by QF017 + QL022),QF017+QL022,0.65
MGMT.019,TXN.007,linked_through,MGMT.019 → CORP.017 → TXN.007 (linked by QF017 + QL022),QF017+QL022,0.65
MGMT.020,TXN.006,linked_through,MGMT.020 → CORP.017 → TXN.006 (linked by QF017 + QL022),QF017+QL022,0.65
MGMT.020,CORP.018,linked_through,MGMT.020 → CORP.017 → CORP.018 (linked by QF017 + QL022),QF017+QL022,0.65
MGMT.020,TXN.007,linked_through,MGMT.020 → CORP.017 → TXN.007 (linked by QF017 + QL022),QF017+QL022,0.65
ESG.026,MGMT.019,linked_through,ESG.026 → CORP.017 → MGMT.019 (linked by QF017 + QL017),QF017+QL017,0.65
ESG.026,MGMT.020,linked_through,ESG.026 → CORP.017 → MGMT.020 (linked by QF017 + QL017),QF017+QL017,0.65
MGMT.019,ESG.026,linked_through,MGMT.019 → CORP.017 → ESG.026 (linked by QF017 + QL017),QF017+QL017,0.65
MGMT.019,MGMT.019,linked_through,MGMT.019 → CORP.017 → MGMT.019 (linked by QF017 + QL017),QF017+QL017,0.65
MGMT.019,MGMT.020,linked_through,MGMT.019 → CORP.017 → MGMT.020 (linked by QF017 + QL017),QF017+QL017,0.65
MGMT.020,ESG.026,linked_through,MGMT.020 → CORP.017 → ESG.026 (linked by QF017 + QL017),QF017+QL017,0.65
MGMT.020,MGMT.019,linked_through,MGMT.020 → CORP.017 → MGMT.019 (linked by QF017 + QL017),QF017+QL017,0.65
MGMT.020,MGMT.020,linked_through,MGMT.020 → CORP.017 → MGMT.020 (linked by QF017 + QL017),QF017+QL017,0.65
ESG.026,FIN.033,linked_through,ESG.026 → CORP.017 → FIN.033 (linked by QF017 + QL018),QF017+QL018,0.65
ESG.026,CORP.040,linked_through,ESG.026 → CORP.017 → CORP.040 (linked by QF017 + QL018),QF017+QL018,0.65
MGMT.019,FIN.033,linked_through,MGMT.019 → CORP.017 → FIN.033 (linked by QF017 + QL018),QF017+QL018,0.65
MGMT.019,CORP.040,linked_through,MGMT.019 → CORP.017 → CORP.040 (linked by QF017 + QL018),QF017+QL018,0.65
MGMT.020,FIN.033,linked_through,MGMT.020 → CORP.017 → FIN.033 (linked by QF017 + QL018),QF017+QL018,0.65
MGMT.020,CORP.040,linked_through,MGMT.020 → CORP.017 → CORP.040 (linked by QF017 + QL018),QF017+QL018,0.65
MGMT.013,CORP.017,linked_through,MGMT.013 → MGMT.019 → CORP.017 (linked by QF073 + QF017),QF073+QF017,0.65
MGMT.013,ESG.026,linked_through,MGMT.013 → MGMT.019 → ESG.026 (linked by QF073 + QF017),QF073+QF017,0.65
MGMT.013,MGMT.020,linked_through,MGMT.013 → MGMT.019 → MGMT.020 (linked by QF073 + QF017),QF073+QF017,0.65
MGMT.024,CORP.017,linked_through,MGMT.024 → MGMT.019 → CORP.017 (linked by QF073 + QF017),QF073+QF017,0.65
MGMT.024,ESG.026,linked_through,MGMT.024 → MGMT.019 → ESG.026 (linked by QF073 + QF017),QF073+QF017,0.65
MGMT.024,MGMT.020,linked_through,MGMT.024 → MGMT.019 → MGMT.020 (linked by QF073 + QF017),QF073+QF017,0.65
MGMT.034,CORP.017,linked_through,MGMT.034 → MGMT.019 → CORP.017 (linked by QF073 + QF017),QF073+QF017,0.65
MGMT.034,ESG.026,linked_through,MGMT.034 → MGMT.019 → ESG.026 (linked by QF073 + QF017),QF073+QF017,0.65
MGMT.034,MGMT.020,linked_through,MGMT.034 → MGMT.019 → MGMT.020 (linked by QF073 + QF017),QF073+QF017,0.65
MGMT.013,MGMT.037,linked_through,MGMT.013 → MGMT.019 → MGMT.037 (linked by QF073 + QL063),QF073+QL063,0.65
MGMT.013,MGMT.013,linked_through,MGMT.013 → MGMT.019 → MGMT.013 (linked by QF073 + QL063),QF073+QL063,0.65
MGMT.013,MGMT.036,linked_through,MGMT.013 → MGMT.019 → MGMT.036 (linked by QF073 + QL063),QF073+QL063,0.65
MGMT.024,MGMT.037,linked_through,MGMT.024 → MGMT.019 → MGMT.037 (linked by QF073 + QL063),QF073+QL063,0.65
MGMT.024,MGMT.013,linked_through,MGMT.024 → MGMT.019 → MGMT.013 (linked by QF073 + QL063),QF073+QL063,0.65
MGMT.024,MGMT.036,linked_through,MGMT.024 → MGMT.019 → MGMT.036 (linked by QF073 + QL063),QF073+QL063,0.65
MGMT.034,MGMT.037,linked_through,MGMT.034 → MGMT.019 → MGMT.037 (linked by QF073 + QL063),QF073+QL063,0.65
MGMT.034,MGMT.013,linked_through,MGMT.034 → MGMT.019 → MGMT.013 (linked by QF073 + QL063),QF073+QL063,0.65
MGMT.034,MGMT.036,linked_through,MGMT.034 → MGMT.019 → MGMT.036 (linked by QF073 + QL063),QF073+QL063,0.65
MGMT.013,MGMT.024,linked_through,MGMT.013 → MGMT.019 → MGMT.024 (linked by QF073 + QL073),QF073+QL073,0.65
MGMT.013,MGMT.034,linked_through,MGMT.013 → MGMT.019 → MGMT.034 (linked by QF073 + QL073),QF073+QL073,0.65
MGMT.024,MGMT.024,linked_through,MGMT.024 → MGMT.019 → MGMT.024 (linked by QF073 + QL073),QF073+QL073,0.65
MGMT.024,MGMT.034,linked_through,MGMT.024 → MGMT.019 → MGMT.034 (linked by QF073 + QL073),QF073+QL073,0.65
MGMT.034,MGMT.024,linked_through,MGMT.034 → MGMT.019 → MGMT.024 (linked by QF073 + QL073),QF073+QL073,0.65
MGMT.034,MGMT.034,linked_through,MGMT.034 → MGMT.019 → MGMT.034 (linked by QF073 + QL073),QF073+QL073,0.65
CORP.017,ESG.026,linked_through,CORP.017 → MGMT.019 → ESG.026 (linked by QF017 + QL017),QF017+QL017,0.65
CORP.017,MGMT.020,linked_through,CORP.017 → MGMT.019 → MGMT.020 (linked by QF017 + QL017),QF017+QL017,0.65
ESG.026,CORP.017,linked_through,ESG.026 → MGMT.019 → CORP.017 (linked by QF017 + QL017),QF017+QL017,0.65
MGMT.020,CORP.017,linked_through,MGMT.020 → MGMT.019 → CORP.017 (linked by QF017 + QL017),QF017+QL017,0.65
CORP.017,MGMT.037,linked_through,CORP.017 → MGMT.019 → MGMT.037 (linked by QF017 + QL063),QF017+QL063,0.65
CORP.017,MGMT.013,linked_through,CORP.017 → MGMT.019 → MGMT.013 (linked by QF017 + QL063),QF017+QL063,0.65
CORP.017,MGMT.036,linked_through,CORP.017 → MGMT.019 → MGMT.036 (linked by QF017 + QL063),QF017+QL063,0.65
ESG.026,MGMT.037,linked_through,ESG.026 → MGMT.019 → MGMT.037 (linked by QF017 + QL063),QF017+QL063,0.65
ESG.026,MGMT.013,linked_through,ESG.026 → MGMT.019 → MGMT.013 (linked by QF017 + QL063),QF017+QL063,0.65
ESG.026,MGMT.036,linked_through,ESG.026 → MGMT.019 → MGMT.036 (linked by QF017 + QL063),QF017+QL063,0.65
MGMT.020,MGMT.037,linked_through,MGMT.020 → MGMT.019 → MGMT.037 (linked by QF017 + QL063),QF017+QL063,0.65
MGMT.020,MGMT.013,linked_through,MGMT.020 → MGMT.019 → MGMT.013 (linked by QF017 + QL063),QF017+QL063,0.65
MGMT.020,MGMT.036,linked_through,MGMT.020 → MGMT.019 → MGMT.036 (linked by QF017 + QL063),QF017+QL063,0.65
CORP.017,MGMT.024,linked_through,CORP.017 → MGMT.019 → MGMT.024 (linked by QF017 + QL073),QF017+QL073,0.65
CORP.017,MGMT.034,linked_through,CORP.017 → MGMT.019 → MGMT.034 (linked by QF017 + QL073),QF017+QL073,0.65
ESG.026,MGMT.024,linked_through,ESG.026 → MGMT.019 → MGMT.024 (linked by QF017 + QL073),QF017+QL073,0.65
ESG.026,MGMT.034,linked_through,ESG.026 → MGMT.019 → MGMT.034 (linked by QF017 + QL073),QF017+QL073,0.65
MGMT.020,MGMT.024,linked_through,MGMT.020 → MGMT.019 → MGMT.024 (linked by QF017 + QL073),QF017+QL073,0.65
MGMT.020,MGMT.034,linked_through,MGMT.020 → MGMT.019 → MGMT.034 (linked by QF017 + QL073),QF017+QL073,0.65
MGMT.037,MGMT.013,linked_through,MGMT.037 → MGMT.019 → MGMT.013 (linked by QL063 + QL073),QL063+QL073,0.65
MGMT.037,MGMT.024,linked_through,MGMT.037 → MGMT.019 → MGMT.024 (linked by QL063 + QL073),QL063+QL073,0.65
MGMT.037,MGMT.034,linked_through,MGMT.037 → MGMT.019 → MGMT.034 (linked by QL063 + QL073),QL063+QL073,0.65
MGMT.036,MGMT.013,linked_through,MGMT.036 → MGMT.019 → MGMT.013 (linked by QL063 + QL073),QL063+QL073,0.65
MGMT.036,MGMT.024,linked_through,MGMT.036 → MGMT.019 → MGMT.024 (linked by QL063 + QL073),QL063+QL073,0.65
MGMT.036,MGMT.034,linked_through,MGMT.036 → MGMT.019 → MGMT.034 (linked by QL063 + QL073),QL063+QL073,0.65
MGMT.037,MGMT.037,linked_through,MGMT.037 → MGMT.019 → MGMT.037 (linked by QL063 + QF063),QL063+QF063,0.65
MGMT.037,MGMT.036,linked_through,MGMT.037 → MGMT.019 → MGMT.036 (linked by QL063 + QF063),QL063+QF063,0.65
MGMT.036,MGMT.037,linked_through,MGMT.036 → MGMT.019 → MGMT.037 (linked by QL063 + QF063),QL063+QF063,0.65
MGMT.036,MGMT.036,linked_through,MGMT.036 → MGMT.019 → MGMT.036 (linked by QL063 + QF063),QL063+QF063,0.65
CORP.017,MGMT.019,linked_through,CORP.017 → MGMT.020 → MGMT.019 (linked by QF017 + QL017),QF017+QL017,0.65
MGMT.019,CORP.017,linked_through,MGMT.019 → MGMT.020 → CORP.017 (linked by QF017 + QL017),QF017+QL017,0.65
CORP.017,LEGAL.033,linked_through,CORP.017 → ESG.026 → LEGAL.033 (linked by QF017 + QL044),QF017+QL044,0.65
CORP.017,LEGAL.031,linked_through,CORP.017 → ESG.026 → LEGAL.031 (linked by QF017 + QL044),QF017+QL044,0.65
CORP.017,LEGAL.013,linked_through,CORP.017 → ESG.026 → LEGAL.013 (linked by QF017 + QL044),QF017+QL044,0.65
MGMT.019,LEGAL.033,linked_through,MGMT.019 → ESG.026 → LEGAL.033 (linked by QF017 + QL044),QF017+QL044,0.65
MGMT.019,LEGAL.031,linked_through,MGMT.019 → ESG.026 → LEGAL.031 (linked by QF017 + QL044),QF017+QL044,0.65
MGMT.019,LEGAL.013,linked_through,MGMT.019 → ESG.026 → LEGAL.013 (linked by QF017 + QL044),QF017+QL044,0.65
MGMT.020,LEGAL.033,linked_through,MGMT.020 → ESG.026 → LEGAL.033 (linked by QF017 + QL044),QF017+QL044,0.65
MGMT.020,LEGAL.031,linked_through,MGMT.020 → ESG.026 → LEGAL.031 (linked by QF017 + QL044),QF017+QL044,0.65
MGMT.020,LEGAL.013,linked_through,MGMT.020 → ESG.026 → LEGAL.013 (linked by QF017 + QL044),QF017+QL044,0.65
CORP.017,TXN.007,linked_through,CORP.017 → CORP.018 → TXN.007 (linked by QF018 + QF022),QF018+QF022,0.65
CORP.017,TXN.006,linked_through,CORP.017 → CORP.018 → TXN.006 (linked by QF018 + QF022),QF018+QF022,0.65
FIN.033,LEGAL.027,linked_through,FIN.033 → CORP.018 → LEGAL.027 (linked by QF018 + QF020),QF018+QF020,0.65
CORP.017,MGMT.021,linked_through,CORP.017 → CORP.018 → MGMT.021 (linked by QF018 + QF019),QF018+QF019,0.65
CORP.017,MGMT.023,linked_through,CORP.017 → CORP.018 → MGMT.023 (linked by QF018 + QF019),QF018+QF019,0.65
FIN.033,MGMT.021,linked_through,FIN.033 → CORP.018 → MGMT.021 (linked by QF018 + QF019),QF018+QF019,0.65
FIN.033,MGMT.023,linked_through,FIN.033 → CORP.018 → MGMT.023 (linked by QF018 + QF019),QF018+QF019,0.65
CORP.040,MGMT.021,linked_through,CORP.040 → CORP.018 → MGMT.021 (linked by QF018 + QF019),QF018+QF019,0.65
CORP.040,MGMT.023,linked_through,CORP.040 → CORP.018 → MGMT.023 (linked by QF018 + QF019),QF018+QF019,0.65
TXN.007,LEGAL.027,linked_through,TXN.007 → CORP.018 → LEGAL.027 (linked by QF022 + QF020),QF022+QF020,0.65
TXN.006,LEGAL.027,linked_through,TXN.006 → CORP.018 → LEGAL.027 (linked by QF022 + QF020),QF022+QF020,0.65
TXN.007,CORP.017,linked_through,TXN.007 → CORP.018 → CORP.017 (linked by QF022 + QL022),QF022+QL022,0.65
TXN.006,CORP.017,linked_through,TXN.006 → CORP.018 → CORP.017 (linked by QF022 + QL022),QF022+QL022,0.65
TXN.007,MGMT.021,linked_through,TXN.007 → CORP.018 → MGMT.021 (linked by QF022 + QF019),QF022+QF019,0.65
TXN.007,MGMT.023,linked_through,TXN.007 → CORP.018 → MGMT.023 (linked by QF022 + QF019),QF022+QF019,0.65
TXN.006,MGMT.021,linked_through,TXN.006 → CORP.018 → MGMT.021 (linked by QF022 + QF019),QF022+QF019,0.65
TXN.006,MGMT.023,linked_through,TXN.006 → CORP.018 → MGMT.023 (linked by QF022 + QF019),QF022+QF019,0.65
LEGAL.027,TXN.007,linked_through,LEGAL.027 → CORP.018 → TXN.007 (linked by QF020 + QL022),QF020+QL022,0.65
LEGAL.027,TXN.006,linked_through,LEGAL.027 → CORP.018 → TXN.006 (linked by QF020 + QL022),QF020+QL022,0.65
LEGAL.027,MGMT.021,linked_through,LEGAL.027 → CORP.018 → MGMT.021 (linked by QF020 + QF019),QF020+QF019,0.65
LEGAL.027,MGMT.023,linked_through,LEGAL.027 → CORP.018 → MGMT.023 (linked by QF020 + QF019),QF020+QF019,0.65
LEGAL.027,FIN.033,linked_through,LEGAL.027 → CORP.018 → FIN.033 (linked by QF020 + QL018),QF020+QL018,0.65
MGMT.021,MGMT.023,linked_through,MGMT.021 → CORP.018 → MGMT.023 (linked by QF019 + QL019),QF019+QL019,0.65
MGMT.023,MGMT.021,linked_through,MGMT.023 → CORP.018 → MGMT.021 (linked by QF019 + QL019),QF019+QL019,0.65
MGMT.023,MGMT.023,linked_through,MGMT.023 → CORP.018 → MGMT.023 (linked by QF019 + QL019),QF019+QL019,0.65
MGMT.021,CORP.017,linked_through,MGMT.021 → CORP.018 → CORP.017 (linked by QF019 + QL018),QF019+QL018,0.65
MGMT.021,FIN.033,linked_through,MGMT.021 → CORP.018 → FIN.033 (linked by QF019 + QL018),QF019+QL018,0.65
MGMT.021,CORP.040,linked_through,MGMT.021 → CORP.018 → CORP.040 (linked by QF019 + QL018),QF019+QL018,0.65
MGMT.023,CORP.017,linked_through,MGMT.023 → CORP.018 → CORP.017 (linked by QF019 + QL018),QF019+QL018,0.65
MGMT.023,FIN.033,linked_through,MGMT.023 → CORP.018 → FIN.033 (linked by QF019 + QL018),QF019+QL018,0.65
MGMT.023,CORP.040,linked_through,MGMT.023 → CORP.018 → CORP.040 (linked by QF019 + QL018),QF019+QL018,0.65
MGMT.021,LEGAL.027,linked_through,MGMT.021 → CORP.018 → LEGAL.027 (linked by QF019 + QL020),QF019+QL020,0.65
MGMT.023,LEGAL.027,linked_through,MGMT.023 → CORP.018 → LEGAL.027 (linked by QF019 + QL020),QF019+QL020,0.65
LEGAL.028,LEGAL.028,linked_through,LEGAL.028 → MGMT.021 → LEGAL.028 (linked by QF074 + QL074),QF074+QL074,0.65
LEGAL.028,MGMT.023,linked_through,LEGAL.028 → MGMT.021 → MGMT.023 (linked by QF074 + QL074),QF074+QL074,0.65
LEGAL.028,ESG.018,linked_through,LEGAL.028 → MGMT.021 → ESG.018 (linked by QF074 + QL074),QF074+QL074,0.65
MGMT.023,LEGAL.028,linked_through,MGMT.023 → MGMT.021 → LEGAL.028 (linked by QF074 + QL074),QF074+QL074,0.65
MGMT.023,ESG.018,linked_through,MGMT.023 → MGMT.021 → ESG.018 (linked by QF074 + QL074),QF074+QL074,0.65
ESG.018,LEGAL.028,linked_through,ESG.018 → MGMT.021 → LEGAL.028 (linked by QF074 + QL074),QF074+QL074,0.65
ESG.018,MGMT.023,linked_through,ESG.018 → MGMT.021 → MGMT.023 (linked by QF074 + QL074),QF074+QL074,0.65
LEGAL.028,LEGAL.032,linked_through,LEGAL.028 → MGMT.021 → LEGAL.032 (linked by QF074 + QF072),QF074+QF072,0.65
MGMT.023,LEGAL.032,linked_through,MGMT.023 → MGMT.021 → LEGAL.032 (linked by QF074 + QF072),QF074+QF072,0.65
ESG.018,LEGAL.032,linked_through,ESG.018 → MGMT.021 → LEGAL.032 (linked by QF074 + QF072),QF074+QF072,0.65
LEGAL.028,CORP.018,linked_through,LEGAL.028 → MGMT.021 → CORP.018 (linked by QF074 + QF019),QF074+QF019,0.65
MGMT.023,CORP.018,linked_through,MGMT.023 → MGMT.021 → CORP.018 (linked by QF074 + QF019),QF074+QF019,0.65
ESG.018,CORP.018,linked_through,ESG.018 → MGMT.021 → CORP.018 (linked by QF074 + QF019),QF074+QF019,0.65
LEGAL.032,CORP.018,linked_through,LEGAL.032 → MGMT.021 → CORP.018 (linked by QF072 + QF019),QF072+QF019,0.65
LEGAL.032,MGMT.023,linked_through,LEGAL.032 → MGMT.021 → MGMT.023 (linked by QF072 + QF019),QF072+QF019,0.65
LEGAL.032,ESG.018,linked_through,LEGAL.032 → MGMT.021 → ESG.018 (linked by QF072 + QL072),QF072+QL072,0.65
CORP.018,LEGAL.032,linked_through,CORP.018 → MGMT.021 → LEGAL.032 (linked by QF019 + QL072),QF019+QL072,0.65
CORP.018,ESG.018,linked_through,CORP.018 → MGMT.021 → ESG.018 (linked by QF019 + QL072),QF019+QL072,0.65
CORP.018,MGMT.023,linked_through,CORP.018 → MGMT.021 → MGMT.023 (linked by QF019 + QL019),QF019+QL019,0.65
LEGAL.028,MGMT.021,linked_through,LEGAL.028 → MGMT.023 → MGMT.021 (linked by QF074 + QL074),QF074+QL074,0.65
MGMT.021,LEGAL.028,linked_through,MGMT.021 → MGMT.023 → LEGAL.028 (linked by QF074 + QL074),QF074+QL074,0.65
MGMT.021,CORP.018,linked_through,MGMT.021 → MGMT.023 → CORP.018 (linked by QF074 + QF019),QF074+QF019,0.65
CORP.018,MGMT.021,linked_through,CORP.018 → MGMT.023 → MGMT.021 (linked by QF019 + QL019),QF019+QL019,0.65
FIN.033,FIN.034,linked_through,FIN.033 → FIN.030 → FIN.034 (linked by QF099 + QF098),QF099+QF098,0.65
FIN.033,FIN.035,linked_through,FIN.033 → FIN.030 → FIN.035 (linked by QF099 + QF098),QF099+QF098,0.65
FIN.034,FIN.033,linked_through,FIN.034 → FIN.030 → FIN.033 (linked by QF099 + QF098),QF099+QF098,0.65
FIN.033,FIN.031,linked_through,FIN.033 → FIN.030 → FIN.031 (linked by QF099 + QL021),QF099+QL021,0.65
FIN.034,FIN.095,linked_through,FIN.034 → FIN.030 → FIN.095 (linked by QF099 + QF100),QF099+QF100,0.65
FIN.034,FIN.098,linked_through,FIN.034 → FIN.030 → FIN.098 (linked by QF099 + QF100),QF099+QF100,0.65
FIN.056,FIN.033,linked_through,FIN.056 → FIN.030 → FIN.033 (linked by QF098 + QL021),QF098+QL021,0.65
FIN.056,FIN.031,linked_through,FIN.056 → FIN.030 → FIN.031 (linked by QF098 + QL021),QF098+QL021,0.65
FIN.035,FIN.033,linked_through,FIN.035 → FIN.030 → FIN.033 (linked by QF098 + QL021),QF098+QL021,0.65
FIN.035,FIN.031,linked_through,FIN.035 → FIN.030 → FIN.031 (linked by QF098 + QL021),QF098+QL021,0.65
FIN.056,FIN.095,linked_through,FIN.056 → FIN.030 → FIN.095 (linked by QF098 + QF100),QF098+QF100,0.65
FIN.056,FIN.098,linked_through,FIN.056 → FIN.030 → FIN.098 (linked by QF098 + QF100),QF098+QF100,0.65
FIN.035,FIN.095,linked_through,FIN.035 → FIN.030 → FIN.095 (linked by QF098 + QF100),QF098+QF100,0.65
FIN.035,FIN.098,linked_through,FIN.035 → FIN.030 → FIN.098 (linked by QF098 + QF100),QF098+QF100,0.65
FIN.031,FIN.033,linked_through,FIN.031 → FIN.030 → FIN.033 (linked by QL021 + QF021),QL021+QF021,0.65
FIN.031,FIN.095,linked_through,FIN.031 → FIN.030 → FIN.095 (linked by QL021 + QF100),QL021+QF100,0.65
FIN.031,FIN.098,linked_through,FIN.031 → FIN.030 → FIN.098 (linked by QL021 + QF100),QL021+QF100,0.65
CORP.017,CORP.030,linked_through,CORP.017 → TXN.006 → CORP.030 (linked by QF022 + QF079),QF022+QF079,0.65
CORP.017,CORP.021,linked_through,CORP.017 → TXN.006 → CORP.021 (linked by QF022 + QF079),QF022+QF079,0.65
CORP.017,TXN.024,linked_through,CORP.017 → TXN.006 → TXN.024 (linked by QF022 + QF079),QF022+QF079,0.65
CORP.018,CORP.030,linked_through,CORP.018 → TXN.006 → CORP.030 (linked by QF022 + QF079),QF022+QF079,0.65
CORP.018,CORP.021,linked_through,CORP.018 → TXN.006 → CORP.021 (linked by QF022 + QF079),QF022+QF079,0.65
CORP.018,TXN.024,linked_through,CORP.018 → TXN.006 → TXN.024 (linked by QF022 + QF079),QF022+QF079,0.65
TXN.007,CORP.030,linked_through,TXN.007 → TXN.006 → CORP.030 (linked by QF022 + QF079),QF022+QF079,0.65
TXN.007,CORP.021,linked_through,TXN.007 → TXN.006 → CORP.021 (linked by QF022 + QF079),QF022+QF079,0.65
TXN.007,TXN.024,linked_through,TXN.007 → TXN.006 → TXN.024 (linked by QF022 + QF079),QF022+QF079,0.65
CORP.017,TXN.001,linked_through,CORP.017 → TXN.006 → TXN.001 (linked by QF022 + QF075),QF022+QF075,0.65
CORP.017,CORP.012,linked_through,CORP.017 → TXN.006 → CORP.012 (linked by QF022 + QF075),QF022+QF075,0.65
CORP.017,CORP.013,linked_through,CORP.017 → TXN.006 → CORP.013 (linked by QF022 + QF075),QF022+QF075,0.65
CORP.018,TXN.001,linked_through,CORP.018 → TXN.006 → TXN.001 (linked by QF022 + QF075),QF022+QF075,0.65
CORP.018,CORP.012,linked_through,CORP.018 → TXN.006 → CORP.012 (linked by QF022 + QF075),QF022+QF075,0.65
CORP.018,CORP.013,linked_through,CORP.018 → TXN.006 → CORP.013 (linked by QF022 + QF075),QF022+QF075,0.65
TXN.007,TXN.001,linked_through,TXN.007 → TXN.006 → TXN.001 (linked by QF022 + QF075),QF022+QF075,0.65
TXN.007,CORP.012,linked_through,TXN.007 → TXN.006 → CORP.012 (linked by QF022 + QF075),QF022+QF075,0.65
TXN.007,CORP.013,linked_through,TXN.007 → TXN.006 → CORP.013 (linked by QF022 + QF075),QF022+QF075,0.65
CORP.021,TXN.001,linked_through,CORP.021 → TXN.006 → TXN.001 (linked by QF079 + QF075),QF079+QF075,0.65
TXN.024,TXN.001,linked_through,TXN.024 → TXN.006 → TXN.001 (linked by QF079 + QF075),QF079+QF075,0.65
TXN.001,CORP.021,linked_through,TXN.001 → TXN.006 → CORP.021 (linked by QF075 + QL079),QF075+QL079,0.65
TXN.001,TXN.024,linked_through,TXN.001 → TXN.006 → TXN.024 (linked by QF075 + QL079),QF075+QL079,0.65
TXN.003,MGMT.008,linked_through,TXN.003 → MGMT.007 → MGMT.008 (linked by QF023 + QL023),QF023+QL023,0.65
TXN.003,CORP.016,linked_through,TXN.003 → MGMT.007 → CORP.016 (linked by QF023 + QL023),QF023+QL023,0.65
TXN.003,CORP.024,linked_through,TXN.003 → MGMT.007 → CORP.024 (linked by QF023 + QL023),QF023+QL023,0.65
MGMT.008,TXN.003,linked_through,MGMT.008 → MGMT.007 → TXN.003 (linked by QF023 + QL023),QF023+QL023,0.65
CORP.016,TXN.003,linked_through,CORP.016 → MGMT.007 → TXN.003 (linked by QF023 + QL023),QF023+QL023,0.65
CORP.024,TXN.003,linked_through,CORP.024 → MGMT.007 → TXN.003 (linked by QF023 + QL023),QF023+QL023,0.65
TXN.003,MGMT.007,linked_through,TXN.003 → MGMT.008 → MGMT.007 (linked by QF023 + QL023),QF023+QL023,0.65
MGMT.007,TXN.003,linked_through,MGMT.007 → MGMT.008 → TXN.003 (linked by QF023 + QL023),QF023+QL023,0.65
CORP.037,FIN.001,linked_through,CORP.037 → CUST.019 → FIN.001 (linked by QF025 + QF095),QF025+QF095,0.65
CORP.037,FIN.006,linked_through,CORP.037 → CUST.019 → FIN.006 (linked by QF025 + QF095),QF025+QF095,0.65
CORP.036,CUST.011,linked_through,CORP.036 → CUST.019 → CUST.011 (linked by QL024 + QF089),QL024+QF089,0.65
CORP.036,CUST.013,linked_through,CORP.036 → CUST.019 → CUST.013 (linked by QL024 + QF089),QL024+QF089,0.65
FIN.001,CORP.037,linked_through,FIN.001 → CUST.019 → CORP.037 (linked by QF095 + QL025),QF095+QL025,0.65
FIN.006,CORP.037,linked_through,FIN.006 → CUST.019 → CORP.037 (linked by QF095 + QL025),QF095+QL025,0.65
FIN.001,CORP.043,linked_through,FIN.001 → CUST.019 → CORP.043 (linked by QF095 + QL032),QF095+QL032,0.65
FIN.006,CORP.043,linked_through,FIN.006 → CUST.019 → CORP.043 (linked by QF095 + QL032),QF095+QL032,0.65
FIN.001,CUST.011,linked_through,FIN.001 → CUST.019 → CUST.011 (linked by QF095 + QF089),QF095+QF089,0.65
FIN.001,CUST.013,linked_through,FIN.001 → CUST.019 → CUST.013 (linked by QF095 + QF089),QF095+QF089,0.65
FIN.006,CUST.011,linked_through,FIN.006 → CUST.019 → CUST.011 (linked by QF095 + QF089),QF095+QF089,0.65
FIN.006,CUST.013,linked_through,FIN.006 → CUST.019 → CUST.013 (linked by QF095 + QF089),QF095+QF089,0.65
CORP.037,CUST.022,linked_through,CORP.037 → SUPP.010 → CUST.022 (linked by QF025 + QL027),QF025+QL027,0.65
CUST.019,SUPP.006,linked_through,CUST.019 → SUPP.010 → SUPP.006 (linked by QF025 + QF058),QF025+QF058,0.65
CUST.019,SUPP.027,linked_through,CUST.019 → SUPP.010 → SUPP.027 (linked by QF025 + QF058),QF025+QF058,0.65
CUST.019,SUPP.019,linked_through,CUST.019 → SUPP.010 → SUPP.019 (linked by QF025 + QF058),QF025+QF058,0.65
CUST.019,SUPP.007,linked_through,CUST.019 → SUPP.010 → SUPP.007 (linked by QF025 + QF058),QF025+QF058,0.65
CORP.037,SUPP.006,linked_through,CORP.037 → SUPP.010 → SUPP.006 (linked by QF025 + QF058),QF025+QF058,0.65
CORP.037,SUPP.027,linked_through,CORP.037 → SUPP.010 → SUPP.027 (linked by QF025 + QF058),QF025+QF058,0.65
CORP.037,SUPP.019,linked_through,CORP.037 → SUPP.010 → SUPP.019 (linked by QF025 + QF058),QF025+QF058,0.65
CORP.037,SUPP.007,linked_through,CORP.037 → SUPP.010 → SUPP.007 (linked by QF025 + QF058),QF025+QF058,0.65
CUST.022,CORP.037,linked_through,CUST.022 → SUPP.010 → CORP.037 (linked by QL027 + QL024),QL027+QL024,0.65
CUST.022,CORP.043,linked_through,CUST.022 → SUPP.010 → CORP.043 (linked by QL027 + QL032),QL027+QL032,0.65
CUST.022,SUPP.006,linked_through,CUST.022 → SUPP.010 → SUPP.006 (linked by QL027 + QF058),QL027+QF058,0.65
CUST.022,SUPP.027,linked_through,CUST.022 → SUPP.010 → SUPP.027 (linked by QL027 + QF058),QL027+QF058,0.65
CUST.022,SUPP.019,linked_through,CUST.022 → SUPP.010 → SUPP.019 (linked by QL027 + QF058),QL027+QF058,0.65
CUST.022,SUPP.007,linked_through,CUST.022 → SUPP.010 → SUPP.007 (linked by QL027 + QF058),QL027+QF058,0.65
CORP.036,SUPP.006,linked_through,CORP.036 → SUPP.010 → SUPP.006 (linked by QL024 + QF058),QL024+QF058,0.65
CORP.036,SUPP.027,linked_through,CORP.036 → SUPP.010 → SUPP.027 (linked by QL024 + QF058),QL024+QF058,0.65
CORP.036,SUPP.019,linked_through,CORP.036 → SUPP.010 → SUPP.019 (linked by QL024 + QF058),QL024+QF058,0.65
CORP.036,SUPP.007,linked_through,CORP.036 → SUPP.010 → SUPP.007 (linked by QL024 + QF058),QL024+QF058,0.65
CORP.043,SUPP.006,linked_through,CORP.043 → SUPP.010 → SUPP.006 (linked by QL032 + QF058),QL032+QF058,0.65
CORP.043,SUPP.027,linked_through,CORP.043 → SUPP.010 → SUPP.027 (linked by QL032 + QF058),QL032+QF058,0.65
CORP.043,SUPP.019,linked_through,CORP.043 → SUPP.010 → SUPP.019 (linked by QL032 + QF058),QL032+QF058,0.65
CORP.043,SUPP.007,linked_through,CORP.043 → SUPP.010 → SUPP.007 (linked by QL032 + QF058),QL032+QF058,0.65
CORP.043,CUST.022,linked_through,CORP.043 → SUPP.010 → CUST.022 (linked by QL032 + QF027),QL032+QF027,0.65
SUPP.006,CUST.022,linked_through,SUPP.006 → SUPP.010 → CUST.022 (linked by QF058 + QF027),QF058+QF027,0.65
SUPP.006,CORP.037,linked_through,SUPP.006 → SUPP.010 → CORP.037 (linked by QF058 + QF027),QF058+QF027,0.65
SUPP.027,CUST.022,linked_through,SUPP.027 → SUPP.010 → CUST.022 (linked by QF058 + QF027),QF058+QF027,0.65
SUPP.027,CORP.037,linked_through,SUPP.027 → SUPP.010 → CORP.037 (linked by QF058 + QF027),QF058+QF027,0.65
SUPP.019,CUST.022,linked_through,SUPP.019 → SUPP.010 → CUST.022 (linked by QF058 + QF027),QF058+QF027,0.65
SUPP.019,CORP.037,linked_through,SUPP.019 → SUPP.010 → CORP.037 (linked by QF058 + QF027),QF058+QF027,0.65
SUPP.007,CUST.022,linked_through,SUPP.007 → SUPP.010 → CUST.022 (linked by QF058 + QF027),QF058+QF027,0.65
SUPP.007,CORP.037,linked_through,SUPP.007 → SUPP.010 → CORP.037 (linked by QF058 + QF027),QF058+QF027,0.65
SUPP.006,SUPP.006,linked_through,SUPP.006 → SUPP.010 → SUPP.006 (linked by QF058 + QL058),QF058+QL058,0.65
SUPP.006,SUPP.027,linked_through,SUPP.006 → SUPP.010 → SUPP.027 (linked by QF058 + QL058),QF058+QL058,0.65
SUPP.006,SUPP.019,linked_through,SUPP.006 → SUPP.010 → SUPP.019 (linked by QF058 + QL058),QF058+QL058,0.65
SUPP.006,SUPP.007,linked_through,SUPP.006 → SUPP.010 → SUPP.007 (linked by QF058 + QL058),QF058+QL058,0.65
SUPP.027,SUPP.006,linked_through,SUPP.027 → SUPP.010 → SUPP.006 (linked by QF058 + QL058),QF058+QL058,0.65
SUPP.027,SUPP.027,linked_through,SUPP.027 → SUPP.010 → SUPP.027 (linked by QF058 + QL058),QF058+QL058,0.65
SUPP.027,SUPP.019,linked_through,SUPP.027 → SUPP.010 → SUPP.019 (linked by QF058 + QL058),QF058+QL058,0.65
SUPP.027,SUPP.007,linked_through,SUPP.027 → SUPP.010 → SUPP.007 (linked by QF058 + QL058),QF058+QL058,0.65
SUPP.019,SUPP.006,linked_through,SUPP.019 → SUPP.010 → SUPP.006 (linked by QF058 + QL058),QF058+QL058,0.65
SUPP.019,SUPP.027,linked_through,SUPP.019 → SUPP.010 → SUPP.027 (linked by QF058 + QL058),QF058+QL058,0.65
SUPP.019,SUPP.019,linked_through,SUPP.019 → SUPP.010 → SUPP.019 (linked by QF058 + QL058),QF058+QL058,0.65
SUPP.019,SUPP.007,linked_through,SUPP.019 → SUPP.010 → SUPP.007 (linked by QF058 + QL058),QF058+QL058,0.65
SUPP.007,SUPP.006,linked_through,SUPP.007 → SUPP.010 → SUPP.006 (linked by QF058 + QL058),QF058+QL058,0.65
SUPP.007,SUPP.027,linked_through,SUPP.007 → SUPP.010 → SUPP.027 (linked by QF058 + QL058),QF058+QL058,0.65
SUPP.007,SUPP.019,linked_through,SUPP.007 → SUPP.010 → SUPP.019 (linked by QF058 + QL058),QF058+QL058,0.65
SUPP.007,SUPP.007,linked_through,SUPP.007 → SUPP.010 → SUPP.007 (linked by QF058 + QL058),QF058+QL058,0.65
CORP.037,CUST.021,linked_through,CORP.037 → CUST.022 → CUST.021 (linked by QF027 + QF090),QF027+QF090,0.65
SUPP.010,CUST.021,linked_through,SUPP.010 → CUST.022 → CUST.021 (linked by QF027 + QF090),QF027+QF090,0.65
PROD.045,CUST.046,linked_through,PROD.045 → CUST.036 → CUST.046 (linked by QF096 + QF028),QF096+QF028,0.65
PROD.045,CORP.037,linked_through,PROD.045 → CUST.036 → CORP.037 (linked by QF096 + QF028),QF096+QF028,0.65
CUST.046,CORP.037,linked_through,CUST.046 → CUST.036 → CORP.037 (linked by QF096 + QF028),QF096+QF028,0.65
PROD.009,CUST.046,linked_through,PROD.009 → CUST.036 → CUST.046 (linked by QF096 + QF028),QF096+QF028,0.65
PROD.009,CORP.037,linked_through,PROD.009 → CUST.036 → CORP.037 (linked by QF096 + QF028),QF096+QF028,0.65
PROD.044,CUST.046,linked_through,PROD.044 → CUST.036 → CUST.046 (linked by QF096 + QF028),QF096+QF028,0.65
PROD.044,CORP.037,linked_through,PROD.044 → CUST.036 → CORP.037 (linked by QF096 + QF028),QF096+QF028,0.65
CORP.037,CUST.046,linked_through,CORP.037 → CUST.036 → CUST.046 (linked by QF028 + QL028),QF028+QL028,0.65
PROD.045,CUST.036,linked_through,PROD.045 → CUST.046 → CUST.036 (linked by QF096 + QF028),QF096+QF028,0.65
CUST.036,CORP.037,linked_through,CUST.036 → CUST.046 → CORP.037 (linked by QF096 + QF028),QF096+QF028,0.65
PROD.009,CUST.036,linked_through,PROD.009 → CUST.046 → CUST.036 (linked by QF096 + QF028),QF096+QF028,0.65
PROD.044,CUST.036,linked_through,PROD.044 → CUST.046 → CUST.036 (linked by QF096 + QF028),QF096+QF028,0.65
CORP.037,CUST.036,linked_through,CORP.037 → CUST.046 → CUST.036 (linked by QF028 + QL028),QF028+QL028,0.65
SUPP.001,CORP.037,linked_through,SUPP.001 → CUST.001 → CORP.037 (linked by QF029 + QL029),QF029+QL029,0.65
CORP.037,SUPP.001,linked_through,CORP.037 → CUST.001 → SUPP.001 (linked by QF029 + QL029),QF029+QL029,0.65
CORP.037,CUST.001,linked_through,CORP.037 → SUPP.001 → CUST.001 (linked by QF029 + QL029),QF029+QL029,0.65
CUST.001,CORP.037,linked_through,CUST.001 → SUPP.001 → CORP.037 (linked by QF029 + QL029),QF029+QL029,0.65
CUST.026,CUST.026,linked_through,CUST.026 → CUST.021 → CUST.026 (linked by QL033 + QF033),QL033+QF033,0.65
CUST.026,CUST.027,linked_through,CUST.026 → CUST.021 → CUST.027 (linked by QL033 + QF033),QL033+QF033,0.65
CUST.026,SUPP.029,linked_through,CUST.026 → CUST.021 → SUPP.029 (linked by QL033 + QF033),QL033+QF033,0.65
CUST.026,CUST.025,linked_through,CUST.026 → CUST.021 → CUST.025 (linked by QL033 + QF033),QL033+QF033,0.65
CUST.026,SUPP.028,linked_through,CUST.026 → CUST.021 → SUPP.028 (linked by QL033 + QF033),QL033+QF033,0.65
CUST.027,CUST.026,linked_through,CUST.027 → CUST.021 → CUST.026 (linked by QL033 + QF033),QL033+QF033,0.65
CUST.027,CUST.027,linked_through,CUST.027 → CUST.021 → CUST.027 (linked by QL033 + QF033),QL033+QF033,0.65
CUST.027,SUPP.029,linked_through,CUST.027 → CUST.021 → SUPP.029 (linked by QL033 + QF033),QL033+QF033,0.65
CUST.027,CUST.025,linked_through,CUST.027 → CUST.021 → CUST.025 (linked by QL033 + QF033),QL033+QF033,0.65
CUST.027,SUPP.028,linked_through,CUST.027 → CUST.021 → SUPP.028 (linked by QL033 + QF033),QL033+QF033,0.65
SUPP.029,CUST.026,linked_through,SUPP.029 → CUST.021 → CUST.026 (linked by QL033 + QF033),QL033+QF033,0.65
SUPP.029,CUST.027,linked_through,SUPP.029 → CUST.021 → CUST.027 (linked by QL033 + QF033),QL033+QF033,0.65
SUPP.029,SUPP.029,linked_through,SUPP.029 → CUST.021 → SUPP.029 (linked by QL033 + QF033),QL033+QF033,0.65
SUPP.029,CUST.025,linked_through,SUPP.029 → CUST.021 → CUST.025 (linked by QL033 + QF033),QL033+QF033,0.65
SUPP.029,SUPP.028,linked_through,SUPP.029 → CUST.021 → SUPP.028 (linked by QL033 + QF033),QL033+QF033,0.65
CUST.025,CUST.026,linked_through,CUST.025 → CUST.021 → CUST.026 (linked by QL033 + QF033),QL033+QF033,0.65
CUST.025,CUST.027,linked_through,CUST.025 → CUST.021 → CUST.027 (linked by QL033 + QF033),QL033+QF033,0.65
CUST.025,SUPP.029,linked_through,CUST.025 → CUST.021 → SUPP.029 (linked by QL033 + QF033),QL033+QF033,0.65
CUST.025,SUPP.028,linked_through,CUST.025 → CUST.021 → SUPP.028 (linked by QL033 + QF033),QL033+QF033,0.65
SUPP.028,CUST.026,linked_through,SUPP.028 → CUST.021 → CUST.026 (linked by QL033 + QF033),QL033+QF033,0.65
SUPP.028,CUST.027,linked_through,SUPP.028 → CUST.021 → CUST.027 (linked by QL033 + QF033),QL033+QF033,0.65
SUPP.028,SUPP.029,linked_through,SUPP.028 → CUST.021 → SUPP.029 (linked by QL033 + QF033),QL033+QF033,0.65
SUPP.028,CUST.025,linked_through,SUPP.028 → CUST.021 → CUST.025 (linked by QL033 + QF033),QL033+QF033,0.65
SUPP.028,SUPP.028,linked_through,SUPP.028 → CUST.021 → SUPP.028 (linked by QL033 + QF033),QL033+QF033,0.65
CUST.026,FIN.006,linked_through,CUST.026 → CUST.021 → FIN.006 (linked by QL033 + QF090),QL033+QF090,0.65
CUST.026,CUST.022,linked_through,CUST.026 → CUST.021 → CUST.022 (linked by QL033 + QF090),QL033+QF090,0.65
CUST.026,CUST.011,linked_through,CUST.026 → CUST.021 → CUST.011 (linked by QL033 + QF090),QL033+QF090,0.65
CUST.027,FIN.006,linked_through,CUST.027 → CUST.021 → FIN.006 (linked by QL033 + QF090),QL033+QF090,0.65
CUST.027,CUST.022,linked_through,CUST.027 → CUST.021 → CUST.022 (linked by QL033 + QF090),QL033+QF090,0.65
CUST.027,CUST.011,linked_through,CUST.027 → CUST.021 → CUST.011 (linked by QL033 + QF090),QL033+QF090,0.65
SUPP.029,FIN.006,linked_through,SUPP.029 → CUST.021 → FIN.006 (linked by QL033 + QF090),QL033+QF090,0.65
SUPP.029,CUST.022,linked_through,SUPP.029 → CUST.021 → CUST.022 (linked by QL033 + QF090),QL033+QF090,0.65
SUPP.029,CUST.011,linked_through,SUPP.029 → CUST.021 → CUST.011 (linked by QL033 + QF090),QL033+QF090,0.65
CUST.025,FIN.006,linked_through,CUST.025 → CUST.021 → FIN.006 (linked by QL033 + QF090),QL033+QF090,0.65
CUST.025,CUST.022,linked_through,CUST.025 → CUST.021 → CUST.022 (linked by QL033 + QF090),QL033+QF090,0.65
CUST.025,CUST.011,linked_through,CUST.025 → CUST.021 → CUST.011 (linked by QL033 + QF090),QL033+QF090,0.65
SUPP.028,FIN.006,linked_through,SUPP.028 → CUST.021 → FIN.006 (linked by QL033 + QF090),QL033+QF090,0.65
SUPP.028,CUST.022,linked_through,SUPP.028 → CUST.021 → CUST.022 (linked by QL033 + QF090),QL033+QF090,0.65
SUPP.028,CUST.011,linked_through,SUPP.028 → CUST.021 → CUST.011 (linked by QL033 + QF090),QL033+QF090,0.65
CUST.026,FIN.056,linked_through,CUST.026 → CUST.021 → FIN.056 (linked by QL033 + QF091),QL033+QF091,0.65
CUST.027,FIN.056,linked_through,CUST.027 → CUST.021 → FIN.056 (linked by QL033 + QF091),QL033+QF091,0.65
SUPP.029,FIN.056,linked_through,SUPP.029 → CUST.021 → FIN.056 (linked by QL033 + QF091),QL033+QF091,0.65
SUPP.028,FIN.056,linked_through,SUPP.028 → CUST.021 → FIN.056 (linked by QL033 + QF091),QL033+QF091,0.65
FIN.006,CUST.026,linked_through,FIN.006 → CUST.021 → CUST.026 (linked by QF090 + QF091),QF090+QF091,0.65
FIN.006,CUST.025,linked_through,FIN.006 → CUST.021 → CUST.025 (linked by QF090 + QF091),QF090+QF091,0.65
FIN.006,FIN.056,linked_through,FIN.006 → CUST.021 → FIN.056 (linked by QF090 + QF091),QF090+QF091,0.65
FIN.006,CUST.027,linked_through,FIN.006 → CUST.021 → CUST.027 (linked by QF090 + QF091),QF090+QF091,0.65
CUST.022,CUST.026,linked_through,CUST.022 → CUST.021 → CUST.026 (linked by QF090 + QF091),QF090+QF091,0.65
CUST.022,CUST.025,linked_through,CUST.022 → CUST.021 → CUST.025 (linked by QF090 + QF091),QF090+QF091,0.65
CUST.022,FIN.056,linked_through,CUST.022 → CUST.021 → FIN.056 (linked by QF090 + QF091),QF090+QF091,0.65
CUST.022,CUST.027,linked_through,CUST.022 → CUST.021 → CUST.027 (linked by QF090 + QF091),QF090+QF091,0.65
CUST.011,CUST.026,linked_through,CUST.011 → CUST.021 → CUST.026 (linked by QF090 + QF091),QF090+QF091,0.65
CUST.011,CUST.025,linked_through,CUST.011 → CUST.021 → CUST.025 (linked by QF090 + QF091),QF090+QF091,0.65
CUST.011,FIN.056,linked_through,CUST.011 → CUST.021 → FIN.056 (linked by QF090 + QF091),QF090+QF091,0.65
CUST.011,CUST.027,linked_through,CUST.011 → CUST.021 → CUST.027 (linked by QF090 + QF091),QF090+QF091,0.65
FIN.048,FIN.057,linked_through,FIN.048 → CUST.025 → FIN.057 (linked by QF088 + QL036),QF088+QL036,0.65
FIN.048,FIN.056,linked_through,FIN.048 → CUST.025 → FIN.056 (linked by QF088 + QL036),QF088+QL036,0.65
FIN.048,CUST.027,linked_through,FIN.048 → CUST.025 → CUST.027 (linked by QF088 + QL036),QF088+QL036,0.65
CUST.026,FIN.057,linked_through,CUST.026 → CUST.025 → FIN.057 (linked by QF088 + QL036),QF088+QL036,0.65
CUST.024,FIN.057,linked_through,CUST.024 → CUST.025 → FIN.057 (linked by QF088 + QL036),QF088+QL036,0.65
CUST.024,FIN.056,linked_through,CUST.024 → CUST.025 → FIN.056 (linked by QF088 + QL036),QF088+QL036,0.65
CUST.024,CUST.027,linked_through,CUST.024 → CUST.025 → CUST.027 (linked by QF088 + QL036),QF088+QL036,0.65
FIN.048,CUST.026,linked_through,FIN.048 → CUST.025 → CUST.026 (linked by QF088 + QL033),QF088+QL033,0.65
FIN.048,CUST.021,linked_through,FIN.048 → CUST.025 → CUST.021 (linked by QF088 + QL033),QF088+QL033,0.65
FIN.048,SUPP.029,linked_through,FIN.048 → CUST.025 → SUPP.029 (linked by QF088 + QL033),QF088+QL033,0.65
FIN.048,SUPP.028,linked_through,FIN.048 → CUST.025 → SUPP.028 (linked by QF088 + QL033),QF088+QL033,0.65
CUST.026,CUST.021,linked_through,CUST.026 → CUST.025 → CUST.021 (linked by QF088 + QL033),QF088+QL033,0.65
CUST.024,CUST.026,linked_through,CUST.024 → CUST.025 → CUST.026 (linked by QF088 + QL033),QF088+QL033,0.65
CUST.024,CUST.021,linked_through,CUST.024 → CUST.025 → CUST.021 (linked by QF088 + QL033),QF088+QL033,0.65
CUST.024,SUPP.029,linked_through,CUST.024 → CUST.025 → SUPP.029 (linked by QF088 + QL033),QF088+QL033,0.65
CUST.024,SUPP.028,linked_through,CUST.024 → CUST.025 → SUPP.028 (linked by QF088 + QL033),QF088+QL033,0.65
FIN.048,CORP.039,linked_through,FIN.048 → CUST.025 → CORP.039 (linked by QF088 + QL034),QF088+QL034,0.65
FIN.048,CORP.038,linked_through,FIN.048 → CUST.025 → CORP.038 (linked by QF088 + QL034),QF088+QL034,0.65
CUST.026,CORP.039,linked_through,CUST.026 → CUST.025 → CORP.039 (linked by QF088 + QL034),QF088+QL034,0.65
CUST.026,CORP.038,linked_through,CUST.026 → CUST.025 → CORP.038 (linked by QF088 + QL034),QF088+QL034,0.65
CUST.024,CORP.039,linked_through,CUST.024 → CUST.025 → CORP.039 (linked by QF088 + QL034),QF088+QL034,0.65
CUST.024,CORP.038,linked_through,CUST.024 → CUST.025 → CORP.038 (linked by QF088 + QL034),QF088+QL034,0.65
FIN.048,FIN.001,linked_through,FIN.048 → CUST.025 → FIN.001 (linked by QF088 + QF094),QF088+QF094,0.65
FIN.048,FIN.055,linked_through,FIN.048 → CUST.025 → FIN.055 (linked by QF088 + QF094),QF088+QF094,0.65
CUST.026,FIN.001,linked_through,CUST.026 → CUST.025 → FIN.001 (linked by QF088 + QF094),QF088+QF094,0.65
CUST.026,FIN.055,linked_through,CUST.026 → CUST.025 → FIN.055 (linked by QF088 + QF094),QF088+QF094,0.65
CUST.024,FIN.001,linked_through,CUST.024 → CUST.025 → FIN.001 (linked by QF088 + QF094),QF088+QF094,0.65
CUST.024,FIN.055,linked_through,CUST.024 → CUST.025 → FIN.055 (linked by QF088 + QF094),QF088+QF094,0.65
FIN.057,CUST.027,linked_through,FIN.057 → CUST.025 → CUST.027 (linked by QL036 + QF036),QL036+QF036,0.65
FIN.056,CUST.027,linked_through,FIN.056 → CUST.025 → CUST.027 (linked by QL036 + QF036),QL036+QF036,0.65
CUST.027,FIN.057,linked_through,CUST.027 → CUST.025 → FIN.057 (linked by QL036 + QF036),QL036+QF036,0.65
FIN.057,CUST.026,linked_through,FIN.057 → CUST.025 → CUST.026 (linked by QL036 + QL033),QL036+QL033,0.65
FIN.057,CUST.021,linked_through,FIN.057 → CUST.025 → CUST.021 (linked by QL036 + QL033),QL036+QL033,0.65
FIN.057,SUPP.029,linked_through,FIN.057 → CUST.025 → SUPP.029 (linked by QL036 + QL033),QL036+QL033,0.65
FIN.057,SUPP.028,linked_through,FIN.057 → CUST.025 → SUPP.028 (linked by QL036 + QL033),QL036+QL033,0.65
FIN.056,CUST.026,linked_through,FIN.056 → CUST.025 → CUST.026 (linked by QL036 + QL033),QL036+QL033,0.65
FIN.056,CUST.021,linked_through,FIN.056 → CUST.025 → CUST.021 (linked by QL036 + QL033),QL036+QL033,0.65
FIN.056,SUPP.029,linked_through,FIN.056 → CUST.025 → SUPP.029 (linked by QL036 + QL033),QL036+QL033,0.65
FIN.056,SUPP.028,linked_through,FIN.056 → CUST.025 → SUPP.028 (linked by QL036 + QL033),QL036+QL033,0.65
CUST.027,CUST.021,linked_through,CUST.027 → CUST.025 → CUST.021 (linked by QL036 + QL033),QL036+QL033,0.65
FIN.057,CORP.039,linked_through,FIN.057 → CUST.025 → CORP.039 (linked by QL036 + QL034),QL036+QL034,0.65
FIN.057,CORP.038,linked_through,FIN.057 → CUST.025 → CORP.038 (linked by QL036 + QL034),QL036+QL034,0.65
CUST.027,CORP.039,linked_through,CUST.027 → CUST.025 → CORP.039 (linked by QL036 + QL034),QL036+QL034,0.65
CUST.027,CORP.038,linked_through,CUST.027 → CUST.025 → CORP.038 (linked by QL036 + QL034),QL036+QL034,0.65
FIN.057,FIN.001,linked_through,FIN.057 → CUST.025 → FIN.001 (linked by QL036 + QF094),QL036+QF094,0.65
FIN.057,FIN.055,linked_through,FIN.057 → CUST.025 → FIN.055 (linked by QL036 + QF094),QL036+QF094,0.65
FIN.056,FIN.001,linked_through,FIN.056 → CUST.025 → FIN.001 (linked by QL036 + QF094),QL036+QF094,0.65
FIN.056,FIN.055,linked_through,FIN.056 → CUST.025 → FIN.055 (linked by QL036 + QF094),QL036+QF094,0.65
CUST.027,FIN.001,linked_through,CUST.027 → CUST.025 → FIN.001 (linked by QL036 + QF094),QL036+QF094,0.65
CUST.027,FIN.055,linked_through,CUST.027 → CUST.025 → FIN.055 (linked by QL036 + QF094),QL036+QF094,0.65
CUST.021,CUST.026,linked_through,CUST.021 → CUST.025 → CUST.026 (linked by QL033 + QF091),QL033+QF091,0.65
CUST.021,CUST.021,linked_through,CUST.021 → CUST.025 → CUST.021 (linked by QL033 + QF091),QL033+QF091,0.65
CUST.021,FIN.056,linked_through,CUST.021 → CUST.025 → FIN.056 (linked by QL033 + QF091),QL033+QF091,0.65
CUST.021,CUST.027,linked_through,CUST.021 → CUST.025 → CUST.027 (linked by QL033 + QF091),QL033+QF091,0.65
SUPP.029,CUST.021,linked_through,SUPP.029 → CUST.025 → CUST.021 (linked by QL033 + QF091),QL033+QF091,0.65
SUPP.028,CUST.021,linked_through,SUPP.028 → CUST.025 → CUST.021 (linked by QL033 + QF091),QL033+QF091,0.65
CUST.021,CORP.039,linked_through,CUST.021 → CUST.025 → CORP.039 (linked by QL033 + QL034),QL033+QL034,0.65
CUST.021,CORP.038,linked_through,CUST.021 → CUST.025 → CORP.038 (linked by QL033 + QL034),QL033+QL034,0.65
SUPP.029,CORP.039,linked_through,SUPP.029 → CUST.025 → CORP.039 (linked by QL033 + QL034),QL033+QL034,0.65
SUPP.029,CORP.038,linked_through,SUPP.029 → CUST.025 → CORP.038 (linked by QL033 + QL034),QL033+QL034,0.65
SUPP.028,CORP.039,linked_through,SUPP.028 → CUST.025 → CORP.039 (linked by QL033 + QL034),QL033+QL034,0.65
SUPP.028,CORP.038,linked_through,SUPP.028 → CUST.025 → CORP.038 (linked by QL033 + QL034),QL033+QL034,0.65
CUST.021,SUPP.029,linked_through,CUST.021 → CUST.025 → SUPP.029 (linked by QL033 + QF033),QL033+QF033,0.65
CUST.021,SUPP.028,linked_through,CUST.021 → CUST.025 → SUPP.028 (linked by QL033 + QF033),QL033+QF033,0.65
CUST.021,FIN.001,linked_through,CUST.021 → CUST.025 → FIN.001 (linked by QL033 + QF094),QL033+QF094,0.65
CUST.021,FIN.055,linked_through,CUST.021 → CUST.025 → FIN.055 (linked by QL033 + QF094),QL033+QF094,0.65
SUPP.029,FIN.001,linked_through,SUPP.029 → CUST.025 → FIN.001 (linked by QL033 + QF094),QL033+QF094,0.65
SUPP.029,FIN.055,linked_through,SUPP.029 → CUST.025 → FIN.055 (linked by QL033 + QF094),QL033+QF094,0.65
SUPP.028,FIN.001,linked_through,SUPP.028 → CUST.025 → FIN.001 (linked by QL033 + QF094),QL033+QF094,0.65
SUPP.028,FIN.055,linked_through,SUPP.028 → CUST.025 → FIN.055 (linked by QL033 + QF094),QL033+QF094,0.65
CORP.039,CUST.026,linked_through,CORP.039 → CUST.025 → CUST.026 (linked by QL034 + QF033),QL034+QF033,0.65
CORP.039,CUST.021,linked_through,CORP.039 → CUST.025 → CUST.021 (linked by QL034 + QF033),QL034+QF033,0.65
CORP.039,CUST.027,linked_through,CORP.039 → CUST.025 → CUST.027 (linked by QL034 + QF033),QL034+QF033,0.65
CORP.039,SUPP.029,linked_through,CORP.039 → CUST.025 → SUPP.029 (linked by QL034 + QF033),QL034+QF033,0.65
CORP.039,SUPP.028,linked_through,CORP.039 → CUST.025 → SUPP.028 (linked by QL034 + QF033),QL034+QF033,0.65
CORP.038,CUST.026,linked_through,CORP.038 → CUST.025 → CUST.026 (linked by QL034 + QF033),QL034+QF033,0.65
CORP.038,CUST.021,linked_through,CORP.038 → CUST.025 → CUST.021 (linked by QL034 + QF033),QL034+QF033,0.65
CORP.038,CUST.027,linked_through,CORP.038 → CUST.025 → CUST.027 (linked by QL034 + QF033),QL034+QF033,0.65
CORP.038,SUPP.029,linked_through,CORP.038 → CUST.025 → SUPP.029 (linked by QL034 + QF033),QL034+QF033,0.65
CORP.038,SUPP.028,linked_through,CORP.038 → CUST.025 → SUPP.028 (linked by QL034 + QF033),QL034+QF033,0.65
FIN.001,FIN.056,linked_through,FIN.001 → CUST.025 → FIN.056 (linked by QF094 + QF034),QF094+QF034,0.65
FIN.048,CUST.025,linked_through,FIN.048 → CUST.026 → CUST.025 (linked by QF088 + QL033),QF088+QL033,0.65
CUST.024,CUST.025,linked_through,CUST.024 → CUST.026 → CUST.025 (linked by QF088 + QL033),QF088+QL033,0.65
CUST.025,CUST.021,linked_through,CUST.025 → CUST.026 → CUST.021 (linked by QF088 + QL033),QF088+QL033,0.65
CUST.021,CUST.025,linked_through,CUST.021 → CUST.026 → CUST.025 (linked by QL033 + QF033),QL033+QF033,0.65
FIN.057,CUST.025,linked_through,FIN.057 → CUST.027 → CUST.025 (linked by QL036 + QL033),QL036+QL033,0.65
CUST.025,FIN.057,linked_through,CUST.025 → CUST.027 → FIN.057 (linked by QL036 + QF036),QL036+QF036,0.65
CUST.021,FIN.057,linked_through,CUST.021 → CUST.027 → FIN.057 (linked by QL033 + QF036),QL033+QF036,0.65
SUPP.029,FIN.057,linked_through,SUPP.029 → CUST.027 → FIN.057 (linked by QL033 + QF036),QL033+QF036,0.65
SUPP.028,FIN.057,linked_through,SUPP.028 → CUST.027 → FIN.057 (linked by QL033 + QF036),QL033+QF036,0.65
LEGAL.005,CUST.025,linked_through,LEGAL.005 → FIN.056 → CUST.025 (linked by QF035 + QL036),QF035+QL036,0.65
LEGAL.005,FIN.057,linked_through,LEGAL.005 → FIN.056 → FIN.057 (linked by QF035 + QL036),QF035+QL036,0.65
LEGAL.005,CUST.027,linked_through,LEGAL.005 → FIN.056 → CUST.027 (linked by QF035 + QL036),QF035+QL036,0.65
LEGAL.005,CUST.026,linked_through,LEGAL.005 → FIN.056 → CUST.026 (linked by QF035 + QF091),QF035+QF091,0.65
LEGAL.005,CUST.021,linked_through,LEGAL.005 → FIN.056 → CUST.021 (linked by QF035 + QF091),QF035+QF091,0.65
LEGAL.005,CORP.039,linked_through,LEGAL.005 → FIN.056 → CORP.039 (linked by QF035 + QL034),QF035+QL034,0.65
LEGAL.005,CORP.038,linked_through,LEGAL.005 → FIN.056 → CORP.038 (linked by QF035 + QL034),QF035+QL034,0.65
LEGAL.005,FIN.001,linked_through,LEGAL.005 → FIN.056 → FIN.001 (linked by QF035 + QF094),QF035+QF094,0.65
LEGAL.005,FIN.055,linked_through,LEGAL.005 → FIN.056 → FIN.055 (linked by QF035 + QF094),QF035+QF094,0.65
FIN.057,LEGAL.005,linked_through,FIN.057 → FIN.056 → LEGAL.005 (linked by QF035 + QL035),QF035+QL035,0.65
LEGAL.005,FIN.030,linked_through,LEGAL.005 → FIN.056 → FIN.030 (linked by QF035 + QF098),QF035+QF098,0.65
LEGAL.005,FIN.033,linked_through,LEGAL.005 → FIN.056 → FIN.033 (linked by QF035 + QF098),QF035+QF098,0.65
LEGAL.005,FIN.034,linked_through,LEGAL.005 → FIN.056 → FIN.034 (linked by QF035 + QF098),QF035+QF098,0.65
LEGAL.005,FIN.035,linked_through,LEGAL.005 → FIN.056 → FIN.035 (linked by QF035 + QF098),QF035+QF098,0.65
FIN.057,FIN.030,linked_through,FIN.057 → FIN.056 → FIN.030 (linked by QF035 + QF098),QF035+QF098,0.65
FIN.057,FIN.033,linked_through,FIN.057 → FIN.056 → FIN.033 (linked by QF035 + QF098),QF035+QF098,0.65
FIN.057,FIN.034,linked_through,FIN.057 → FIN.056 → FIN.034 (linked by QF035 + QF098),QF035+QF098,0.65
FIN.057,FIN.035,linked_through,FIN.057 → FIN.056 → FIN.035 (linked by QF035 + QF098),QF035+QF098,0.65
LEGAL.005,CUST.032,linked_through,LEGAL.005 → FIN.056 → CUST.032 (linked by QF035 + QF097),QF035+QF097,0.65
LEGAL.005,CUST.041,linked_through,LEGAL.005 → FIN.056 → CUST.041 (linked by QF035 + QF097),QF035+QF097,0.65
LEGAL.005,CUST.047,linked_through,LEGAL.005 → FIN.056 → CUST.047 (linked by QF035 + QF097),QF035+QF097,0.65
FIN.057,CUST.032,linked_through,FIN.057 → FIN.056 → CUST.032 (linked by QF035 + QF097),QF035+QF097,0.65
FIN.057,CUST.041,linked_through,FIN.057 → FIN.056 → CUST.041 (linked by QF035 + QF097),QF035+QF097,0.65
FIN.057,CUST.047,linked_through,FIN.057 → FIN.056 → CUST.047 (linked by QF035 + QF097),QF035+QF097,0.65
CUST.025,FIN.001,linked_through,CUST.025 → FIN.056 → FIN.001 (linked by QL036 + QF094),QL036+QF094,0.65
CUST.025,FIN.055,linked_through,CUST.025 → FIN.056 → FIN.055 (linked by QL036 + QF094),QL036+QF094,0.65
CUST.025,LEGAL.005,linked_through,CUST.025 → FIN.056 → LEGAL.005 (linked by QL036 + QL035),QL036+QL035,0.65
CUST.027,LEGAL.005,linked_through,CUST.027 → FIN.056 → LEGAL.005 (linked by QL036 + QL035),QL036+QL035,0.65
CUST.025,FIN.030,linked_through,CUST.025 → FIN.056 → FIN.030 (linked by QL036 + QF098),QL036+QF098,0.65
CUST.025,FIN.033,linked_through,CUST.025 → FIN.056 → FIN.033 (linked by QL036 + QF098),QL036+QF098,0.65
CUST.025,FIN.034,linked_through,CUST.025 → FIN.056 → FIN.034 (linked by QL036 + QF098),QL036+QF098,0.65
CUST.025,FIN.035,linked_through,CUST.025 → FIN.056 → FIN.035 (linked by QL036 + QF098),QL036+QF098,0.65
CUST.027,FIN.030,linked_through,CUST.027 → FIN.056 → FIN.030 (linked by QL036 + QF098),QL036+QF098,0.65
CUST.027,FIN.033,linked_through,CUST.027 → FIN.056 → FIN.033 (linked by QL036 + QF098),QL036+QF098,0.65
CUST.027,FIN.034,linked_through,CUST.027 → FIN.056 → FIN.034 (linked by QL036 + QF098),QL036+QF098,0.65
CUST.027,FIN.035,linked_through,CUST.027 → FIN.056 → FIN.035 (linked by QL036 + QF098),QL036+QF098,0.65
CUST.025,CUST.032,linked_through,CUST.025 → FIN.056 → CUST.032 (linked by QL036 + QF097),QL036+QF097,0.65
CUST.025,CUST.041,linked_through,CUST.025 → FIN.056 → CUST.041 (linked by QL036 + QF097),QL036+QF097,0.65
CUST.025,CUST.047,linked_through,CUST.025 → FIN.056 → CUST.047 (linked by QL036 + QF097),QL036+QF097,0.65
CUST.027,CUST.032,linked_through,CUST.027 → FIN.056 → CUST.032 (linked by QL036 + QF097),QL036+QF097,0.65
CUST.027,CUST.041,linked_through,CUST.027 → FIN.056 → CUST.041 (linked by QL036 + QF097),QL036+QF097,0.65
CUST.027,CUST.047,linked_through,CUST.027 → FIN.056 → CUST.047 (linked by QL036 + QF097),QL036+QF097,0.65
CUST.026,LEGAL.005,linked_through,CUST.026 → FIN.056 → LEGAL.005 (linked by QF091 + QL035),QF091+QL035,0.65
CUST.021,LEGAL.005,linked_through,CUST.021 → FIN.056 → LEGAL.005 (linked by QF091 + QL035),QF091+QL035,0.65
CUST.026,FIN.030,linked_through,CUST.026 → FIN.056 → FIN.030 (linked by QF091 + QF098),QF091+QF098,0.65
CUST.026,FIN.033,linked_through,CUST.026 → FIN.056 → FIN.033 (linked by QF091 + QF098),QF091+QF098,0.65
CUST.026,FIN.034,linked_through,CUST.026 → FIN.056 → FIN.034 (linked by QF091 + QF098),QF091+QF098,0.65
CUST.026,FIN.035,linked_through,CUST.026 → FIN.056 → FIN.035 (linked by QF091 + QF098),QF091+QF098,0.65
CUST.021,FIN.030,linked_through,CUST.021 → FIN.056 → FIN.030 (linked by QF091 + QF098),QF091+QF098,0.65
CUST.021,FIN.033,linked_through,CUST.021 → FIN.056 → FIN.033 (linked by QF091 + QF098),QF091+QF098,0.65
CUST.021,FIN.034,linked_through,CUST.021 → FIN.056 → FIN.034 (linked by QF091 + QF098),QF091+QF098,0.65
CUST.021,FIN.035,linked_through,CUST.021 → FIN.056 → FIN.035 (linked by QF091 + QF098),QF091+QF098,0.65
CUST.026,CUST.032,linked_through,CUST.026 → FIN.056 → CUST.032 (linked by QF091 + QF097),QF091+QF097,0.65
CUST.026,CUST.041,linked_through,CUST.026 → FIN.056 → CUST.041 (linked by QF091 + QF097),QF091+QF097,0.65
CUST.026,CUST.047,linked_through,CUST.026 → FIN.056 → CUST.047 (linked by QF091 + QF097),QF091+QF097,0.65
CUST.021,CUST.032,linked_through,CUST.021 → FIN.056 → CUST.032 (linked by QF091 + QF097),QF091+QF097,0.65
CUST.021,CUST.041,linked_through,CUST.021 → FIN.056 → CUST.041 (linked by QF091 + QF097),QF091+QF097,0.65
CUST.021,CUST.047,linked_through,CUST.021 → FIN.056 → CUST.047 (linked by QF091 + QF097),QF091+QF097,0.65
CORP.039,LEGAL.005,linked_through,CORP.039 → FIN.056 → LEGAL.005 (linked by QL034 + QL035),QL034+QL035,0.65
CORP.039,FIN.057,linked_through,CORP.039 → FIN.056 → FIN.057 (linked by QL034 + QL035),QL034+QL035,0.65
CORP.038,LEGAL.005,linked_through,CORP.038 → FIN.056 → LEGAL.005 (linked by QL034 + QL035),QL034+QL035,0.65
CORP.038,FIN.057,linked_through,CORP.038 → FIN.056 → FIN.057 (linked by QL034 + QL035),QL034+QL035,0.65
CORP.039,CUST.032,linked_through,CORP.039 → FIN.056 → CUST.032 (linked by QL034 + QF097),QL034+QF097,0.65
CORP.039,CUST.041,linked_through,CORP.039 → FIN.056 → CUST.041 (linked by QL034 + QF097),QL034+QF097,0.65
CORP.039,CUST.047,linked_through,CORP.039 → FIN.056 → CUST.047 (linked by QL034 + QF097),QL034+QF097,0.65
CORP.038,CUST.032,linked_through,CORP.038 → FIN.056 → CUST.032 (linked by QL034 + QF097),QL034+QF097,0.65
CORP.038,CUST.041,linked_through,CORP.038 → FIN.056 → CUST.041 (linked by QL034 + QF097),QL034+QF097,0.65
CORP.038,CUST.047,linked_through,CORP.038 → FIN.056 → CUST.047 (linked by QL034 + QF097),QL034+QF097,0.65
FIN.001,LEGAL.005,linked_through,FIN.001 → FIN.056 → LEGAL.005 (linked by QF094 + QL035),QF094+QL035,0.65
FIN.001,FIN.057,linked_through,FIN.001 → FIN.056 → FIN.057 (linked by QF094 + QL035),QF094+QL035,0.65
FIN.055,LEGAL.005,linked_through,FIN.055 → FIN.056 → LEGAL.005 (linked by QF094 + QL035),QF094+QL035,0.65
FIN.055,FIN.057,linked_through,FIN.055 → FIN.056 → FIN.057 (linked by QF094 + QL035),QF094+QL035,0.65
FIN.001,FIN.030,linked_through,FIN.001 → FIN.056 → FIN.030 (linked by QF094 + QF098),QF094+QF098,0.65
FIN.001,FIN.034,linked_through,FIN.001 → FIN.056 → FIN.034 (linked by QF094 + QF098),QF094+QF098,0.65
FIN.001,FIN.035,linked_through,FIN.001 → FIN.056 → FIN.035 (linked by QF094 + QF098),QF094+QF098,0.65
FIN.055,FIN.030,linked_through,FIN.055 → FIN.056 → FIN.030 (linked by QF094 + QF098),QF094+QF098,0.65
FIN.055,FIN.034,linked_through,FIN.055 → FIN.056 → FIN.034 (linked by QF094 + QF098),QF094+QF098,0.65
FIN.055,FIN.035,linked_through,FIN.055 → FIN.056 → FIN.035 (linked by QF094 + QF098),QF094+QF098,0.65
FIN.001,FIN.001,linked_through,FIN.001 → FIN.056 → FIN.001 (linked by QF094 + QF097),QF094+QF097,0.65
FIN.001,CUST.032,linked_through,FIN.001 → FIN.056 → CUST.032 (linked by QF094 + QF097),QF094+QF097,0.65
FIN.001,CUST.041,linked_through,FIN.001 → FIN.056 → CUST.041 (linked by QF094 + QF097),QF094+QF097,0.65
FIN.001,CUST.047,linked_through,FIN.001 → FIN.056 → CUST.047 (linked by QF094 + QF097),QF094+QF097,0.65
FIN.055,FIN.001,linked_through,FIN.055 → FIN.056 → FIN.001 (linked by QF094 + QF097),QF094+QF097,0.65
FIN.055,CUST.032,linked_through,FIN.055 → FIN.056 → CUST.032 (linked by QF094 + QF097),QF094+QF097,0.65
FIN.055,CUST.041,linked_through,FIN.055 → FIN.056 → CUST.041 (linked by QF094 + QF097),QF094+QF097,0.65
FIN.055,CUST.047,linked_through,FIN.055 → FIN.056 → CUST.047 (linked by QF094 + QF097),QF094+QF097,0.65
FIN.001,CUST.025,linked_through,FIN.001 → FIN.056 → CUST.025 (linked by QF094 + QF034),QF094+QF034,0.65
FIN.030,FIN.001,linked_through,FIN.030 → FIN.056 → FIN.001 (linked by QF098 + QF097),QF098+QF097,0.65
FIN.030,CUST.032,linked_through,FIN.030 → FIN.056 → CUST.032 (linked by QF098 + QF097),QF098+QF097,0.65
FIN.030,CUST.041,linked_through,FIN.030 → FIN.056 → CUST.041 (linked by QF098 + QF097),QF098+QF097,0.65
FIN.030,CUST.047,linked_through,FIN.030 → FIN.056 → CUST.047 (linked by QF098 + QF097),QF098+QF097,0.65
FIN.033,CUST.032,linked_through,FIN.033 → FIN.056 → CUST.032 (linked by QF098 + QF097),QF098+QF097,0.65
FIN.033,CUST.041,linked_through,FIN.033 → FIN.056 → CUST.041 (linked by QF098 + QF097),QF098+QF097,0.65
FIN.033,CUST.047,linked_through,FIN.033 → FIN.056 → CUST.047 (linked by QF098 + QF097),QF098+QF097,0.65
FIN.034,FIN.001,linked_through,FIN.034 → FIN.056 → FIN.001 (linked by QF098 + QF097),QF098+QF097,0.65
FIN.034,CUST.032,linked_through,FIN.034 → FIN.056 → CUST.032 (linked by QF098 + QF097),QF098+QF097,0.65
FIN.034,CUST.041,linked_through,FIN.034 → FIN.056 → CUST.041 (linked by QF098 + QF097),QF098+QF097,0.65
FIN.034,CUST.047,linked_through,FIN.034 → FIN.056 → CUST.047 (linked by QF098 + QF097),QF098+QF097,0.65
FIN.035,FIN.001,linked_through,FIN.035 → FIN.056 → FIN.001 (linked by QF098 + QF097),QF098+QF097,0.65
FIN.035,CUST.032,linked_through,FIN.035 → FIN.056 → CUST.032 (linked by QF098 + QF097),QF098+QF097,0.65
FIN.035,CUST.041,linked_through,FIN.035 → FIN.056 → CUST.041 (linked by QF098 + QF097),QF098+QF097,0.65
FIN.035,CUST.047,linked_through,FIN.035 → FIN.056 → CUST.047 (linked by QF098 + QF097),QF098+QF097,0.65
FIN.030,CUST.025,linked_through,FIN.030 → FIN.056 → CUST.025 (linked by QF098 + QF034),QF098+QF034,0.65
FIN.034,CUST.025,linked_through,FIN.034 → FIN.056 → CUST.025 (linked by QF098 + QF034),QF098+QF034,0.65
FIN.035,CORP.039,linked_through,FIN.035 → FIN.056 → CORP.039 (linked by QF098 + QF034),QF098+QF034,0.65
FIN.035,CUST.025,linked_through,FIN.035 → FIN.056 → CUST.025 (linked by QF098 + QF034),QF098+QF034,0.65
FIN.035,CORP.038,linked_through,FIN.035 → FIN.056 → CORP.038 (linked by QF098 + QF034),QF098+QF034,0.65
CUST.032,CORP.039,linked_through,CUST.032 → FIN.056 → CORP.039 (linked by QF097 + QF034),QF097+QF034,0.65
CUST.032,CUST.025,linked_through,CUST.032 → FIN.056 → CUST.025 (linked by QF097 + QF034),QF097+QF034,0.65
CUST.032,CORP.038,linked_through,CUST.032 → FIN.056 → CORP.038 (linked by QF097 + QF034),QF097+QF034,0.65
CUST.041,CORP.039,linked_through,CUST.041 → FIN.056 → CORP.039 (linked by QF097 + QF034),QF097+QF034,0.65
CUST.041,CUST.025,linked_through,CUST.041 → FIN.056 → CUST.025 (linked by QF097 + QF034),QF097+QF034,0.65
CUST.041,CORP.038,linked_through,CUST.041 → FIN.056 → CORP.038 (linked by QF097 + QF034),QF097+QF034,0.65
CUST.047,CORP.039,linked_through,CUST.047 → FIN.056 → CORP.039 (linked by QF097 + QF034),QF097+QF034,0.65
CUST.047,CUST.025,linked_through,CUST.047 → FIN.056 → CUST.025 (linked by QF097 + QF034),QF097+QF034,0.65
CUST.047,CORP.038,linked_through,CUST.047 → FIN.056 → CORP.038 (linked by QF097 + QF034),QF097+QF034,0.65
LEGAL.005,FIN.056,linked_through,LEGAL.005 → FIN.057 → FIN.056 (linked by QL035 + QL036),QL035+QL036,0.65
FIN.056,LEGAL.005,linked_through,FIN.056 → FIN.057 → LEGAL.005 (linked by QL035 + QF035),QL035+QF035,0.65
LEGAL.015,ESG.013,linked_through,LEGAL.015 → LEGAL.014 → ESG.013 (linked by QL047 + QF043),QL047+QF043,0.65
ESG.013,LEGAL.015,linked_through,ESG.013 → LEGAL.014 → LEGAL.015 (linked by QL047 + QF043),QL047+QF043,0.65
LEGAL.015,ESG.014,linked_through,LEGAL.015 → LEGAL.014 → ESG.014 (linked by QL047 + QF050),QL047+QF050,0.65
LEGAL.015,ESG.015,linked_through,LEGAL.015 → LEGAL.014 → ESG.015 (linked by QL047 + QF050),QL047+QF050,0.65
ESG.013,ESG.014,linked_through,ESG.013 → LEGAL.014 → ESG.014 (linked by QL047 + QF050),QL047+QF050,0.65
ESG.013,ESG.015,linked_through,ESG.013 → LEGAL.014 → ESG.015 (linked by QL047 + QF050),QL047+QF050,0.65
LEGAL.015,ESG.007,linked_through,LEGAL.015 → LEGAL.014 → ESG.007 (linked by QL047 + QF039),QL047+QF039,0.65
LEGAL.015,ESG.006,linked_through,LEGAL.015 → LEGAL.014 → ESG.006 (linked by QL047 + QF039),QL047+QF039,0.65
ESG.013,ESG.007,linked_through,ESG.013 → LEGAL.014 → ESG.007 (linked by QL047 + QF039),QL047+QF039,0.65
ESG.013,ESG.006,linked_through,ESG.013 → LEGAL.014 → ESG.006 (linked by QL047 + QF039),QL047+QF039,0.65
LEGAL.015,ESG.010,linked_through,LEGAL.015 → LEGAL.014 → ESG.010 (linked by QL047 + QL048),QL047+QL048,0.65
ESG.013,LEGAL.031,linked_through,ESG.013 → LEGAL.014 → LEGAL.031 (linked by QL047 + QL048),QL047+QL048,0.65
ESG.013,ESG.010,linked_through,ESG.013 → LEGAL.014 → ESG.010 (linked by QL047 + QL048),QL047+QL048,0.65
LEGAL.015,ESG.012,linked_through,LEGAL.015 → LEGAL.014 → ESG.012 (linked by QL047 + QL046),QL047+QL046,0.65
LEGAL.015,ESG.018,linked_through,LEGAL.015 → LEGAL.014 → ESG.018 (linked by QL047 + QF042),QL047+QF042,0.65
ESG.013,ESG.018,linked_through,ESG.013 → LEGAL.014 → ESG.018 (linked by QL047 + QF042),QL047+QF042,0.65
ESG.014,LEGAL.015,linked_through,ESG.014 → LEGAL.014 → LEGAL.015 (linked by QF050 + QF039),QF050+QF039,0.65
ESG.014,ESG.007,linked_through,ESG.014 → LEGAL.014 → ESG.007 (linked by QF050 + QF039),QF050+QF039,0.65
ESG.014,ESG.006,linked_through,ESG.014 → LEGAL.014 → ESG.006 (linked by QF050 + QF039),QF050+QF039,0.65
ESG.015,LEGAL.015,linked_through,ESG.015 → LEGAL.014 → LEGAL.015 (linked by QF050 + QF039),QF050+QF039,0.65
ESG.015,ESG.007,linked_through,ESG.015 → LEGAL.014 → ESG.007 (linked by QF050 + QF039),QF050+QF039,0.65
ESG.015,ESG.006,linked_through,ESG.015 → LEGAL.014 → ESG.006 (linked by QF050 + QF039),QF050+QF039,0.65
ESG.014,ESG.013,linked_through,ESG.014 → LEGAL.014 → ESG.013 (linked by QF050 + QL043),QF050+QL043,0.65
ESG.015,ESG.013,linked_through,ESG.015 → LEGAL.014 → ESG.013 (linked by QF050 + QL043),QF050+QL043,0.65
ESG.014,ESG.014,linked_through,ESG.014 → LEGAL.014 → ESG.014 (linked by QF050 + QL050),QF050+QL050,0.65
ESG.014,ESG.015,linked_through,ESG.014 → LEGAL.014 → ESG.015 (linked by QF050 + QL050),QF050+QL050,0.65
ESG.015,ESG.014,linked_through,ESG.015 → LEGAL.014 → ESG.014 (linked by QF050 + QL050),QF050+QL050,0.65
ESG.015,ESG.015,linked_through,ESG.015 → LEGAL.014 → ESG.015 (linked by QF050 + QL050),QF050+QL050,0.65
ESG.014,LEGAL.031,linked_through,ESG.014 → LEGAL.014 → LEGAL.031 (linked by QF050 + QL048),QF050+QL048,0.65
ESG.014,ESG.010,linked_through,ESG.014 → LEGAL.014 → ESG.010 (linked by QF050 + QL048),QF050+QL048,0.65
ESG.015,LEGAL.031,linked_through,ESG.015 → LEGAL.014 → LEGAL.031 (linked by QF050 + QL048),QF050+QL048,0.65
ESG.015,ESG.010,linked_through,ESG.015 → LEGAL.014 → ESG.010 (linked by QF050 + QL048),QF050+QL048,0.65
ESG.014,ESG.012,linked_through,ESG.014 → LEGAL.014 → ESG.012 (linked by QF050 + QL046),QF050+QL046,0.65
ESG.015,ESG.012,linked_through,ESG.015 → LEGAL.014 → ESG.012 (linked by QF050 + QL046),QF050+QL046,0.65
ESG.014,ESG.018,linked_through,ESG.014 → LEGAL.014 → ESG.018 (linked by QF050 + QF042),QF050+QF042,0.65
ESG.015,ESG.018,linked_through,ESG.015 → LEGAL.014 → ESG.018 (linked by QF050 + QF042),QF050+QF042,0.65
ESG.007,LEGAL.015,linked_through,ESG.007 → LEGAL.014 → LEGAL.015 (linked by QF039 + QL040),QF039+QL040,0.65
ESG.006,LEGAL.015,linked_through,ESG.006 → LEGAL.014 → LEGAL.015 (linked by QF039 + QL040),QF039+QL040,0.65
ESG.007,ESG.007,linked_through,ESG.007 → LEGAL.014 → ESG.007 (linked by QF039 + QL039),QF039+QL039,0.65
ESG.007,ESG.006,linked_through,ESG.007 → LEGAL.014 → ESG.006 (linked by QF039 + QL039),QF039+QL039,0.65
ESG.006,ESG.007,linked_through,ESG.006 → LEGAL.014 → ESG.007 (linked by QF039 + QL039),QF039+QL039,0.65
ESG.006,ESG.006,linked_through,ESG.006 → LEGAL.014 → ESG.006 (linked by QF039 + QL039),QF039+QL039,0.65
ESG.007,ESG.013,linked_through,ESG.007 → LEGAL.014 → ESG.013 (linked by QF039 + QL043),QF039+QL043,0.65
ESG.006,ESG.013,linked_through,ESG.006 → LEGAL.014 → ESG.013 (linked by QF039 + QL043),QF039+QL043,0.65
ESG.007,ESG.014,linked_through,ESG.007 → LEGAL.014 → ESG.014 (linked by QF039 + QL050),QF039+QL050,0.65
ESG.007,ESG.015,linked_through,ESG.007 → LEGAL.014 → ESG.015 (linked by QF039 + QL050),QF039+QL050,0.65
ESG.006,ESG.014,linked_through,ESG.006 → LEGAL.014 → ESG.014 (linked by QF039 + QL050),QF039+QL050,0.65
ESG.006,ESG.015,linked_through,ESG.006 → LEGAL.014 → ESG.015 (linked by QF039 + QL050),QF039+QL050,0.65
ESG.007,LEGAL.031,linked_through,ESG.007 → LEGAL.014 → LEGAL.031 (linked by QF039 + QL048),QF039+QL048,0.65
ESG.007,ESG.010,linked_through,ESG.007 → LEGAL.014 → ESG.010 (linked by QF039 + QL048),QF039+QL048,0.65
ESG.006,LEGAL.031,linked_through,ESG.006 → LEGAL.014 → LEGAL.031 (linked by QF039 + QL048),QF039+QL048,0.65
ESG.006,ESG.010,linked_through,ESG.006 → LEGAL.014 → ESG.010 (linked by QF039 + QL048),QF039+QL048,0.65
ESG.007,ESG.012,linked_through,ESG.007 → LEGAL.014 → ESG.012 (linked by QF039 + QL046),QF039+QL046,0.65
ESG.006,ESG.012,linked_through,ESG.006 → LEGAL.014 → ESG.012 (linked by QF039 + QL046),QF039+QL046,0.65
ESG.007,ESG.018,linked_through,ESG.007 → LEGAL.014 → ESG.018 (linked by QF039 + QF042),QF039+QF042,0.65
ESG.006,ESG.018,linked_through,ESG.006 → LEGAL.014 → ESG.018 (linked by QF039 + QF042),QF039+QF042,0.65
LEGAL.031,ESG.012,linked_through,LEGAL.031 → LEGAL.014 → ESG.012 (linked by QL048 + QL046),QL048+QL046,0.65
ESG.010,LEGAL.031,linked_through,ESG.010 → LEGAL.014 → LEGAL.031 (linked by QL048 + QL046),QL048+QL046,0.65
ESG.010,ESG.012,linked_through,ESG.010 → LEGAL.014 → ESG.012 (linked by QL048 + QL046),QL048+QL046,0.65
LEGAL.031,ESG.010,linked_through,LEGAL.031 → LEGAL.014 → ESG.010 (linked by QL048 + QF048),QL048+QF048,0.65
ESG.010,ESG.010,linked_through,ESG.010 → LEGAL.014 → ESG.010 (linked by QL048 + QF048),QL048+QF048,0.65
LEGAL.031,ESG.013,linked_through,LEGAL.031 → LEGAL.014 → ESG.013 (linked by QL048 + QF047),QL048+QF047,0.65
ESG.010,LEGAL.015,linked_through,ESG.010 → LEGAL.014 → LEGAL.015 (linked by QL048 + QF047),QL048+QF047,0.65
ESG.010,ESG.013,linked_through,ESG.010 → LEGAL.014 → ESG.013 (linked by QL048 + QF047),QL048+QF047,0.65
LEGAL.031,ESG.018,linked_through,LEGAL.031 → LEGAL.014 → ESG.018 (linked by QL048 + QF042),QL048+QF042,0.65
ESG.010,ESG.018,linked_through,ESG.010 → LEGAL.014 → ESG.018 (linked by QL048 + QF042),QL048+QF042,0.65
ESG.012,LEGAL.031,linked_through,ESG.012 → LEGAL.014 → LEGAL.031 (linked by QL046 + QF048),QL046+QF048,0.65
ESG.012,ESG.010,linked_through,ESG.012 → LEGAL.014 → ESG.010 (linked by QL046 + QF048),QL046+QF048,0.65
ESG.012,LEGAL.015,linked_through,ESG.012 → LEGAL.014 → LEGAL.015 (linked by QL046 + QF047),QL046+QF047,0.65
ESG.012,ESG.018,linked_through,ESG.012 → LEGAL.014 → ESG.018 (linked by QL046 + QF042),QL046+QF042,0.65
ESG.018,LEGAL.031,linked_through,ESG.018 → LEGAL.014 → LEGAL.031 (linked by QF042 + QL042),QF042+QL042,0.65
ESG.018,ESG.012,linked_through,ESG.018 → LEGAL.014 → ESG.012 (linked by QF042 + QF046),QF042+QF046,0.65
ESG.018,LEGAL.015,linked_through,ESG.018 → LEGAL.014 → LEGAL.015 (linked by QF042 + QF040),QF042+QF040,0.65
LEGAL.016,LEGAL.014,linked_through,LEGAL.016 → LEGAL.031 → LEGAL.014 (linked by QF066 + QL037),QF066+QL037,0.65
LEGAL.019,LEGAL.014,linked_through,LEGAL.019 → LEGAL.031 → LEGAL.014 (linked by QF066 + QL037),QF066+QL037,0.65
LEGAL.016,ESG.010,linked_through,LEGAL.016 → LEGAL.031 → ESG.010 (linked by QF066 + QL048),QF066+QL048,0.65
LEGAL.019,ESG.010,linked_through,LEGAL.019 → LEGAL.031 → ESG.010 (linked by QF066 + QL048),QF066+QL048,0.65
LEGAL.016,ESG.012,linked_through,LEGAL.016 → LEGAL.031 → ESG.012 (linked by QF066 + QF046),QF066+QF046,0.65
LEGAL.019,ESG.012,linked_through,LEGAL.019 → LEGAL.031 → ESG.012 (linked by QF066 + QF046),QF066+QF046,0.65
LEGAL.016,ESG.018,linked_through,LEGAL.016 → LEGAL.031 → ESG.018 (linked by QF066 + QF042),QF066+QF042,0.65
LEGAL.019,ESG.018,linked_through,LEGAL.019 → LEGAL.031 → ESG.018 (linked by QF066 + QF042),QF066+QF042,0.65
LEGAL.014,LEGAL.014,linked_through,LEGAL.014 → LEGAL.031 → LEGAL.014 (linked by QL037 + QL048),QL037+QL048,0.65
LEGAL.014,ESG.010,linked_through,LEGAL.014 → LEGAL.031 → ESG.010 (linked by QL037 + QL048),QL037+QL048,0.65
LEGAL.014,ESG.012,linked_through,LEGAL.014 → LEGAL.031 → ESG.012 (linked by QL037 + QF046),QL037+QF046,0.65
LEGAL.014,LEGAL.033,linked_through,LEGAL.014 → LEGAL.031 → LEGAL.033 (linked by QL037 + QF084),QL037+QF084,0.65
LEGAL.014,TECH.023,linked_through,LEGAL.014 → LEGAL.031 → TECH.023 (linked by QL037 + QF084),QL037+QF084,0.65
LEGAL.014,LEGAL.013,linked_through,LEGAL.014 → LEGAL.031 → LEGAL.013 (linked by QL037 + QF044),QL037+QF044,0.65
LEGAL.014,ESG.026,linked_through,LEGAL.014 → LEGAL.031 → ESG.026 (linked by QL037 + QF044),QL037+QF044,0.65
LEGAL.014,LEGAL.016,linked_through,LEGAL.014 → LEGAL.031 → LEGAL.016 (linked by QL037 + QL066),QL037+QL066,0.65
LEGAL.014,LEGAL.019,linked_through,LEGAL.014 → LEGAL.031 → LEGAL.019 (linked by QL037 + QL066),QL037+QL066,0.65
LEGAL.014,ESG.018,linked_through,LEGAL.014 → LEGAL.031 → ESG.018 (linked by QL037 + QF042),QL037+QF042,0.65
ESG.010,LEGAL.014,linked_through,ESG.010 → LEGAL.031 → LEGAL.014 (linked by QL048 + QF048),QL048+QF048,0.65
ESG.010,LEGAL.033,linked_through,ESG.010 → LEGAL.031 → LEGAL.033 (linked by QL048 + QF084),QL048+QF084,0.65
ESG.010,TECH.023,linked_through,ESG.010 → LEGAL.031 → TECH.023 (linked by QL048 + QF084),QL048+QF084,0.65
ESG.010,LEGAL.013,linked_through,ESG.010 → LEGAL.031 → LEGAL.013 (linked by QL048 + QF044),QL048+QF044,0.65
ESG.010,ESG.026,linked_through,ESG.010 → LEGAL.031 → ESG.026 (linked by QL048 + QF044),QL048+QF044,0.65
ESG.010,LEGAL.016,linked_through,ESG.010 → LEGAL.031 → LEGAL.016 (linked by QL048 + QL066),QL048+QL066,0.65
ESG.010,LEGAL.019,linked_through,ESG.010 → LEGAL.031 → LEGAL.019 (linked by QL048 + QL066),QL048+QL066,0.65
ESG.012,LEGAL.014,linked_through,ESG.012 → LEGAL.031 → LEGAL.014 (linked by QF046 + QF041),QF046+QF041,0.65
ESG.012,LEGAL.033,linked_through,ESG.012 → LEGAL.031 → LEGAL.033 (linked by QF046 + QF084),QF046+QF084,0.65
ESG.012,TECH.023,linked_through,ESG.012 → LEGAL.031 → TECH.023 (linked by QF046 + QF084),QF046+QF084,0.65
ESG.012,LEGAL.013,linked_through,ESG.012 → LEGAL.031 → LEGAL.013 (linked by QF046 + QF044),QF046+QF044,0.65
ESG.012,ESG.026,linked_through,ESG.012 → LEGAL.031 → ESG.026 (linked by QF046 + QF044),QF046+QF044,0.65
ESG.012,LEGAL.016,linked_through,ESG.012 → LEGAL.031 → LEGAL.016 (linked by QF046 + QL066),QF046+QL066,0.65
ESG.012,LEGAL.019,linked_through,ESG.012 → LEGAL.031 → LEGAL.019 (linked by QF046 + QL066),QF046+QL066,0.65
TECH.023,LEGAL.033,linked_through,TECH.023 → LEGAL.031 → LEGAL.033 (linked by QF084 + QF044),QF084+QF044,0.65
LEGAL.033,ESG.012,linked_through,LEGAL.033 → LEGAL.031 → ESG.012 (linked by QF084 + QL046),QF084+QL046,0.65
LEGAL.033,LEGAL.014,linked_through,LEGAL.033 → LEGAL.031 → LEGAL.014 (linked by QF084 + QL046),QF084+QL046,0.65
TECH.023,ESG.012,linked_through,TECH.023 → LEGAL.031 → ESG.012 (linked by QF084 + QL046),QF084+QL046,0.65
TECH.023,LEGAL.014,linked_through,TECH.023 → LEGAL.031 → LEGAL.014 (linked by QF084 + QL046),QF084+QL046,0.65
TECH.023,LEGAL.016,linked_through,TECH.023 → LEGAL.031 → LEGAL.016 (linked by QF084 + QL066),QF084+QL066,0.65
LEGAL.033,ESG.018,linked_through,LEGAL.033 → LEGAL.031 → ESG.018 (linked by QF084 + QF042),QF084+QF042,0.65
TECH.023,ESG.018,linked_through,TECH.023 → LEGAL.031 → ESG.018 (linked by QF084 + QF042),QF084+QF042,0.65
LEGAL.033,TECH.023,linked_through,LEGAL.033 → LEGAL.031 → TECH.023 (linked by QF084 + QL084),QF084+QL084,0.65
LEGAL.013,ESG.012,linked_through,LEGAL.013 → LEGAL.031 → ESG.012 (linked by QF044 + QL046),QF044+QL046,0.65
LEGAL.013,LEGAL.014,linked_through,LEGAL.013 → LEGAL.031 → LEGAL.014 (linked by QF044 + QL046),QF044+QL046,0.65
ESG.026,ESG.012,linked_through,ESG.026 → LEGAL.031 → ESG.012 (linked by QF044 + QL046),QF044+QL046,0.65
ESG.026,LEGAL.014,linked_through,ESG.026 → LEGAL.031 → LEGAL.014 (linked by QF044 + QL046),QF044+QL046,0.65
ESG.026,LEGAL.016,linked_through,ESG.026 → LEGAL.031 → LEGAL.016 (linked by QF044 + QL066),QF044+QL066,0.65
LEGAL.013,ESG.018,linked_through,LEGAL.013 → LEGAL.031 → ESG.018 (linked by QF044 + QF042),QF044+QF042,0.65
ESG.026,ESG.018,linked_through,ESG.026 → LEGAL.031 → ESG.018 (linked by QF044 + QF042),QF044+QF042,0.65
ESG.018,LEGAL.014,linked_through,ESG.018 → LEGAL.031 → LEGAL.014 (linked by QF042 + QL042),QF042+QL042,0.65
ESG.018,LEGAL.033,linked_through,ESG.018 → LEGAL.031 → LEGAL.033 (linked by QF042 + QL084),QF042+QL084,0.65
ESG.018,TECH.023,linked_through,ESG.018 → LEGAL.031 → TECH.023 (linked by QF042 + QL084),QF042+QL084,0.65
ESG.011,ESG.015,linked_through,ESG.011 → LEGAL.011 → ESG.015 (linked by QF038 + QF051),QF038+QF051,0.65
ESG.011,ESG.014,linked_through,ESG.011 → LEGAL.011 → ESG.014 (linked by QF038 + QF051),QF038+QF051,0.65
ESG.011,LEGAL.012,linked_through,ESG.011 → LEGAL.011 → LEGAL.012 (linked by QF038 + QF051),QF038+QF051,0.65
ESG.011,ESG.018,linked_through,ESG.011 → LEGAL.011 → ESG.018 (linked by QF038 + QF051),QF038+QF051,0.65
ESG.013,LEGAL.012,linked_through,ESG.013 → LEGAL.011 → LEGAL.012 (linked by QF038 + QF051),QF038+QF051,0.65
ESG.012,ESG.015,linked_through,ESG.012 → LEGAL.011 → ESG.015 (linked by QF038 + QF051),QF038+QF051,0.65
ESG.012,ESG.014,linked_through,ESG.012 → LEGAL.011 → ESG.014 (linked by QF038 + QF051),QF038+QF051,0.65
ESG.012,LEGAL.012,linked_through,ESG.012 → LEGAL.011 → LEGAL.012 (linked by QF038 + QF051),QF038+QF051,0.65
LEGAL.009,ESG.015,linked_through,LEGAL.009 → LEGAL.011 → ESG.015 (linked by QF038 + QF051),QF038+QF051,0.65
LEGAL.009,ESG.014,linked_through,LEGAL.009 → LEGAL.011 → ESG.014 (linked by QF038 + QF051),QF038+QF051,0.65
LEGAL.009,LEGAL.012,linked_through,LEGAL.009 → LEGAL.011 → LEGAL.012 (linked by QF038 + QF051),QF038+QF051,0.65
LEGAL.009,ESG.018,linked_through,LEGAL.009 → LEGAL.011 → ESG.018 (linked by QF038 + QF051),QF038+QF051,0.65
ESG.011,LEGAL.009,linked_through,ESG.011 → LEGAL.011 → LEGAL.009 (linked by QF038 + QL038),QF038+QL038,0.65
ESG.013,LEGAL.009,linked_through,ESG.013 → LEGAL.011 → LEGAL.009 (linked by QF038 + QL038),QF038+QL038,0.65
ESG.012,LEGAL.009,linked_through,ESG.012 → LEGAL.011 → LEGAL.009 (linked by QF038 + QL038),QF038+QL038,0.65
LEGAL.009,ESG.011,linked_through,LEGAL.009 → LEGAL.011 → ESG.011 (linked by QF038 + QL038),QF038+QL038,0.65
LEGAL.009,ESG.013,linked_through,LEGAL.009 → LEGAL.011 → ESG.013 (linked by QF038 + QL038),QF038+QL038,0.65
LEGAL.009,ESG.012,linked_through,LEGAL.009 → LEGAL.011 → ESG.012 (linked by QF038 + QL038),QF038+QL038,0.65
ESG.015,ESG.011,linked_through,ESG.015 → LEGAL.011 → ESG.011 (linked by QF051 + QL038),QF051+QL038,0.65
ESG.015,LEGAL.009,linked_through,ESG.015 → LEGAL.011 → LEGAL.009 (linked by QF051 + QL038),QF051+QL038,0.65
ESG.014,ESG.011,linked_through,ESG.014 → LEGAL.011 → ESG.011 (linked by QF051 + QL038),QF051+QL038,0.65
ESG.014,LEGAL.009,linked_through,ESG.014 → LEGAL.011 → LEGAL.009 (linked by QF051 + QL038),QF051+QL038,0.65
LEGAL.012,ESG.011,linked_through,LEGAL.012 → LEGAL.011 → ESG.011 (linked by QF051 + QL038),QF051+QL038,0.65
LEGAL.012,ESG.013,linked_through,LEGAL.012 → LEGAL.011 → ESG.013 (linked by QF051 + QL038),QF051+QL038,0.65
LEGAL.012,ESG.012,linked_through,LEGAL.012 → LEGAL.011 → ESG.012 (linked by QF051 + QL038),QF051+QL038,0.65
LEGAL.012,LEGAL.009,linked_through,LEGAL.012 → LEGAL.011 → LEGAL.009 (linked by QF051 + QL038),QF051+QL038,0.65
ESG.018,ESG.011,linked_through,ESG.018 → LEGAL.011 → ESG.011 (linked by QF051 + QL038),QF051+QL038,0.65
ESG.018,ESG.013,linked_through,ESG.018 → LEGAL.011 → ESG.013 (linked by QF051 + QL038),QF051+QL038,0.65
ESG.018,LEGAL.009,linked_through,ESG.018 → LEGAL.011 → LEGAL.009 (linked by QF051 + QL038),QF051+QL038,0.65
ESG.015,LEGAL.012,linked_through,ESG.015 → LEGAL.011 → LEGAL.012 (linked by QF051 + QL051),QF051+QL051,0.65
ESG.014,LEGAL.012,linked_through,ESG.014 → LEGAL.011 → LEGAL.012 (linked by QF051 + QL051),QF051+QL051,0.65
LEGAL.012,ESG.015,linked_through,LEGAL.012 → LEGAL.011 → ESG.015 (linked by QF051 + QL051),QF051+QL051,0.65
LEGAL.012,ESG.014,linked_through,LEGAL.012 → LEGAL.011 → ESG.014 (linked by QF051 + QL051),QF051+QL051,0.65
LEGAL.012,LEGAL.012,linked_through,LEGAL.012 → LEGAL.011 → LEGAL.012 (linked by QF051 + QL051),QF051+QL051,0.65
LEGAL.012,ESG.018,linked_through,LEGAL.012 → LEGAL.011 → ESG.018 (linked by QF051 + QL051),QF051+QL051,0.65
ESG.018,ESG.015,linked_through,ESG.018 → LEGAL.011 → ESG.015 (linked by QF051 + QL051),QF051+QL051,0.65
ESG.018,ESG.014,linked_through,ESG.018 → LEGAL.011 → ESG.014 (linked by QF051 + QL051),QF051+QL051,0.65
ESG.018,LEGAL.012,linked_through,ESG.018 → LEGAL.011 → LEGAL.012 (linked by QF051 + QL051),QF051+QL051,0.65
LEGAL.011,LEGAL.009,linked_through,LEGAL.011 → ESG.011 → LEGAL.009 (linked by QF038 + QL038),QF038+QL038,0.65
LEGAL.009,LEGAL.011,linked_through,LEGAL.009 → ESG.011 → LEGAL.011 (linked by QF038 + QL038),QF038+QL038,0.65
ESG.011,LEGAL.031,linked_through,ESG.011 → ESG.012 → LEGAL.031 (linked by QF038 + QF046),QF038+QF046,0.65
ESG.011,LEGAL.014,linked_through,ESG.011 → ESG.012 → LEGAL.014 (linked by QF038 + QF046),QF038+QF046,0.65
ESG.013,LEGAL.014,linked_through,ESG.013 → ESG.012 → LEGAL.014 (linked by QF038 + QF046),QF038+QF046,0.65
LEGAL.011,LEGAL.031,linked_through,LEGAL.011 → ESG.012 → LEGAL.031 (linked by QF038 + QF046),QF038+QF046,0.65
LEGAL.011,LEGAL.014,linked_through,LEGAL.011 → ESG.012 → LEGAL.014 (linked by QF038 + QF046),QF038+QF046,0.65
LEGAL.009,LEGAL.031,linked_through,LEGAL.009 → ESG.012 → LEGAL.031 (linked by QF038 + QF046),QF038+QF046,0.65
LEGAL.009,LEGAL.014,linked_through,LEGAL.009 → ESG.012 → LEGAL.014 (linked by QF038 + QF046),QF038+QF046,0.65
LEGAL.031,ESG.011,linked_through,LEGAL.031 → ESG.012 → ESG.011 (linked by QF046 + QL038),QF046+QL038,0.65
LEGAL.031,LEGAL.011,linked_through,LEGAL.031 → ESG.012 → LEGAL.011 (linked by QF046 + QL038),QF046+QL038,0.65
LEGAL.031,LEGAL.009,linked_through,LEGAL.031 → ESG.012 → LEGAL.009 (linked by QF046 + QL038),QF046+QL038,0.65
LEGAL.014,ESG.011,linked_through,LEGAL.014 → ESG.012 → ESG.011 (linked by QF046 + QL038),QF046+QL038,0.65
LEGAL.014,ESG.013,linked_through,LEGAL.014 → ESG.012 → ESG.013 (linked by QF046 + QL038),QF046+QL038,0.65
LEGAL.014,LEGAL.011,linked_through,LEGAL.014 → ESG.012 → LEGAL.011 (linked by QF046 + QL038),QF046+QL038,0.65
LEGAL.014,LEGAL.009,linked_through,LEGAL.014 → ESG.012 → LEGAL.009 (linked by QF046 + QL038),QF046+QL038,0.65
LEGAL.031,LEGAL.014,linked_through,LEGAL.031 → ESG.012 → LEGAL.014 (linked by QF046 + QL046),QF046+QL046,0.65
LEGAL.014,LEGAL.031,linked_through,LEGAL.014 → ESG.012 → LEGAL.031 (linked by QF046 + QL046),QF046+QL046,0.65
LEGAL.015,ESG.011,linked_through,LEGAL.015 → ESG.013 → ESG.011 (linked by QL047 + QF038),QL047+QF038,0.65
LEGAL.015,LEGAL.011,linked_through,LEGAL.015 → ESG.013 → LEGAL.011 (linked by QL047 + QF038),QL047+QF038,0.65
LEGAL.015,LEGAL.009,linked_through,LEGAL.015 → ESG.013 → LEGAL.009 (linked by QL047 + QF038),QL047+QF038,0.65
LEGAL.015,LEGAL.014,linked_through,LEGAL.015 → ESG.013 → LEGAL.014 (linked by QL047 + QF043),QL047+QF043,0.65
LEGAL.014,LEGAL.015,linked_through,LEGAL.014 → ESG.013 → LEGAL.015 (linked by QL047 + QF043),QL047+QF043,0.65
ESG.011,LEGAL.015,linked_through,ESG.011 → ESG.013 → LEGAL.015 (linked by QF038 + QF043),QF038+QF043,0.65
LEGAL.011,LEGAL.015,linked_through,LEGAL.011 → ESG.013 → LEGAL.015 (linked by QF038 + QF043),QF038+QF043,0.65
LEGAL.009,LEGAL.015,linked_through,LEGAL.009 → ESG.013 → LEGAL.015 (linked by QF038 + QF043),QF038+QF043,0.65
ESG.011,ESG.010,linked_through,ESG.011 → ESG.013 → ESG.010 (linked by QF038 + QL049),QF038+QL049,0.65
LEGAL.011,ESG.010,linked_through,LEGAL.011 → ESG.013 → ESG.010 (linked by QF038 + QL049),QF038+QL049,0.65
LEGAL.009,ESG.010,linked_through,LEGAL.009 → ESG.013 → ESG.010 (linked by QF038 + QL049),QF038+QL049,0.65
ESG.010,ESG.011,linked_through,ESG.010 → ESG.013 → ESG.011 (linked by QL049 + QL038),QL049+QL038,0.65
ESG.010,LEGAL.011,linked_through,ESG.010 → ESG.013 → LEGAL.011 (linked by QL049 + QL038),QL049+QL038,0.65
ESG.010,LEGAL.009,linked_through,ESG.010 → ESG.013 → LEGAL.009 (linked by QL049 + QL038),QL049+QL038,0.65
ESG.013,LEGAL.016,linked_through,ESG.013 → LEGAL.015 → LEGAL.016 (linked by QL047 + QL067),QL047+QL067,0.65
LEGAL.014,ESG.015,linked_through,LEGAL.014 → LEGAL.015 → ESG.015 (linked by QL047 + QF050),QL047+QF050,0.65
LEGAL.014,ESG.014,linked_through,LEGAL.014 → LEGAL.015 → ESG.014 (linked by QL047 + QF050),QL047+QF050,0.65
ESG.013,LEGAL.033,linked_through,ESG.013 → LEGAL.015 → LEGAL.033 (linked by QL047 + QF083),QL047+QF083,0.65
ESG.013,LEGAL.019,linked_through,ESG.013 → LEGAL.015 → LEGAL.019 (linked by QL047 + QF083),QL047+QF083,0.65
LEGAL.014,ESG.007,linked_through,LEGAL.014 → LEGAL.015 → ESG.007 (linked by QL047 + QF039),QL047+QF039,0.65
LEGAL.014,ESG.006,linked_through,LEGAL.014 → LEGAL.015 → ESG.006 (linked by QL047 + QF039),QL047+QF039,0.65
LEGAL.016,ESG.013,linked_through,LEGAL.016 → LEGAL.015 → ESG.013 (linked by QL067 + QF043),QL067+QF043,0.65
LEGAL.016,ESG.015,linked_through,LEGAL.016 → LEGAL.015 → ESG.015 (linked by QL067 + QF050),QL067+QF050,0.65
LEGAL.016,ESG.014,linked_through,LEGAL.016 → LEGAL.015 → ESG.014 (linked by QL067 + QF050),QL067+QF050,0.65
LEGAL.016,ESG.007,linked_through,LEGAL.016 → LEGAL.015 → ESG.007 (linked by QL067 + QF039),QL067+QF039,0.65
LEGAL.016,ESG.006,linked_through,LEGAL.016 → LEGAL.015 → ESG.006 (linked by QL067 + QF039),QL067+QF039,0.65
ESG.015,LEGAL.033,linked_through,ESG.015 → LEGAL.015 → LEGAL.033 (linked by QF050 + QF083),QF050+QF083,0.65
ESG.015,LEGAL.019,linked_through,ESG.015 → LEGAL.015 → LEGAL.019 (linked by QF050 + QF083),QF050+QF083,0.65
ESG.014,LEGAL.033,linked_through,ESG.014 → LEGAL.015 → LEGAL.033 (linked by QF050 + QF083),QF050+QF083,0.65
ESG.014,LEGAL.019,linked_through,ESG.014 → LEGAL.015 → LEGAL.019 (linked by QF050 + QF083),QF050+QF083,0.65
ESG.015,LEGAL.014,linked_through,ESG.015 → LEGAL.015 → LEGAL.014 (linked by QF050 + QF039),QF050+QF039,0.65
ESG.014,LEGAL.014,linked_through,ESG.014 → LEGAL.015 → LEGAL.014 (linked by QF050 + QF039),QF050+QF039,0.65
ESG.015,LEGAL.016,linked_through,ESG.015 → LEGAL.015 → LEGAL.016 (linked by QF050 + QF067),QF050+QF067,0.65
ESG.014,LEGAL.016,linked_through,ESG.014 → LEGAL.015 → LEGAL.016 (linked by QF050 + QF067),QF050+QF067,0.65
LEGAL.033,ESG.007,linked_through,LEGAL.033 → LEGAL.015 → ESG.007 (linked by QF083 + QF039),QF083+QF039,0.65
LEGAL.033,ESG.006,linked_through,LEGAL.033 → LEGAL.015 → ESG.006 (linked by QF083 + QF039),QF083+QF039,0.65
LEGAL.019,ESG.007,linked_through,LEGAL.019 → LEGAL.015 → ESG.007 (linked by QF083 + QF039),QF083+QF039,0.65
LEGAL.019,ESG.006,linked_through,LEGAL.019 → LEGAL.015 → ESG.006 (linked by QF083 + QF039),QF083+QF039,0.65
LEGAL.033,ESG.013,linked_through,LEGAL.033 → LEGAL.015 → ESG.013 (linked by QF083 + QF047),QF083+QF047,0.65
LEGAL.019,ESG.013,linked_through,LEGAL.019 → LEGAL.015 → ESG.013 (linked by QF083 + QF047),QF083+QF047,0.65
LEGAL.033,ESG.015,linked_through,LEGAL.033 → LEGAL.015 → ESG.015 (linked by QF083 + QL050),QF083+QL050,0.65
LEGAL.033,ESG.014,linked_through,LEGAL.033 → LEGAL.015 → ESG.014 (linked by QF083 + QL050),QF083+QL050,0.65
LEGAL.019,ESG.015,linked_through,LEGAL.019 → LEGAL.015 → ESG.015 (linked by QF083 + QL050),QF083+QL050,0.65
LEGAL.019,ESG.014,linked_through,LEGAL.019 → LEGAL.015 → ESG.014 (linked by QF083 + QL050),QF083+QL050,0.65
ESG.007,LEGAL.014,linked_through,ESG.007 → LEGAL.015 → LEGAL.014 (linked by QF039 + QF047),QF039+QF047,0.65
ESG.006,LEGAL.014,linked_through,ESG.006 → LEGAL.015 → LEGAL.014 (linked by QF039 + QF047),QF039+QF047,0.65
ESG.007,LEGAL.016,linked_through,ESG.007 → LEGAL.015 → LEGAL.016 (linked by QF039 + QF067),QF039+QF067,0.65
ESG.006,LEGAL.016,linked_through,ESG.006 → LEGAL.015 → LEGAL.016 (linked by QF039 + QF067),QF039+QF067,0.65
MGMT.023,ESG.015,linked_through,MGMT.023 → ESG.018 → ESG.015 (linked by QF071 + QF051),QF071+QF051,0.65
MGMT.023,ESG.014,linked_through,MGMT.023 → ESG.018 → ESG.014 (linked by QF071 + QF051),QF071+QF051,0.65
MGMT.023,LEGAL.011,linked_through,MGMT.023 → ESG.018 → LEGAL.011 (linked by QF071 + QF051),QF071+QF051,0.65
MGMT.023,LEGAL.012,linked_through,MGMT.023 → ESG.018 → LEGAL.012 (linked by QF071 + QF051),QF071+QF051,0.65
MGMT.023,LEGAL.031,linked_through,MGMT.023 → ESG.018 → LEGAL.031 (linked by QF071 + QF042),QF071+QF042,0.65
MGMT.023,LEGAL.014,linked_through,MGMT.023 → ESG.018 → LEGAL.014 (linked by QF071 + QF042),QF071+QF042,0.65
ESG.015,LEGAL.028,linked_through,ESG.015 → ESG.018 → LEGAL.028 (linked by QF051 + QF074),QF051+QF074,0.65
ESG.015,MGMT.021,linked_through,ESG.015 → ESG.018 → MGMT.021 (linked by QF051 + QF074),QF051+QF074,0.65
ESG.015,MGMT.023,linked_through,ESG.015 → ESG.018 → MGMT.023 (linked by QF051 + QF074),QF051+QF074,0.65
ESG.014,LEGAL.028,linked_through,ESG.014 → ESG.018 → LEGAL.028 (linked by QF051 + QF074),QF051+QF074,0.65
ESG.014,MGMT.021,linked_through,ESG.014 → ESG.018 → MGMT.021 (linked by QF051 + QF074),QF051+QF074,0.65
ESG.014,MGMT.023,linked_through,ESG.014 → ESG.018 → MGMT.023 (linked by QF051 + QF074),QF051+QF074,0.65
LEGAL.011,LEGAL.028,linked_through,LEGAL.011 → ESG.018 → LEGAL.028 (linked by QF051 + QF074),QF051+QF074,0.65
LEGAL.011,MGMT.021,linked_through,LEGAL.011 → ESG.018 → MGMT.021 (linked by QF051 + QF074),QF051+QF074,0.65
LEGAL.011,MGMT.023,linked_through,LEGAL.011 → ESG.018 → MGMT.023 (linked by QF051 + QF074),QF051+QF074,0.65
LEGAL.012,LEGAL.028,linked_through,LEGAL.012 → ESG.018 → LEGAL.028 (linked by QF051 + QF074),QF051+QF074,0.65
LEGAL.012,MGMT.021,linked_through,LEGAL.012 → ESG.018 → MGMT.021 (linked by QF051 + QF074),QF051+QF074,0.65
LEGAL.012,MGMT.023,linked_through,LEGAL.012 → ESG.018 → MGMT.023 (linked by QF051 + QF074),QF051+QF074,0.65
ESG.015,LEGAL.011,linked_through,ESG.015 → ESG.018 → LEGAL.011 (linked by QF051 + QL051),QF051+QL051,0.65
ESG.014,LEGAL.011,linked_through,ESG.014 → ESG.018 → LEGAL.011 (linked by QF051 + QL051),QF051+QL051,0.65
LEGAL.011,ESG.015,linked_through,LEGAL.011 → ESG.018 → ESG.015 (linked by QF051 + QL051),QF051+QL051,0.65
LEGAL.011,ESG.014,linked_through,LEGAL.011 → ESG.018 → ESG.014 (linked by QF051 + QL051),QF051+QL051,0.65
LEGAL.011,LEGAL.012,linked_through,LEGAL.011 → ESG.018 → LEGAL.012 (linked by QF051 + QL051),QF051+QL051,0.65
LEGAL.012,LEGAL.011,linked_through,LEGAL.012 → ESG.018 → LEGAL.011 (linked by QF051 + QL051),QF051+QL051,0.65
ESG.015,LEGAL.032,linked_through,ESG.015 → ESG.018 → LEGAL.032 (linked by QF051 + QF072),QF051+QF072,0.65
ESG.014,LEGAL.032,linked_through,ESG.014 → ESG.018 → LEGAL.032 (linked by QF051 + QF072),QF051+QF072,0.65
LEGAL.011,LEGAL.032,linked_through,LEGAL.011 → ESG.018 → LEGAL.032 (linked by QF051 + QF072),QF051+QF072,0.65
LEGAL.012,LEGAL.032,linked_through,LEGAL.012 → ESG.018 → LEGAL.032 (linked by QF051 + QF072),QF051+QF072,0.65
LEGAL.012,LEGAL.031,linked_through,LEGAL.012 → ESG.018 → LEGAL.031 (linked by QF051 + QF042),QF051+QF042,0.65
LEGAL.012,LEGAL.014,linked_through,LEGAL.012 → ESG.018 → LEGAL.014 (linked by QF051 + QF042),QF051+QF042,0.65
LEGAL.028,ESG.015,linked_through,LEGAL.028 → ESG.018 → ESG.015 (linked by QF074 + QL051),QF074+QL051,0.65
LEGAL.028,ESG.014,linked_through,LEGAL.028 → ESG.018 → ESG.014 (linked by QF074 + QL051),QF074+QL051,0.65
LEGAL.028,LEGAL.011,linked_through,LEGAL.028 → ESG.018 → LEGAL.011 (linked by QF074 + QL051),QF074+QL051,0.65
LEGAL.028,LEGAL.012,linked_through,LEGAL.028 → ESG.018 → LEGAL.012 (linked by QF074 + QL051),QF074+QL051,0.65
MGMT.021,ESG.015,linked_through,MGMT.021 → ESG.018 → ESG.015 (linked by QF074 + QL051),QF074+QL051,0.65
MGMT.021,ESG.014,linked_through,MGMT.021 → ESG.018 → ESG.014 (linked by QF074 + QL051),QF074+QL051,0.65
MGMT.021,LEGAL.011,linked_through,MGMT.021 → ESG.018 → LEGAL.011 (linked by QF074 + QL051),QF074+QL051,0.65
MGMT.021,LEGAL.012,linked_through,MGMT.021 → ESG.018 → LEGAL.012 (linked by QF074 + QL051),QF074+QL051,0.65
MGMT.021,LEGAL.032,linked_through,MGMT.021 → ESG.018 → LEGAL.032 (linked by QF074 + QF072),QF074+QF072,0.65
LEGAL.028,LEGAL.031,linked_through,LEGAL.028 → ESG.018 → LEGAL.031 (linked by QF074 + QF042),QF074+QF042,0.65
LEGAL.028,LEGAL.014,linked_through,LEGAL.028 → ESG.018 → LEGAL.014 (linked by QF074 + QF042),QF074+QF042,0.65
MGMT.021,LEGAL.031,linked_through,MGMT.021 → ESG.018 → LEGAL.031 (linked by QF074 + QF042),QF074+QF042,0.65
MGMT.021,LEGAL.014,linked_through,MGMT.021 → ESG.018 → LEGAL.014 (linked by QF074 + QF042),QF074+QF042,0.65
LEGAL.032,MGMT.021,linked_through,LEGAL.032 → ESG.018 → MGMT.021 (linked by QF072 + QL072),QF072+QL072,0.65
LEGAL.032,LEGAL.031,linked_through,LEGAL.032 → ESG.018 → LEGAL.031 (linked by QF072 + QF042),QF072+QF042,0.65
LEGAL.032,LEGAL.014,linked_through,LEGAL.032 → ESG.018 → LEGAL.014 (linked by QF072 + QF042),QF072+QF042,0.65
LEGAL.005,FIN.066,linked_through,LEGAL.005 → LEGAL.024 → FIN.066 (linked by QF045 + QL062),QF045+QL062,0.65
LEGAL.005,FIN.065,linked_through,LEGAL.005 → LEGAL.024 → FIN.065 (linked by QF045 + QL062),QF045+QL062,0.65
LEGAL.025,FIN.066,linked_through,LEGAL.025 → LEGAL.024 → FIN.066 (linked by QF045 + QL062),QF045+QL062,0.65
LEGAL.025,FIN.065,linked_through,LEGAL.025 → LEGAL.024 → FIN.065 (linked by QF045 + QL062),QF045+QL062,0.65
LEGAL.026,FIN.066,linked_through,LEGAL.026 → LEGAL.024 → FIN.066 (linked by QF045 + QL062),QF045+QL062,0.65
LEGAL.026,FIN.065,linked_through,LEGAL.026 → LEGAL.024 → FIN.065 (linked by QF045 + QL062),QF045+QL062,0.65
LEGAL.005,LEGAL.023,linked_through,LEGAL.005 → LEGAL.024 → LEGAL.023 (linked by QF045 + QL078),QF045+QL078,0.65
LEGAL.025,LEGAL.005,linked_through,LEGAL.025 → LEGAL.024 → LEGAL.005 (linked by QF045 + QL078),QF045+QL078,0.65
LEGAL.026,LEGAL.005,linked_through,LEGAL.026 → LEGAL.024 → LEGAL.005 (linked by QF045 + QL078),QF045+QL078,0.65
LEGAL.005,LEGAL.026,linked_through,LEGAL.005 → LEGAL.024 → LEGAL.026 (linked by QF045 + QL076),QF045+QL076,0.65
LEGAL.005,LEGAL.019,linked_through,LEGAL.005 → LEGAL.024 → LEGAL.019 (linked by QF045 + QL076),QF045+QL076,0.65
LEGAL.005,LEGAL.025,linked_through,LEGAL.005 → LEGAL.024 → LEGAL.025 (linked by QF045 + QL076),QF045+QL076,0.65
LEGAL.025,LEGAL.019,linked_through,LEGAL.025 → LEGAL.024 → LEGAL.019 (linked by QF045 + QL076),QF045+QL076,0.65
LEGAL.026,LEGAL.019,linked_through,LEGAL.026 → LEGAL.024 → LEGAL.019 (linked by QF045 + QL076),QF045+QL076,0.65
FIN.066,LEGAL.005,linked_through,FIN.066 → LEGAL.024 → LEGAL.005 (linked by QL062 + QL078),QL062+QL078,0.65
FIN.066,LEGAL.023,linked_through,FIN.066 → LEGAL.024 → LEGAL.023 (linked by QL062 + QL078),QL062+QL078,0.65
FIN.065,LEGAL.005,linked_through,FIN.065 → LEGAL.024 → LEGAL.005 (linked by QL062 + QL078),QL062+QL078,0.65
FIN.065,LEGAL.023,linked_through,FIN.065 → LEGAL.024 → LEGAL.023 (linked by QL062 + QL078),QL062+QL078,0.65
FIN.066,LEGAL.026,linked_through,FIN.066 → LEGAL.024 → LEGAL.026 (linked by QL062 + QL076),QL062+QL076,0.65
FIN.066,LEGAL.019,linked_through,FIN.066 → LEGAL.024 → LEGAL.019 (linked by QL062 + QL076),QL062+QL076,0.65
FIN.066,LEGAL.020,linked_through,FIN.066 → LEGAL.024 → LEGAL.020 (linked by QL062 + QL076),QL062+QL076,0.65
FIN.066,LEGAL.025,linked_through,FIN.066 → LEGAL.024 → LEGAL.025 (linked by QL062 + QL076),QL062+QL076,0.65
FIN.065,LEGAL.026,linked_through,FIN.065 → LEGAL.024 → LEGAL.026 (linked by QL062 + QL076),QL062+QL076,0.65
FIN.065,LEGAL.019,linked_through,FIN.065 → LEGAL.024 → LEGAL.019 (linked by QL062 + QL076),QL062+QL076,0.65
FIN.065,LEGAL.020,linked_through,FIN.065 → LEGAL.024 → LEGAL.020 (linked by QL062 + QL076),QL062+QL076,0.65
FIN.065,LEGAL.025,linked_through,FIN.065 → LEGAL.024 → LEGAL.025 (linked by QL062 + QL076),QL062+QL076,0.65
FIN.066,FIN.066,linked_through,FIN.066 → LEGAL.024 → FIN.066 (linked by QL062 + QF062),QL062+QF062,0.65
FIN.066,FIN.065,linked_through,FIN.066 → LEGAL.024 → FIN.065 (linked by QL062 + QF062),QL062+QF062,0.65
LEGAL.020,FIN.066,linked_through,LEGAL.020 → LEGAL.024 → FIN.066 (linked by QL062 + QF062),QL062+QF062,0.65
LEGAL.020,FIN.065,linked_through,LEGAL.020 → LEGAL.024 → FIN.065 (linked by QL062 + QF062),QL062+QF062,0.65
FIN.065,FIN.066,linked_through,FIN.065 → LEGAL.024 → FIN.066 (linked by QL062 + QF062),QL062+QF062,0.65
FIN.065,FIN.065,linked_through,FIN.065 → LEGAL.024 → FIN.065 (linked by QL062 + QF062),QL062+QF062,0.65
LEGAL.023,LEGAL.005,linked_through,LEGAL.023 → LEGAL.024 → LEGAL.005 (linked by QL078 + QF078),QL078+QF078,0.65
LEGAL.023,LEGAL.019,linked_through,LEGAL.023 → LEGAL.024 → LEGAL.019 (linked by QL078 + QL076),QL078+QL076,0.65
LEGAL.023,FIN.066,linked_through,LEGAL.023 → LEGAL.024 → FIN.066 (linked by QL078 + QF062),QL078+QF062,0.65
LEGAL.023,FIN.065,linked_through,LEGAL.023 → LEGAL.024 → FIN.065 (linked by QL078 + QF062),QL078+QF062,0.65
LEGAL.019,FIN.066,linked_through,LEGAL.019 → LEGAL.024 → FIN.066 (linked by QL076 + QF062),QL076+QF062,0.65
LEGAL.019,FIN.065,linked_through,LEGAL.019 → LEGAL.024 → FIN.065 (linked by QL076 + QF062),QL076+QF062,0.65
LEGAL.019,LEGAL.026,linked_through,LEGAL.019 → LEGAL.024 → LEGAL.026 (linked by QL076 + QF076),QL076+QF076,0.65
LEGAL.019,LEGAL.025,linked_through,LEGAL.019 → LEGAL.024 → LEGAL.025 (linked by QL076 + QF076),QL076+QF076,0.65
LEGAL.019,LEGAL.005,linked_through,LEGAL.019 → LEGAL.024 → LEGAL.005 (linked by QL076 + QL045),QL076+QL045,0.65
TECH.025,LEGAL.005,linked_through,TECH.025 → LEGAL.025 → LEGAL.005 (linked by QL052 + QF045),QL052+QF045,0.65
TECH.025,LEGAL.024,linked_through,TECH.025 → LEGAL.025 → LEGAL.024 (linked by QL052 + QF045),QL052+QF045,0.65
TECH.025,LEGAL.026,linked_through,TECH.025 → LEGAL.025 → LEGAL.026 (linked by QL052 + QF045),QL052+QF045,0.65
TECH.023,LEGAL.005,linked_through,TECH.023 → LEGAL.025 → LEGAL.005 (linked by QL052 + QF045),QL052+QF045,0.65
TECH.023,LEGAL.024,linked_through,TECH.023 → LEGAL.025 → LEGAL.024 (linked by QL052 + QF045),QL052+QF045,0.65
TECH.023,LEGAL.026,linked_through,TECH.023 → LEGAL.025 → LEGAL.026 (linked by QL052 + QF045),QL052+QF045,0.65
TECH.025,TECH.025,linked_through,TECH.025 → LEGAL.025 → TECH.025 (linked by QL052 + QF052),QL052+QF052,0.65
TECH.025,TECH.023,linked_through,TECH.025 → LEGAL.025 → TECH.023 (linked by QL052 + QF052),QL052+QF052,0.65
TECH.023,TECH.025,linked_through,TECH.023 → LEGAL.025 → TECH.025 (linked by QL052 + QF052),QL052+QF052,0.65
LEGAL.026,TECH.025,linked_through,LEGAL.026 → LEGAL.025 → TECH.025 (linked by QL052 + QF052),QL052+QF052,0.65
LEGAL.026,TECH.023,linked_through,LEGAL.026 → LEGAL.025 → TECH.023 (linked by QL052 + QF052),QL052+QF052,0.65
TECH.025,LEGAL.019,linked_through,TECH.025 → LEGAL.025 → LEGAL.019 (linked by QL052 + QL076),QL052+QL076,0.65
TECH.025,LEGAL.020,linked_through,TECH.025 → LEGAL.025 → LEGAL.020 (linked by QL052 + QL076),QL052+QL076,0.65
TECH.023,LEGAL.020,linked_through,TECH.023 → LEGAL.025 → LEGAL.020 (linked by QL052 + QL076),QL052+QL076,0.65
LEGAL.005,TECH.025,linked_through,LEGAL.005 → LEGAL.025 → TECH.025 (linked by QF045 + QF052),QF045+QF052,0.65
LEGAL.005,TECH.023,linked_through,LEGAL.005 → LEGAL.025 → TECH.023 (linked by QF045 + QF052),QF045+QF052,0.65
LEGAL.024,TECH.025,linked_through,LEGAL.024 → LEGAL.025 → TECH.025 (linked by QF045 + QF052),QF045+QF052,0.65
LEGAL.024,TECH.023,linked_through,LEGAL.024 → LEGAL.025 → TECH.023 (linked by QF045 + QF052),QF045+QF052,0.65
LEGAL.005,LEGAL.024,linked_through,LEGAL.005 → LEGAL.025 → LEGAL.024 (linked by QF045 + QL076),QF045+QL076,0.65
LEGAL.024,LEGAL.019,linked_through,LEGAL.024 → LEGAL.025 → LEGAL.019 (linked by QF045 + QL076),QF045+QL076,0.65
LEGAL.024,LEGAL.005,linked_through,LEGAL.024 → LEGAL.025 → LEGAL.005 (linked by QF045 + QL045),QF045+QL045,0.65
LEGAL.019,LEGAL.024,linked_through,LEGAL.019 → LEGAL.025 → LEGAL.024 (linked by QL076 + QF076),QL076+QF076,0.65
TECH.025,LEGAL.025,linked_through,TECH.025 → LEGAL.026 → LEGAL.025 (linked by QL052 + QF045),QL052+QF045,0.65
TECH.023,LEGAL.025,linked_through,TECH.023 → LEGAL.026 → LEGAL.025 (linked by QL052 + QF045),QL052+QF045,0.65
LEGAL.025,TECH.025,linked_through,LEGAL.025 → LEGAL.026 → TECH.025 (linked by QL052 + QF052),QL052+QF052,0.65
LEGAL.025,TECH.023,linked_through,LEGAL.025 → LEGAL.026 → TECH.023 (linked by QL052 + QF052),QL052+QF052,0.65
LEGAL.011,ESG.018,linked_through,LEGAL.011 → ESG.014 → ESG.018 (linked by QF051 + QL051),QF051+QL051,0.65
ESG.018,LEGAL.011,linked_through,ESG.018 → ESG.014 → LEGAL.011 (linked by QF051 + QL051),QF051+QL051,0.65
LEGAL.012,LEGAL.015,linked_through,LEGAL.012 → ESG.014 → LEGAL.015 (linked by QF051 + QF050),QF051+QF050,0.65
LEGAL.033,TECH.025,linked_through,LEGAL.033 → TECH.023 → TECH.025 (linked by QL084 + QL052),QL084+QL052,0.65
LEGAL.033,LEGAL.025,linked_through,LEGAL.033 → TECH.023 → LEGAL.025 (linked by QL084 + QL052),QL084+QL052,0.65
LEGAL.033,LEGAL.026,linked_through,LEGAL.033 → TECH.023 → LEGAL.026 (linked by QL084 + QL052),QL084+QL052,0.65
LEGAL.031,TECH.025,linked_through,LEGAL.031 → TECH.023 → TECH.025 (linked by QL084 + QL052),QL084+QL052,0.65
LEGAL.031,LEGAL.025,linked_through,LEGAL.031 → TECH.023 → LEGAL.025 (linked by QL084 + QL052),QL084+QL052,0.65
LEGAL.031,LEGAL.026,linked_through,LEGAL.031 → TECH.023 → LEGAL.026 (linked by QL084 + QL052),QL084+QL052,0.65
TECH.025,LEGAL.033,linked_through,TECH.025 → TECH.023 → LEGAL.033 (linked by QL052 + QF084),QL052+QF084,0.65
TECH.025,LEGAL.031,linked_through,TECH.025 → TECH.023 → LEGAL.031 (linked by QL052 + QF084),QL052+QF084,0.65
LEGAL.025,LEGAL.033,linked_through,LEGAL.025 → TECH.023 → LEGAL.033 (linked by QL052 + QF084),QL052+QF084,0.65
LEGAL.025,LEGAL.031,linked_through,LEGAL.025 → TECH.023 → LEGAL.031 (linked by QL052 + QF084),QL052+QF084,0.65
LEGAL.026,LEGAL.033,linked_through,LEGAL.026 → TECH.023 → LEGAL.033 (linked by QL052 + QF084),QL052+QF084,0.65
LEGAL.026,LEGAL.031,linked_through,LEGAL.026 → TECH.023 → LEGAL.031 (linked by QL052 + QF084),QL052+QF084,0.65
TECH.022,TECH.022,linked_through,TECH.022 → TECH.001 → TECH.022 (linked by QL053 + QF053),QL053+QF053,0.65
TECH.022,TECH.021,linked_through,TECH.022 → TECH.001 → TECH.021 (linked by QL053 + QF053),QL053+QF053,0.65
TECH.022,TECH.010,linked_through,TECH.022 → TECH.001 → TECH.010 (linked by QL053 + QF053),QL053+QF053,0.65
TECH.021,TECH.022,linked_through,TECH.021 → TECH.001 → TECH.022 (linked by QL053 + QF053),QL053+QF053,0.65
TECH.021,TECH.021,linked_through,TECH.021 → TECH.001 → TECH.021 (linked by QL053 + QF053),QL053+QF053,0.65
TECH.021,TECH.010,linked_through,TECH.021 → TECH.001 → TECH.010 (linked by QL053 + QF053),QL053+QF053,0.65
TECH.010,TECH.022,linked_through,TECH.010 → TECH.001 → TECH.022 (linked by QL053 + QF053),QL053+QF053,0.65
TECH.010,TECH.021,linked_through,TECH.010 → TECH.001 → TECH.021 (linked by QL053 + QF053),QL053+QF053,0.65
TECH.010,TECH.010,linked_through,TECH.010 → TECH.001 → TECH.010 (linked by QL053 + QF053),QL053+QF053,0.65
TECH.001,TECH.001,linked_through,TECH.001 → TECH.010 → TECH.001 (linked by QL053 + QF053),QL053+QF053,0.65
TECH.001,TECH.022,linked_through,TECH.001 → TECH.010 → TECH.022 (linked by QL053 + QF053),QL053+QF053,0.65
TECH.001,TECH.021,linked_through,TECH.001 → TECH.010 → TECH.021 (linked by QL053 + QF053),QL053+QF053,0.65
TECH.022,TECH.001,linked_through,TECH.022 → TECH.010 → TECH.001 (linked by QL053 + QF053),QL053+QF053,0.65
TECH.021,TECH.001,linked_through,TECH.021 → TECH.010 → TECH.001 (linked by QL053 + QF053),QL053+QF053,0.65
TECH.028,TECH.001,linked_through,TECH.028 → TECH.021 → TECH.001 (linked by QF055 + QF053),QF055+QF053,0.65
TECH.028,TECH.022,linked_through,TECH.028 → TECH.021 → TECH.022 (linked by QF055 + QF053),QF055+QF053,0.65
TECH.028,TECH.010,linked_through,TECH.028 → TECH.021 → TECH.010 (linked by QF055 + QF053),QF055+QF053,0.65
TECH.031,TECH.001,linked_through,TECH.031 → TECH.021 → TECH.001 (linked by QF055 + QF053),QF055+QF053,0.65
TECH.031,TECH.022,linked_through,TECH.031 → TECH.021 → TECH.022 (linked by QF055 + QF053),QF055+QF053,0.65
TECH.031,TECH.010,linked_through,TECH.031 → TECH.021 → TECH.010 (linked by QF055 + QF053),QF055+QF053,0.65
TECH.028,TECH.027,linked_through,TECH.028 → TECH.021 → TECH.027 (linked by QF055 + QF054),QF055+QF054,0.65
TECH.028,TECH.032,linked_through,TECH.028 → TECH.021 → TECH.032 (linked by QF055 + QF054),QF055+QF054,0.65
TECH.031,TECH.027,linked_through,TECH.031 → TECH.021 → TECH.027 (linked by QF055 + QF054),QF055+QF054,0.65
TECH.031,TECH.032,linked_through,TECH.031 → TECH.021 → TECH.032 (linked by QF055 + QF054),QF055+QF054,0.65
TECH.028,TECH.028,linked_through,TECH.028 → TECH.021 → TECH.028 (linked by QF055 + QL055),QF055+QL055,0.65
TECH.028,TECH.031,linked_through,TECH.028 → TECH.021 → TECH.031 (linked by QF055 + QL055),QF055+QL055,0.65
TECH.031,TECH.028,linked_through,TECH.031 → TECH.021 → TECH.028 (linked by QF055 + QL055),QF055+QL055,0.65
TECH.031,TECH.031,linked_through,TECH.031 → TECH.021 → TECH.031 (linked by QF055 + QL055),QF055+QL055,0.65
TECH.001,TECH.027,linked_through,TECH.001 → TECH.021 → TECH.027 (linked by QF053 + QF054),QF053+QF054,0.65
TECH.001,TECH.032,linked_through,TECH.001 → TECH.021 → TECH.032 (linked by QF053 + QF054),QF053+QF054,0.65
TECH.022,TECH.027,linked_through,TECH.022 → TECH.021 → TECH.027 (linked by QF053 + QF054),QF053+QF054,0.65
TECH.022,TECH.032,linked_through,TECH.022 → TECH.021 → TECH.032 (linked by QF053 + QF054),QF053+QF054,0.65
TECH.010,TECH.027,linked_through,TECH.010 → TECH.021 → TECH.027 (linked by QF053 + QF054),QF053+QF054,0.65
TECH.010,TECH.032,linked_through,TECH.010 → TECH.021 → TECH.032 (linked by QF053 + QF054),QF053+QF054,0.65
TECH.001,TECH.010,linked_through,TECH.001 → TECH.021 → TECH.010 (linked by QF053 + QL053),QF053+QL053,0.65
TECH.010,TECH.001,linked_through,TECH.010 → TECH.021 → TECH.001 (linked by QF053 + QL053),QF053+QL053,0.65
TECH.001,TECH.028,linked_through,TECH.001 → TECH.021 → TECH.028 (linked by QF053 + QL055),QF053+QL055,0.65
TECH.001,TECH.031,linked_through,TECH.001 → TECH.021 → TECH.031 (linked by QF053 + QL055),QF053+QL055,0.65
TECH.022,TECH.028,linked_through,TECH.022 → TECH.021 → TECH.028 (linked by QF053 + QL055),QF053+QL055,0.65
TECH.022,TECH.031,linked_through,TECH.022 → TECH.021 → TECH.031 (linked by QF053 + QL055),QF053+QL055,0.65
TECH.010,TECH.028,linked_through,TECH.010 → TECH.021 → TECH.028 (linked by QF053 + QL055),QF053+QL055,0.65
TECH.010,TECH.031,linked_through,TECH.010 → TECH.021 → TECH.031 (linked by QF053 + QL055),QF053+QL055,0.65
TECH.027,TECH.001,linked_through,TECH.027 → TECH.021 → TECH.001 (linked by QF054 + QL053),QF054+QL053,0.65
TECH.027,TECH.022,linked_through,TECH.027 → TECH.021 → TECH.022 (linked by QF054 + QL053),QF054+QL053,0.65
TECH.027,TECH.010,linked_through,TECH.027 → TECH.021 → TECH.010 (linked by QF054 + QL053),QF054+QL053,0.65
TECH.032,TECH.001,linked_through,TECH.032 → TECH.021 → TECH.001 (linked by QF054 + QL053),QF054+QL053,0.65
TECH.032,TECH.022,linked_through,TECH.032 → TECH.021 → TECH.022 (linked by QF054 + QL053),QF054+QL053,0.65
TECH.032,TECH.010,linked_through,TECH.032 → TECH.021 → TECH.010 (linked by QF054 + QL053),QF054+QL053,0.65
TECH.027,TECH.027,linked_through,TECH.027 → TECH.021 → TECH.027 (linked by QF054 + QL054),QF054+QL054,0.65
TECH.027,TECH.032,linked_through,TECH.027 → TECH.021 → TECH.032 (linked by QF054 + QL054),QF054+QL054,0.65
TECH.032,TECH.027,linked_through,TECH.032 → TECH.021 → TECH.027 (linked by QF054 + QL054),QF054+QL054,0.65
TECH.032,TECH.032,linked_through,TECH.032 → TECH.021 → TECH.032 (linked by QF054 + QL054),QF054+QL054,0.65
TECH.027,TECH.028,linked_through,TECH.027 → TECH.021 → TECH.028 (linked by QF054 + QL055),QF054+QL055,0.65
TECH.027,TECH.031,linked_through,TECH.027 → TECH.021 → TECH.031 (linked by QF054 + QL055),QF054+QL055,0.65
TECH.032,TECH.028,linked_through,TECH.032 → TECH.021 → TECH.028 (linked by QF054 + QL055),QF054+QL055,0.65
TECH.032,TECH.031,linked_through,TECH.032 → TECH.021 → TECH.031 (linked by QF054 + QL055),QF054+QL055,0.65
TECH.027,TECH.021,linked_through,TECH.027 → TECH.022 → TECH.021 (linked by QF054 + QL054),QF054+QL054,0.65
TECH.032,TECH.021,linked_through,TECH.032 → TECH.022 → TECH.021 (linked by QF054 + QL054),QF054+QL054,0.65
TECH.021,TECH.027,linked_through,TECH.021 → TECH.022 → TECH.027 (linked by QF054 + QL054),QF054+QL054,0.65
TECH.021,TECH.032,linked_through,TECH.021 → TECH.022 → TECH.032 (linked by QF054 + QL054),QF054+QL054,0.65
TECH.028,TECH.033,linked_through,TECH.028 → TECH.031 → TECH.033 (linked by QF055 + QL057),QF055+QL057,0.65
TECH.021,TECH.028,linked_through,TECH.021 → TECH.031 → TECH.028 (linked by QF055 + QL057),QF055+QL057,0.65
TECH.021,TECH.033,linked_through,TECH.021 → TECH.031 → TECH.033 (linked by QF055 + QL057),QF055+QL057,0.65
TECH.028,TECH.021,linked_through,TECH.028 → TECH.031 → TECH.021 (linked by QF055 + QL055),QF055+QL055,0.65
TECH.033,TECH.028,linked_through,TECH.033 → TECH.031 → TECH.028 (linked by QL057 + QF057),QL057+QF057,0.65
TECH.033,TECH.033,linked_through,TECH.033 → TECH.031 → TECH.033 (linked by QL057 + QF057),QL057+QF057,0.65
TECH.033,TECH.021,linked_through,TECH.033 → TECH.031 → TECH.021 (linked by QL057 + QL055),QL057+QL055,0.65
TECH.031,TECH.033,linked_through,TECH.031 → TECH.028 → TECH.033 (linked by QF055 + QL057),QF055+QL057,0.65
TECH.021,TECH.031,linked_through,TECH.021 → TECH.028 → TECH.031 (linked by QF055 + QL057),QF055+QL057,0.65
TECH.031,TECH.021,linked_through,TECH.031 → TECH.028 → TECH.021 (linked by QF055 + QL055),QF055+QL055,0.65
TECH.033,TECH.031,linked_through,TECH.033 → TECH.028 → TECH.031 (linked by QL057 + QF057),QL057+QF057,0.65
LEGAL.029,LEGAL.029,linked_through,LEGAL.029 → TECH.024 → LEGAL.029 (linked by QL056 + QF056),QL056+QF056,0.65
TECH.024,TECH.024,linked_through,TECH.024 → LEGAL.029 → TECH.024 (linked by QL056 + QF056),QL056+QF056,0.65
SUPP.027,LEGAL.021,linked_through,SUPP.027 → SUPP.006 → LEGAL.021 (linked by QL058 + QF059),QL058+QF059,0.65
SUPP.027,LEGAL.022,linked_through,SUPP.027 → SUPP.006 → LEGAL.022 (linked by QL058 + QF059),QL058+QF059,0.65
SUPP.027,SUPP.026,linked_through,SUPP.027 → SUPP.006 → SUPP.026 (linked by QL058 + QF059),QL058+QF059,0.65
SUPP.019,LEGAL.021,linked_through,SUPP.019 → SUPP.006 → LEGAL.021 (linked by QL058 + QF059),QL058+QF059,0.65
SUPP.019,LEGAL.022,linked_through,SUPP.019 → SUPP.006 → LEGAL.022 (linked by QL058 + QF059),QL058+QF059,0.65
SUPP.019,SUPP.026,linked_through,SUPP.019 → SUPP.006 → SUPP.026 (linked by QL058 + QF059),QL058+QF059,0.65
SUPP.007,LEGAL.021,linked_through,SUPP.007 → SUPP.006 → LEGAL.021 (linked by QL058 + QF059),QL058+QF059,0.65
SUPP.007,LEGAL.022,linked_through,SUPP.007 → SUPP.006 → LEGAL.022 (linked by QL058 + QF059),QL058+QF059,0.65
SUPP.007,SUPP.026,linked_through,SUPP.007 → SUPP.006 → SUPP.026 (linked by QL058 + QF059),QL058+QF059,0.65
SUPP.010,LEGAL.021,linked_through,SUPP.010 → SUPP.006 → LEGAL.021 (linked by QL058 + QF059),QL058+QF059,0.65
SUPP.010,LEGAL.022,linked_through,SUPP.010 → SUPP.006 → LEGAL.022 (linked by QL058 + QF059),QL058+QF059,0.65
SUPP.010,SUPP.019,linked_through,SUPP.010 → SUPP.006 → SUPP.019 (linked by QL058 + QF059),QL058+QF059,0.65
SUPP.010,SUPP.026,linked_through,SUPP.010 → SUPP.006 → SUPP.026 (linked by QL058 + QF059),QL058+QF059,0.65
SUPP.027,SUPP.010,linked_through,SUPP.027 → SUPP.006 → SUPP.010 (linked by QL058 + QF058),QL058+QF058,0.65
SUPP.019,SUPP.010,linked_through,SUPP.019 → SUPP.006 → SUPP.010 (linked by QL058 + QF058),QL058+QF058,0.65
SUPP.007,SUPP.010,linked_through,SUPP.007 → SUPP.006 → SUPP.010 (linked by QL058 + QF058),QL058+QF058,0.65
SUPP.010,SUPP.027,linked_through,SUPP.010 → SUPP.006 → SUPP.027 (linked by QL058 + QF058),QL058+QF058,0.65
SUPP.010,SUPP.007,linked_through,SUPP.010 → SUPP.006 → SUPP.007 (linked by QL058 + QF058),QL058+QF058,0.65
LEGAL.021,LEGAL.021,linked_through,LEGAL.021 → SUPP.006 → LEGAL.021 (linked by QF059 + QL059),QF059+QL059,0.65
LEGAL.021,LEGAL.022,linked_through,LEGAL.021 → SUPP.006 → LEGAL.022 (linked by QF059 + QL059),QF059+QL059,0.65
LEGAL.021,SUPP.019,linked_through,LEGAL.021 → SUPP.006 → SUPP.019 (linked by QF059 + QL059),QF059+QL059,0.65
LEGAL.021,SUPP.026,linked_through,LEGAL.021 → SUPP.006 → SUPP.026 (linked by QF059 + QL059),QF059+QL059,0.65
LEGAL.022,LEGAL.021,linked_through,LEGAL.022 → SUPP.006 → LEGAL.021 (linked by QF059 + QL059),QF059+QL059,0.65
LEGAL.022,LEGAL.022,linked_through,LEGAL.022 → SUPP.006 → LEGAL.022 (linked by QF059 + QL059),QF059+QL059,0.65
LEGAL.022,SUPP.019,linked_through,LEGAL.022 → SUPP.006 → SUPP.019 (linked by QF059 + QL059),QF059+QL059,0.65
LEGAL.022,SUPP.026,linked_through,LEGAL.022 → SUPP.006 → SUPP.026 (linked by QF059 + QL059),QF059+QL059,0.65
SUPP.026,LEGAL.021,linked_through,SUPP.026 → SUPP.006 → LEGAL.021 (linked by QF059 + QL059),QF059+QL059,0.65
SUPP.026,LEGAL.022,linked_through,SUPP.026 → SUPP.006 → LEGAL.022 (linked by QF059 + QL059),QF059+QL059,0.65
SUPP.026,SUPP.019,linked_through,SUPP.026 → SUPP.006 → SUPP.019 (linked by QF059 + QL059),QF059+QL059,0.65
SUPP.026,SUPP.026,linked_through,SUPP.026 → SUPP.006 → SUPP.026 (linked by QF059 + QL059),QF059+QL059,0.65
LEGAL.021,SUPP.027,linked_through,LEGAL.021 → SUPP.006 → SUPP.027 (linked by QF059 + QF058),QF059+QF058,0.65
LEGAL.021,SUPP.007,linked_through,LEGAL.021 → SUPP.006 → SUPP.007 (linked by QF059 + QF058),QF059+QF058,0.65
LEGAL.021,SUPP.010,linked_through,LEGAL.021 → SUPP.006 → SUPP.010 (linked by QF059 + QF058),QF059+QF058,0.65
LEGAL.022,SUPP.027,linked_through,LEGAL.022 → SUPP.006 → SUPP.027 (linked by QF059 + QF058),QF059+QF058,0.65
LEGAL.022,SUPP.007,linked_through,LEGAL.022 → SUPP.006 → SUPP.007 (linked by QF059 + QF058),QF059+QF058,0.65
LEGAL.022,SUPP.010,linked_through,LEGAL.022 → SUPP.006 → SUPP.010 (linked by QF059 + QF058),QF059+QF058,0.65
SUPP.026,SUPP.027,linked_through,SUPP.026 → SUPP.006 → SUPP.027 (linked by QF059 + QF058),QF059+QF058,0.65
SUPP.026,SUPP.007,linked_through,SUPP.026 → SUPP.006 → SUPP.007 (linked by QF059 + QF058),QF059+QF058,0.65
SUPP.026,SUPP.010,linked_through,SUPP.026 → SUPP.006 → SUPP.010 (linked by QF059 + QF058),QF059+QF058,0.65
SUPP.006,SUPP.010,linked_through,SUPP.006 → SUPP.007 → SUPP.010 (linked by QL058 + QF058),QL058+QF058,0.65
SUPP.010,SUPP.006,linked_through,SUPP.010 → SUPP.007 → SUPP.006 (linked by QL058 + QF058),QL058+QF058,0.65
SUPP.006,LEGAL.021,linked_through,SUPP.006 → SUPP.019 → LEGAL.021 (linked by QL058 + QF059),QL058+QF059,0.65
SUPP.006,LEGAL.022,linked_through,SUPP.006 → SUPP.019 → LEGAL.022 (linked by QL058 + QF059),QL058+QF059,0.65
SUPP.006,SUPP.026,linked_through,SUPP.006 → SUPP.019 → SUPP.026 (linked by QL058 + QF059),QL058+QF059,0.65
LEGAL.021,SUPP.006,linked_through,LEGAL.021 → SUPP.019 → SUPP.006 (linked by QF059 + QL059),QF059+QL059,0.65
LEGAL.022,SUPP.006,linked_through,LEGAL.022 → SUPP.019 → SUPP.006 (linked by QF059 + QL059),QF059+QL059,0.65
SUPP.026,SUPP.006,linked_through,SUPP.026 → SUPP.019 → SUPP.006 (linked by QF059 + QL059),QF059+QL059,0.65
SUPP.030,SUPP.006,linked_through,SUPP.030 → SUPP.027 → SUPP.006 (linked by QF060 + QL058),QF060+QL058,0.65
SUPP.030,SUPP.019,linked_through,SUPP.030 → SUPP.027 → SUPP.019 (linked by QF060 + QL058),QF060+QL058,0.65
SUPP.030,SUPP.007,linked_through,SUPP.030 → SUPP.027 → SUPP.007 (linked by QF060 + QL058),QF060+QL058,0.65
SUPP.030,SUPP.010,linked_through,SUPP.030 → SUPP.027 → SUPP.010 (linked by QF060 + QL058),QF060+QL058,0.65
SUPP.021,SUPP.006,linked_through,SUPP.021 → SUPP.027 → SUPP.006 (linked by QF060 + QL058),QF060+QL058,0.65
SUPP.021,SUPP.019,linked_through,SUPP.021 → SUPP.027 → SUPP.019 (linked by QF060 + QL058),QF060+QL058,0.65
SUPP.021,SUPP.007,linked_through,SUPP.021 → SUPP.027 → SUPP.007 (linked by QF060 + QL058),QF060+QL058,0.65
SUPP.021,SUPP.010,linked_through,SUPP.021 → SUPP.027 → SUPP.010 (linked by QF060 + QL058),QF060+QL058,0.65
SUPP.030,SUPP.030,linked_through,SUPP.030 → SUPP.027 → SUPP.030 (linked by QF060 + QL060),QF060+QL060,0.65
SUPP.030,SUPP.021,linked_through,SUPP.030 → SUPP.027 → SUPP.021 (linked by QF060 + QL060),QF060+QL060,0.65
SUPP.021,SUPP.030,linked_through,SUPP.021 → SUPP.027 → SUPP.030 (linked by QF060 + QL060),QF060+QL060,0.65
SUPP.021,SUPP.021,linked_through,SUPP.021 → SUPP.027 → SUPP.021 (linked by QF060 + QL060),QF060+QL060,0.65
SUPP.006,SUPP.030,linked_through,SUPP.006 → SUPP.027 → SUPP.030 (linked by QL058 + QL060),QL058+QL060,0.65
SUPP.006,SUPP.021,linked_through,SUPP.006 → SUPP.027 → SUPP.021 (linked by QL058 + QL060),QL058+QL060,0.65
SUPP.019,SUPP.030,linked_through,SUPP.019 → SUPP.027 → SUPP.030 (linked by QL058 + QL060),QL058+QL060,0.65
SUPP.019,SUPP.021,linked_through,SUPP.019 → SUPP.027 → SUPP.021 (linked by QL058 + QL060),QL058+QL060,0.65
SUPP.007,SUPP.030,linked_through,SUPP.007 → SUPP.027 → SUPP.030 (linked by QL058 + QL060),QL058+QL060,0.65
SUPP.007,SUPP.021,linked_through,SUPP.007 → SUPP.027 → SUPP.021 (linked by QL058 + QL060),QL058+QL060,0.65
SUPP.010,SUPP.030,linked_through,SUPP.010 → SUPP.027 → SUPP.030 (linked by QL058 + QL060),QL058+QL060,0.65
SUPP.010,SUPP.021,linked_through,SUPP.010 → SUPP.027 → SUPP.021 (linked by QL058 + QL060),QL058+QL060,0.65
SUPP.030,SUPP.027,linked_through,SUPP.030 → SUPP.021 → SUPP.027 (linked by QF060 + QL060),QF060+QL060,0.65
SUPP.027,SUPP.030,linked_through,SUPP.027 → SUPP.021 → SUPP.030 (linked by QF060 + QL060),QF060+QL060,0.65
SUPP.027,SUPP.021,linked_through,SUPP.027 → SUPP.030 → SUPP.021 (linked by QF060 + QL060),QF060+QL060,0.65
SUPP.021,SUPP.027,linked_through,SUPP.021 → SUPP.030 → SUPP.027 (linked by QF060 + QL060),QF060+QL060,0.65
LEGAL.005,LEGAL.017,linked_through,LEGAL.005 → LEGAL.018 → LEGAL.017 (linked by QF077 + QF061),QF077+QF061,0.65
LEGAL.005,LEGAL.016,linked_through,LEGAL.005 → LEGAL.018 → LEGAL.016 (linked by QF077 + QF061),QF077+QF061,0.65
LEGAL.005,LEGAL.030,linked_through,LEGAL.005 → LEGAL.018 → LEGAL.030 (linked by QF077 + QL077),QF077+QL077,0.65
LEGAL.030,LEGAL.005,linked_through,LEGAL.030 → LEGAL.018 → LEGAL.005 (linked by QF077 + QL077),QF077+QL077,0.65
LEGAL.017,LEGAL.005,linked_through,LEGAL.017 → LEGAL.018 → LEGAL.005 (linked by QF061 + QL077),QF061+QL077,0.65
LEGAL.016,LEGAL.005,linked_through,LEGAL.016 → LEGAL.018 → LEGAL.005 (linked by QF061 + QL077),QF061+QL077,0.65
LEGAL.016,LEGAL.026,linked_through,LEGAL.016 → LEGAL.019 → LEGAL.026 (linked by QF066 + QF076),QF066+QF076,0.65
LEGAL.016,LEGAL.024,linked_through,LEGAL.016 → LEGAL.019 → LEGAL.024 (linked by QF066 + QF076),QF066+QF076,0.65
LEGAL.016,LEGAL.025,linked_through,LEGAL.016 → LEGAL.019 → LEGAL.025 (linked by QF066 + QF076),QF066+QF076,0.65
LEGAL.031,LEGAL.024,linked_through,LEGAL.031 → LEGAL.019 → LEGAL.024 (linked by QF066 + QF076),QF066+QF076,0.65
LEGAL.031,LEGAL.016,linked_through,LEGAL.031 → LEGAL.019 → LEGAL.016 (linked by QF066 + QL061),QF066+QL061,0.65
LEGAL.026,LEGAL.015,linked_through,LEGAL.026 → LEGAL.019 → LEGAL.015 (linked by QF076 + QF083),QF076+QF083,0.65
LEGAL.024,LEGAL.033,linked_through,LEGAL.024 → LEGAL.019 → LEGAL.033 (linked by QF076 + QF083),QF076+QF083,0.65
LEGAL.024,LEGAL.015,linked_through,LEGAL.024 → LEGAL.019 → LEGAL.015 (linked by QF076 + QF083),QF076+QF083,0.65
LEGAL.020,LEGAL.015,linked_through,LEGAL.020 → LEGAL.019 → LEGAL.015 (linked by QF076 + QF083),QF076+QF083,0.65
LEGAL.025,LEGAL.015,linked_through,LEGAL.025 → LEGAL.019 → LEGAL.015 (linked by QF076 + QF083),QF076+QF083,0.65
LEGAL.026,LEGAL.017,linked_through,LEGAL.026 → LEGAL.019 → LEGAL.017 (linked by QF076 + QL061),QF076+QL061,0.65
LEGAL.026,LEGAL.016,linked_through,LEGAL.026 → LEGAL.019 → LEGAL.016 (linked by QF076 + QL061),QF076+QL061,0.65
LEGAL.026,CORP.044,linked_through,LEGAL.026 → LEGAL.019 → CORP.044 (linked by QF076 + QL061),QF076+QL061,0.65
LEGAL.024,LEGAL.017,linked_through,LEGAL.024 → LEGAL.019 → LEGAL.017 (linked by QF076 + QL061),QF076+QL061,0.65
LEGAL.024,LEGAL.016,linked_through,LEGAL.024 → LEGAL.019 → LEGAL.016 (linked by QF076 + QL061),QF076+QL061,0.65
LEGAL.024,CORP.044,linked_through,LEGAL.024 → LEGAL.019 → CORP.044 (linked by QF076 + QL061),QF076+QL061,0.65
LEGAL.025,LEGAL.017,linked_through,LEGAL.025 → LEGAL.019 → LEGAL.017 (linked by QF076 + QL061),QF076+QL061,0.65
LEGAL.025,LEGAL.016,linked_through,LEGAL.025 → LEGAL.019 → LEGAL.016 (linked by QF076 + QL061),QF076+QL061,0.65
LEGAL.025,CORP.044,linked_through,LEGAL.025 → LEGAL.019 → CORP.044 (linked by QF076 + QL061),QF076+QL061,0.65
LEGAL.024,LEGAL.031,linked_through,LEGAL.024 → LEGAL.019 → LEGAL.031 (linked by QF076 + QL066),QF076+QL066,0.65
LEGAL.033,LEGAL.024,linked_through,LEGAL.033 → LEGAL.019 → LEGAL.024 (linked by QF083 + QL076),QF083+QL076,0.65
LEGAL.015,LEGAL.026,linked_through,LEGAL.015 → LEGAL.019 → LEGAL.026 (linked by QF083 + QL076),QF083+QL076,0.65
LEGAL.015,LEGAL.024,linked_through,LEGAL.015 → LEGAL.019 → LEGAL.024 (linked by QF083 + QL076),QF083+QL076,0.65
LEGAL.015,LEGAL.025,linked_through,LEGAL.015 → LEGAL.019 → LEGAL.025 (linked by QF083 + QL076),QF083+QL076,0.65
LEGAL.018,LEGAL.015,linked_through,LEGAL.018 → LEGAL.019 → LEGAL.015 (linked by QL061 + QL083),QL061+QL083,0.65
LEGAL.017,LEGAL.015,linked_through,LEGAL.017 → LEGAL.019 → LEGAL.015 (linked by QL061 + QL083),QL061+QL083,0.65
LEGAL.024,FIN.066,linked_through,LEGAL.024 → LEGAL.020 → FIN.066 (linked by QF076 + QL062),QF076+QL062,0.65
LEGAL.024,FIN.065,linked_through,LEGAL.024 → LEGAL.020 → FIN.065 (linked by QF076 + QL062),QF076+QL062,0.65
LEGAL.030,FIN.066,linked_through,LEGAL.030 → LEGAL.020 → FIN.066 (linked by QF077 + QL062),QF077+QL062,0.65
LEGAL.030,FIN.065,linked_through,LEGAL.030 → LEGAL.020 → FIN.065 (linked by QF077 + QL062),QF077+QL062,0.65
LEGAL.018,FIN.066,linked_through,LEGAL.018 → LEGAL.020 → FIN.066 (linked by QF077 + QL062),QF077+QL062,0.65
LEGAL.018,FIN.065,linked_through,LEGAL.018 → LEGAL.020 → FIN.065 (linked by QF077 + QL062),QF077+QL062,0.65
FIN.066,LEGAL.024,linked_through,FIN.066 → LEGAL.020 → LEGAL.024 (linked by QL062 + QL076),QL062+QL076,0.65
FIN.065,LEGAL.024,linked_through,FIN.065 → LEGAL.020 → LEGAL.024 (linked by QL062 + QL076),QL062+QL076,0.65
FIN.066,LEGAL.018,linked_through,FIN.066 → LEGAL.020 → LEGAL.018 (linked by QL062 + QL061),QL062+QL061,0.65
FIN.066,LEGAL.017,linked_through,FIN.066 → LEGAL.020 → LEGAL.017 (linked by QL062 + QL061),QL062+QL061,0.65
FIN.066,LEGAL.016,linked_through,FIN.066 → LEGAL.020 → LEGAL.016 (linked by QL062 + QL061),QL062+QL061,0.65
FIN.066,CORP.044,linked_through,FIN.066 → LEGAL.020 → CORP.044 (linked by QL062 + QL061),QL062+QL061,0.65
FIN.065,LEGAL.018,linked_through,FIN.065 → LEGAL.020 → LEGAL.018 (linked by QL062 + QL061),QL062+QL061,0.65
FIN.065,LEGAL.017,linked_through,FIN.065 → LEGAL.020 → LEGAL.017 (linked by QL062 + QL061),QL062+QL061,0.65
FIN.065,LEGAL.016,linked_through,FIN.065 → LEGAL.020 → LEGAL.016 (linked by QL062 + QL061),QL062+QL061,0.65
FIN.065,CORP.044,linked_through,FIN.065 → LEGAL.020 → CORP.044 (linked by QL062 + QL061),QL062+QL061,0.65
FIN.066,LEGAL.030,linked_through,FIN.066 → LEGAL.020 → LEGAL.030 (linked by QL062 + QL077),QL062+QL077,0.65
FIN.065,LEGAL.030,linked_through,FIN.065 → LEGAL.020 → LEGAL.030 (linked by QL062 + QL077),QL062+QL077,0.65
LEGAL.017,FIN.066,linked_through,LEGAL.017 → LEGAL.020 → FIN.066 (linked by QL061 + QF062),QL061+QF062,0.65
LEGAL.017,FIN.065,linked_through,LEGAL.017 → LEGAL.020 → FIN.065 (linked by QL061 + QF062),QL061+QF062,0.65
LEGAL.017,LEGAL.024,linked_through,LEGAL.017 → LEGAL.020 → LEGAL.024 (linked by QL061 + QF062),QL061+QF062,0.65
LEGAL.016,FIN.066,linked_through,LEGAL.016 → LEGAL.020 → FIN.066 (linked by QL061 + QF062),QL061+QF062,0.65
LEGAL.016,FIN.065,linked_through,LEGAL.016 → LEGAL.020 → FIN.065 (linked by QL061 + QF062),QL061+QF062,0.65
CORP.044,FIN.066,linked_through,CORP.044 → LEGAL.020 → FIN.066 (linked by QL061 + QF062),QL061+QF062,0.65
CORP.044,FIN.065,linked_through,CORP.044 → LEGAL.020 → FIN.065 (linked by QL061 + QF062),QL061+QF062,0.65
CORP.044,LEGAL.024,linked_through,CORP.044 → LEGAL.020 → LEGAL.024 (linked by QL061 + QF062),QL061+QF062,0.65
MGMT.019,MGMT.036,linked_through,MGMT.019 → MGMT.013 → MGMT.036 (linked by QF073 + QL063),QF073+QL063,0.65
MGMT.019,MGMT.037,linked_through,MGMT.019 → MGMT.013 → MGMT.037 (linked by QF073 + QL063),QF073+QL063,0.65
MGMT.024,MGMT.019,linked_through,MGMT.024 → MGMT.013 → MGMT.019 (linked by QF073 + QL063),QF073+QL063,0.65
MGMT.034,MGMT.019,linked_through,MGMT.034 → MGMT.013 → MGMT.019 (linked by QF073 + QL063),QF073+QL063,0.65
MGMT.019,MGMT.024,linked_through,MGMT.019 → MGMT.013 → MGMT.024 (linked by QF073 + QL073),QF073+QL073,0.65
MGMT.019,MGMT.034,linked_through,MGMT.019 → MGMT.013 → MGMT.034 (linked by QF073 + QL073),QF073+QL073,0.65
MGMT.036,MGMT.019,linked_through,MGMT.036 → MGMT.013 → MGMT.019 (linked by QL063 + QL073),QL063+QL073,0.65
MGMT.037,MGMT.019,linked_through,MGMT.037 → MGMT.013 → MGMT.019 (linked by QL063 + QL073),QL063+QL073,0.65
MGMT.019,MGMT.013,linked_through,MGMT.019 → MGMT.036 → MGMT.013 (linked by QL063 + QF063),QL063+QF063,0.65
MGMT.013,MGMT.019,linked_through,MGMT.013 → MGMT.036 → MGMT.019 (linked by QL063 + QF063),QL063+QF063,0.65
LEGAL.033,CORP.042,linked_through,LEGAL.033 → CORP.031 → CORP.042 (linked by QF064 + QL064),QF064+QL064,0.65
CORP.042,LEGAL.033,linked_through,CORP.042 → CORP.031 → LEGAL.033 (linked by QF064 + QL064),QF064+QL064,0.65
LEGAL.033,LEGAL.002,linked_through,LEGAL.033 → CORP.042 → LEGAL.002 (linked by QF064 + QF070),QF064+QF070,0.65
LEGAL.033,LEGAL.006,linked_through,LEGAL.033 → CORP.042 → LEGAL.006 (linked by QF064 + QF070),QF064+QF070,0.65
LEGAL.033,LEGAL.007,linked_through,LEGAL.033 → CORP.042 → LEGAL.007 (linked by QF064 + QF070),QF064+QF070,0.65
LEGAL.033,LEGAL.009,linked_through,LEGAL.033 → CORP.042 → LEGAL.009 (linked by QF064 + QF070),QF064+QF070,0.65
CORP.031,LEGAL.002,linked_through,CORP.031 → CORP.042 → LEGAL.002 (linked by QF064 + QF070),QF064+QF070,0.65
CORP.031,LEGAL.006,linked_through,CORP.031 → CORP.042 → LEGAL.006 (linked by QF064 + QF070),QF064+QF070,0.65
CORP.031,LEGAL.007,linked_through,CORP.031 → CORP.042 → LEGAL.007 (linked by QF064 + QF070),QF064+QF070,0.65
CORP.031,LEGAL.001,linked_through,CORP.031 → CORP.042 → LEGAL.001 (linked by QF064 + QF070),QF064+QF070,0.65
CORP.031,LEGAL.009,linked_through,CORP.031 → CORP.042 → LEGAL.009 (linked by QF064 + QF070),QF064+QF070,0.65
LEGAL.033,CORP.007,linked_through,LEGAL.033 → CORP.042 → CORP.007 (linked by QF064 + QL068),QF064+QL068,0.65
LEGAL.033,CORP.008,linked_through,LEGAL.033 → CORP.042 → CORP.008 (linked by QF064 + QL068),QF064+QL068,0.65
CORP.031,CORP.007,linked_through,CORP.031 → CORP.042 → CORP.007 (linked by QF064 + QL068),QF064+QL068,0.65
CORP.031,CORP.008,linked_through,CORP.031 → CORP.042 → CORP.008 (linked by QF064 + QL068),QF064+QL068,0.65
LEGAL.033,CORP.031,linked_through,LEGAL.033 → CORP.042 → CORP.031 (linked by QF064 + QL064),QF064+QL064,0.65
CORP.031,LEGAL.033,linked_through,CORP.031 → CORP.042 → LEGAL.033 (linked by QF064 + QL064),QF064+QL064,0.65
LEGAL.002,CORP.007,linked_through,LEGAL.002 → CORP.042 → CORP.007 (linked by QF070 + QL068),QF070+QL068,0.65
LEGAL.002,CORP.008,linked_through,LEGAL.002 → CORP.042 → CORP.008 (linked by QF070 + QL068),QF070+QL068,0.65
LEGAL.006,CORP.007,linked_through,LEGAL.006 → CORP.042 → CORP.007 (linked by QF070 + QL068),QF070+QL068,0.65
LEGAL.006,CORP.008,linked_through,LEGAL.006 → CORP.042 → CORP.008 (linked by QF070 + QL068),QF070+QL068,0.65
LEGAL.007,CORP.007,linked_through,LEGAL.007 → CORP.042 → CORP.007 (linked by QF070 + QL068),QF070+QL068,0.65
LEGAL.007,CORP.008,linked_through,LEGAL.007 → CORP.042 → CORP.008 (linked by QF070 + QL068),QF070+QL068,0.65
LEGAL.001,CORP.007,linked_through,LEGAL.001 → CORP.042 → CORP.007 (linked by QF070 + QL068),QF070+QL068,0.65
LEGAL.001,CORP.008,linked_through,LEGAL.001 → CORP.042 → CORP.008 (linked by QF070 + QL068),QF070+QL068,0.65
LEGAL.009,CORP.007,linked_through,LEGAL.009 → CORP.042 → CORP.007 (linked by QF070 + QL068),QF070+QL068,0.65
LEGAL.009,CORP.008,linked_through,LEGAL.009 → CORP.042 → CORP.008 (linked by QF070 + QL068),QF070+QL068,0.65
LEGAL.001,LEGAL.009,linked_through,LEGAL.001 → CORP.042 → LEGAL.009 (linked by QF070 + QL070),QF070+QL070,0.65
LEGAL.009,LEGAL.001,linked_through,LEGAL.009 → CORP.042 → LEGAL.001 (linked by QF070 + QL070),QF070+QL070,0.65
LEGAL.002,LEGAL.033,linked_through,LEGAL.002 → CORP.042 → LEGAL.033 (linked by QF070 + QL064),QF070+QL064,0.65
LEGAL.002,CORP.031,linked_through,LEGAL.002 → CORP.042 → CORP.031 (linked by QF070 + QL064),QF070+QL064,0.65
LEGAL.006,LEGAL.033,linked_through,LEGAL.006 → CORP.042 → LEGAL.033 (linked by QF070 + QL064),QF070+QL064,0.65
LEGAL.006,CORP.031,linked_through,LEGAL.006 → CORP.042 → CORP.031 (linked by QF070 + QL064),QF070+QL064,0.65
LEGAL.007,LEGAL.033,linked_through,LEGAL.007 → CORP.042 → LEGAL.033 (linked by QF070 + QL064),QF070+QL064,0.65
LEGAL.007,CORP.031,linked_through,LEGAL.007 → CORP.042 → CORP.031 (linked by QF070 + QL064),QF070+QL064,0.65
LEGAL.001,CORP.031,linked_through,LEGAL.001 → CORP.042 → CORP.031 (linked by QF070 + QL064),QF070+QL064,0.65
LEGAL.009,LEGAL.033,linked_through,LEGAL.009 → CORP.042 → LEGAL.033 (linked by QF070 + QL064),QF070+QL064,0.65
LEGAL.009,CORP.031,linked_through,LEGAL.009 → CORP.042 → CORP.031 (linked by QF070 + QL064),QF070+QL064,0.65
CORP.007,CORP.007,linked_through,CORP.007 → CORP.042 → CORP.007 (linked by QL068 + QF068),QL068+QF068,0.65
CORP.007,CORP.008,linked_through,CORP.007 → CORP.042 → CORP.008 (linked by QL068 + QF068),QL068+QF068,0.65
CORP.008,CORP.007,linked_through,CORP.008 → CORP.042 → CORP.007 (linked by QL068 + QF068),QL068+QF068,0.65
CORP.008,CORP.008,linked_through,CORP.008 → CORP.042 → CORP.008 (linked by QL068 + QF068),QL068+QF068,0.65
CORP.007,LEGAL.002,linked_through,CORP.007 → CORP.042 → LEGAL.002 (linked by QL068 + QL070),QL068+QL070,0.65
CORP.007,LEGAL.006,linked_through,CORP.007 → CORP.042 → LEGAL.006 (linked by QL068 + QL070),QL068+QL070,0.65
CORP.007,LEGAL.007,linked_through,CORP.007 → CORP.042 → LEGAL.007 (linked by QL068 + QL070),QL068+QL070,0.65
CORP.007,LEGAL.001,linked_through,CORP.007 → CORP.042 → LEGAL.001 (linked by QL068 + QL070),QL068+QL070,0.65
CORP.007,LEGAL.009,linked_through,CORP.007 → CORP.042 → LEGAL.009 (linked by QL068 + QL070),QL068+QL070,0.65
CORP.008,LEGAL.002,linked_through,CORP.008 → CORP.042 → LEGAL.002 (linked by QL068 + QL070),QL068+QL070,0.65
CORP.008,LEGAL.006,linked_through,CORP.008 → CORP.042 → LEGAL.006 (linked by QL068 + QL070),QL068+QL070,0.65
CORP.008,LEGAL.007,linked_through,CORP.008 → CORP.042 → LEGAL.007 (linked by QL068 + QL070),QL068+QL070,0.65
CORP.008,LEGAL.001,linked_through,CORP.008 → CORP.042 → LEGAL.001 (linked by QL068 + QL070),QL068+QL070,0.65
CORP.008,LEGAL.009,linked_through,CORP.008 → CORP.042 → LEGAL.009 (linked by QL068 + QL070),QL068+QL070,0.65
CORP.007,LEGAL.033,linked_through,CORP.007 → CORP.042 → LEGAL.033 (linked by QL068 + QL064),QL068+QL064,0.65
CORP.007,CORP.031,linked_through,CORP.007 → CORP.042 → CORP.031 (linked by QL068 + QL064),QL068+QL064,0.65
CORP.008,LEGAL.033,linked_through,CORP.008 → CORP.042 → LEGAL.033 (linked by QL068 + QL064),QL068+QL064,0.65
CORP.008,CORP.031,linked_through,CORP.008 → CORP.042 → CORP.031 (linked by QL068 + QL064),QL068+QL064,0.65
CORP.042,CORP.008,linked_through,CORP.042 → CORP.007 → CORP.008 (linked by QF068 + QL068),QF068+QL068,0.65
CORP.008,CORP.042,linked_through,CORP.008 → CORP.007 → CORP.042 (linked by QF068 + QL068),QF068+QL068,0.65
CORP.042,CORP.007,linked_through,CORP.042 → CORP.008 → CORP.007 (linked by QF068 + QL068),QF068+QL068,0.65
CORP.007,CORP.042,linked_through,CORP.007 → CORP.008 → CORP.042 (linked by QF068 + QL068),QF068+QL068,0.65
TXN.001,TXN.003,linked_through,TXN.001 → TXN.002 → TXN.003 (linked by QL069 + QF069),QL069+QF069,0.65
LEGAL.033,RISK.010,linked_through,LEGAL.033 → RISK.001 → RISK.010 (linked by QF080 + QL080),QF080+QL080,0.65
LEGAL.033,RISK.008,linked_through,LEGAL.033 → RISK.001 → RISK.008 (linked by QF080 + QL080),QF080+QL080,0.65
LEGAL.033,RISK.003,linked_through,LEGAL.033 → RISK.001 → RISK.003 (linked by QF080 + QL080),QF080+QL080,0.65
RISK.010,LEGAL.033,linked_through,RISK.010 → RISK.001 → LEGAL.033 (linked by QF080 + QL080),QF080+QL080,0.65
RISK.008,LEGAL.033,linked_through,RISK.008 → RISK.001 → LEGAL.033 (linked by QF080 + QL080),QF080+QL080,0.65
RISK.003,LEGAL.033,linked_through,RISK.003 → RISK.001 → LEGAL.033 (linked by QF080 + QL080),QF080+QL080,0.65
LEGAL.033,RISK.001,linked_through,LEGAL.033 → RISK.003 → RISK.001 (linked by QF080 + QL080),QF080+QL080,0.65
RISK.001,LEGAL.033,linked_through,RISK.001 → RISK.003 → LEGAL.033 (linked by QF080 + QL080),QF080+QL080,0.65
FIN.003,CUST.032,linked_through,FIN.003 → FIN.001 → CUST.032 (linked by QF086 + QF097),QF086+QF097,0.65
FIN.003,CUST.041,linked_through,FIN.003 → FIN.001 → CUST.041 (linked by QF086 + QF097),QF086+QF097,0.65
FIN.003,FIN.056,linked_through,FIN.003 → FIN.001 → FIN.056 (linked by QF086 + QF097),QF086+QF097,0.65
FIN.003,CUST.047,linked_through,FIN.003 → FIN.001 → CUST.047 (linked by QF086 + QF097),QF086+QF097,0.65
FIN.002,CUST.032,linked_through,FIN.002 → FIN.001 → CUST.032 (linked by QF086 + QF097),QF086+QF097,0.65
FIN.002,CUST.041,linked_through,FIN.002 → FIN.001 → CUST.041 (linked by QF086 + QF097),QF086+QF097,0.65
FIN.002,FIN.056,linked_through,FIN.002 → FIN.001 → FIN.056 (linked by QF086 + QF097),QF086+QF097,0.65
FIN.002,CUST.047,linked_through,FIN.002 → FIN.001 → CUST.047 (linked by QF086 + QF097),QF086+QF097,0.65
FIN.008,CUST.032,linked_through,FIN.008 → FIN.001 → CUST.032 (linked by QF086 + QF097),QF086+QF097,0.65
FIN.008,CUST.041,linked_through,FIN.008 → FIN.001 → CUST.041 (linked by QF086 + QF097),QF086+QF097,0.65
FIN.008,FIN.056,linked_through,FIN.008 → FIN.001 → FIN.056 (linked by QF086 + QF097),QF086+QF097,0.65
FIN.008,CUST.047,linked_through,FIN.008 → FIN.001 → CUST.047 (linked by QF086 + QF097),QF086+QF097,0.65
FIN.009,CUST.032,linked_through,FIN.009 → FIN.001 → CUST.032 (linked by QF086 + QF097),QF086+QF097,0.65
FIN.009,CUST.041,linked_through,FIN.009 → FIN.001 → CUST.041 (linked by QF086 + QF097),QF086+QF097,0.65
FIN.009,FIN.056,linked_through,FIN.009 → FIN.001 → FIN.056 (linked by QF086 + QF097),QF086+QF097,0.65
FIN.009,CUST.047,linked_through,FIN.009 → FIN.001 → CUST.047 (linked by QF086 + QF097),QF086+QF097,0.65
FIN.003,FIN.055,linked_through,FIN.003 → FIN.001 → FIN.055 (linked by QF086 + QF094),QF086+QF094,0.65
FIN.003,CUST.025,linked_through,FIN.003 → FIN.001 → CUST.025 (linked by QF086 + QF094),QF086+QF094,0.65
FIN.002,FIN.055,linked_through,FIN.002 → FIN.001 → FIN.055 (linked by QF086 + QF094),QF086+QF094,0.65
FIN.002,CUST.025,linked_through,FIN.002 → FIN.001 → CUST.025 (linked by QF086 + QF094),QF086+QF094,0.65
FIN.008,FIN.055,linked_through,FIN.008 → FIN.001 → FIN.055 (linked by QF086 + QF094),QF086+QF094,0.65
FIN.008,CUST.025,linked_through,FIN.008 → FIN.001 → CUST.025 (linked by QF086 + QF094),QF086+QF094,0.65
FIN.009,FIN.055,linked_through,FIN.009 → FIN.001 → FIN.055 (linked by QF086 + QF094),QF086+QF094,0.65
FIN.009,CUST.025,linked_through,FIN.009 → FIN.001 → CUST.025 (linked by QF086 + QF094),QF086+QF094,0.65
FIN.003,FIN.006,linked_through,FIN.003 → FIN.001 → FIN.006 (linked by QF086 + QF095),QF086+QF095,0.65
FIN.003,CUST.019,linked_through,FIN.003 → FIN.001 → CUST.019 (linked by QF086 + QF095),QF086+QF095,0.65
FIN.003,CORP.037,linked_through,FIN.003 → FIN.001 → CORP.037 (linked by QF086 + QF095),QF086+QF095,0.65
FIN.002,FIN.006,linked_through,FIN.002 → FIN.001 → FIN.006 (linked by QF086 + QF095),QF086+QF095,0.65
FIN.002,CUST.019,linked_through,FIN.002 → FIN.001 → CUST.019 (linked by QF086 + QF095),QF086+QF095,0.65
FIN.002,CORP.037,linked_through,FIN.002 → FIN.001 → CORP.037 (linked by QF086 + QF095),QF086+QF095,0.65
FIN.008,FIN.006,linked_through,FIN.008 → FIN.001 → FIN.006 (linked by QF086 + QF095),QF086+QF095,0.65
FIN.008,CUST.019,linked_through,FIN.008 → FIN.001 → CUST.019 (linked by QF086 + QF095),QF086+QF095,0.65
FIN.008,CORP.037,linked_through,FIN.008 → FIN.001 → CORP.037 (linked by QF086 + QF095),QF086+QF095,0.65
FIN.009,FIN.006,linked_through,FIN.009 → FIN.001 → FIN.006 (linked by QF086 + QF095),QF086+QF095,0.65
FIN.009,CUST.019,linked_through,FIN.009 → FIN.001 → CUST.019 (linked by QF086 + QF095),QF086+QF095,0.65
FIN.009,CORP.037,linked_through,FIN.009 → FIN.001 → CORP.037 (linked by QF086 + QF095),QF086+QF095,0.65
CUST.032,FIN.055,linked_through,CUST.032 → FIN.001 → FIN.055 (linked by QF097 + QF094),QF097+QF094,0.65
CUST.032,FIN.056,linked_through,CUST.032 → FIN.001 → FIN.056 (linked by QF097 + QF094),QF097+QF094,0.65
CUST.041,FIN.055,linked_through,CUST.041 → FIN.001 → FIN.055 (linked by QF097 + QF094),QF097+QF094,0.65
CUST.041,FIN.056,linked_through,CUST.041 → FIN.001 → FIN.056 (linked by QF097 + QF094),QF097+QF094,0.65
CUST.047,FIN.055,linked_through,CUST.047 → FIN.001 → FIN.055 (linked by QF097 + QF094),QF097+QF094,0.65
CUST.047,FIN.056,linked_through,CUST.047 → FIN.001 → FIN.056 (linked by QF097 + QF094),QF097+QF094,0.65
CUST.032,FIN.006,linked_through,CUST.032 → FIN.001 → FIN.006 (linked by QF097 + QF095),QF097+QF095,0.65
CUST.032,CUST.019,linked_through,CUST.032 → FIN.001 → CUST.019 (linked by QF097 + QF095),QF097+QF095,0.65
CUST.032,CORP.037,linked_through,CUST.032 → FIN.001 → CORP.037 (linked by QF097 + QF095),QF097+QF095,0.65
CUST.041,FIN.006,linked_through,CUST.041 → FIN.001 → FIN.006 (linked by QF097 + QF095),QF097+QF095,0.65
CUST.041,CUST.019,linked_through,CUST.041 → FIN.001 → CUST.019 (linked by QF097 + QF095),QF097+QF095,0.65
CUST.041,CORP.037,linked_through,CUST.041 → FIN.001 → CORP.037 (linked by QF097 + QF095),QF097+QF095,0.65
FIN.056,FIN.006,linked_through,FIN.056 → FIN.001 → FIN.006 (linked by QF097 + QF095),QF097+QF095,0.65
FIN.056,CUST.019,linked_through,FIN.056 → FIN.001 → CUST.019 (linked by QF097 + QF095),QF097+QF095,0.65
CUST.047,FIN.006,linked_through,CUST.047 → FIN.001 → FIN.006 (linked by QF097 + QF095),QF097+QF095,0.65
CUST.047,CUST.019,linked_through,CUST.047 → FIN.001 → CUST.019 (linked by QF097 + QF095),QF097+QF095,0.65
CUST.047,CORP.037,linked_through,CUST.047 → FIN.001 → CORP.037 (linked by QF097 + QF095),QF097+QF095,0.65
FIN.055,FIN.006,linked_through,FIN.055 → FIN.001 → FIN.006 (linked by QF094 + QF095),QF094+QF095,0.65
FIN.055,CUST.019,linked_through,FIN.055 → FIN.001 → CUST.019 (linked by QF094 + QF095),QF094+QF095,0.65
CUST.025,CUST.019,linked_through,CUST.025 → FIN.001 → CUST.019 (linked by QF094 + QF095),QF094+QF095,0.65
BMOD.011,CUST.021,linked_through,BMOD.011 → FIN.006 → CUST.021 (linked by QF087 + QF090),QF087+QF090,0.65
BMOD.011,CUST.022,linked_through,BMOD.011 → FIN.006 → CUST.022 (linked by QF087 + QF090),QF087+QF090,0.65
BMOD.011,CUST.011,linked_through,BMOD.011 → FIN.006 → CUST.011 (linked by QF087 + QF090),QF087+QF090,0.65
PROD.005,CUST.021,linked_through,PROD.005 → FIN.006 → CUST.021 (linked by QF087 + QF090),QF087+QF090,0.65
PROD.005,CUST.022,linked_through,PROD.005 → FIN.006 → CUST.022 (linked by QF087 + QF090),QF087+QF090,0.65
PROD.005,CUST.011,linked_through,PROD.005 → FIN.006 → CUST.011 (linked by QF087 + QF090),QF087+QF090,0.65
PROD.011,CUST.021,linked_through,PROD.011 → FIN.006 → CUST.021 (linked by QF087 + QF090),QF087+QF090,0.65
PROD.011,CUST.022,linked_through,PROD.011 → FIN.006 → CUST.022 (linked by QF087 + QF090),QF087+QF090,0.65
PROD.011,CUST.011,linked_through,PROD.011 → FIN.006 → CUST.011 (linked by QF087 + QF090),QF087+QF090,0.65
BMOD.012,CUST.021,linked_through,BMOD.012 → FIN.006 → CUST.021 (linked by QF087 + QF090),QF087+QF090,0.65
BMOD.012,CUST.022,linked_through,BMOD.012 → FIN.006 → CUST.022 (linked by QF087 + QF090),QF087+QF090,0.65
BMOD.012,CUST.011,linked_through,BMOD.012 → FIN.006 → CUST.011 (linked by QF087 + QF090),QF087+QF090,0.65
BMOD.011,FIN.001,linked_through,BMOD.011 → FIN.006 → FIN.001 (linked by QF087 + QF095),QF087+QF095,0.65
BMOD.011,CUST.019,linked_through,BMOD.011 → FIN.006 → CUST.019 (linked by QF087 + QF095),QF087+QF095,0.65
BMOD.011,CORP.037,linked_through,BMOD.011 → FIN.006 → CORP.037 (linked by QF087 + QF095),QF087+QF095,0.65
PROD.005,FIN.001,linked_through,PROD.005 → FIN.006 → FIN.001 (linked by QF087 + QF095),QF087+QF095,0.65
PROD.005,CUST.019,linked_through,PROD.005 → FIN.006 → CUST.019 (linked by QF087 + QF095),QF087+QF095,0.65
PROD.005,CORP.037,linked_through,PROD.005 → FIN.006 → CORP.037 (linked by QF087 + QF095),QF087+QF095,0.65
PROD.011,FIN.001,linked_through,PROD.011 → FIN.006 → FIN.001 (linked by QF087 + QF095),QF087+QF095,0.65
PROD.011,CUST.019,linked_through,PROD.011 → FIN.006 → CUST.019 (linked by QF087 + QF095),QF087+QF095,0.65
PROD.011,CORP.037,linked_through,PROD.011 → FIN.006 → CORP.037 (linked by QF087 + QF095),QF087+QF095,0.65
BMOD.012,FIN.001,linked_through,BMOD.012 → FIN.006 → FIN.001 (linked by QF087 + QF095),QF087+QF095,0.65
BMOD.012,CUST.019,linked_through,BMOD.012 → FIN.006 → CUST.019 (linked by QF087 + QF095),QF087+QF095,0.65
BMOD.012,CORP.037,linked_through,BMOD.012 → FIN.006 → CORP.037 (linked by QF087 + QF095),QF087+QF095,0.65
CUST.021,CUST.019,linked_through,CUST.021 → FIN.006 → CUST.019 (linked by QF090 + QF095),QF090+QF095,0.65
CUST.021,CORP.037,linked_through,CUST.021 → FIN.006 → CORP.037 (linked by QF090 + QF095),QF090+QF095,0.65
CUST.011,FIN.001,linked_through,CUST.011 → FIN.006 → FIN.001 (linked by QF090 + QF095),QF090+QF095,0.65
CUST.011,CUST.019,linked_through,CUST.011 → FIN.006 → CUST.019 (linked by QF090 + QF095),QF090+QF095,0.65
CUST.011,CORP.037,linked_through,CUST.011 → FIN.006 → CORP.037 (linked by QF090 + QF095),QF090+QF095,0.65
FIN.006,CUST.030,linked_through,FIN.006 → CUST.011 → CUST.030 (linked by QF090 + QF092),QF090+QF092,0.65
FIN.006,CUST.015,linked_through,FIN.006 → CUST.011 → CUST.015 (linked by QF090 + QF092),QF090+QF092,0.65
CUST.022,CUST.030,linked_through,CUST.022 → CUST.011 → CUST.030 (linked by QF090 + QF092),QF090+QF092,0.65
CUST.022,CUST.015,linked_through,CUST.022 → CUST.011 → CUST.015 (linked by QF090 + QF092),QF090+QF092,0.65
CUST.022,CUST.013,linked_through,CUST.022 → CUST.011 → CUST.013 (linked by QF090 + QF092),QF090+QF092,0.65
CUST.021,CUST.030,linked_through,CUST.021 → CUST.011 → CUST.030 (linked by QF090 + QF092),QF090+QF092,0.65
CUST.021,CUST.015,linked_through,CUST.021 → CUST.011 → CUST.015 (linked by QF090 + QF092),QF090+QF092,0.65
CUST.021,CUST.013,linked_through,CUST.021 → CUST.011 → CUST.013 (linked by QF090 + QF092),QF090+QF092,0.65
CUST.021,CORP.036,linked_through,CUST.021 → CUST.011 → CORP.036 (linked by QF090 + QF089),QF090+QF089,0.65
CUST.030,CUST.019,linked_through,CUST.030 → CUST.011 → CUST.019 (linked by QF092 + QF089),QF092+QF089,0.65
CUST.030,CORP.036,linked_through,CUST.030 → CUST.011 → CORP.036 (linked by QF092 + QF089),QF092+QF089,0.65
CUST.030,CUST.013,linked_through,CUST.030 → CUST.011 → CUST.013 (linked by QF092 + QF089),QF092+QF089,0.65
CUST.015,CUST.019,linked_through,CUST.015 → CUST.011 → CUST.019 (linked by QF092 + QF089),QF092+QF089,0.65
CUST.015,CORP.036,linked_through,CUST.015 → CUST.011 → CORP.036 (linked by QF092 + QF089),QF092+QF089,0.65
CUST.015,CUST.013,linked_through,CUST.015 → CUST.011 → CUST.013 (linked by QF092 + QF089),QF092+QF089,0.65
CUST.013,CUST.019,linked_through,CUST.013 → CUST.011 → CUST.019 (linked by QF092 + QF089),QF092+QF089,0.65
CUST.013,CORP.036,linked_through,CUST.013 → CUST.011 → CORP.036 (linked by QF092 + QF089),QF092+QF089,0.65
CUST.013,CUST.013,linked_through,CUST.013 → CUST.011 → CUST.013 (linked by QF092 + QF089),QF092+QF089,0.65
CUST.030,CUST.011,linked_through,CUST.030 → CUST.013 → CUST.011 (linked by QF092 + QF089),QF092+QF089,0.65
CUST.015,CUST.011,linked_through,CUST.015 → CUST.013 → CUST.011 (linked by QF092 + QF089),QF092+QF089,0.65
CUST.011,CORP.036,linked_through,CUST.011 → CUST.013 → CORP.036 (linked by QF092 + QF089),QF092+QF089,0.65
CUST.011,CUST.011,linked_through,CUST.011 → CUST.013 → CUST.011 (linked by QF092 + QF089),QF092+QF089,0.65
FIN.056,FIN.030,linked_through,FIN.056 → FIN.034 → FIN.030 (linked by QF098 + QF099),QF098+QF099,0.65
FIN.035,FIN.030,linked_through,FIN.035 → FIN.034 → FIN.030 (linked by QF098 + QF099),QF098+QF099,0.65
